cv_fold	a	model	level	auprc	max_recall	recall@P99	recall@P95	recall@P90	tp_before_1st_global_fp
0	0.0	Xa	family	0.7687736725081912	0.9541629584556474	0.397699475003344	0.6214011660952568	0.6845583339643364	1124
0	0.0	Xa	fold	0.0130312179530523	0.8186606583905268	4.225292601512655e-05	4.225292601512655e-05	4.225292601512655e-05	1124
0	0.0	Xa	superfamily	0.3767241973203575	0.9038053622225204	0.0366011184503713	0.1271081279250658	0.1980736414991289	1124
0	0.0	Xa_cov70	family	0.7248178182458593	0.9541629584556496	0.3824561430896726	0.6097181434007174	0.6680026683408987	1102
0	0.0	Xa_cov70	fold	0.0188789709910694	0.8186606583906331	4.225292601512655e-05	4.225292601512655e-05	4.225292601512655e-05	1102
0	0.0	Xa_cov70	superfamily	0.3540923791342023	0.9038053622225092	0.0345729780016452	0.1201139780310549	0.1899440884341305	1102
0	0.0	Xa_ktcov	family	0.7785293400665594	0.9541629584556482	0.3977623978135147	0.6243241133638743	0.6990021114770129	1142
0	0.0	Xa_ktcov	fold	0.0161329890931052	0.8186606583905052	4.225292601512655e-05	4.225292601512655e-05	4.225292601512655e-05	1142
0	0.0	Xa_ktcov	superfamily	0.3922374114282648	0.9038053622225218	0.0364281628886016	0.1289026629287837	0.1960515854249279	1142
0	0.0	sym_max	family	0.7778429283301488	0.9541629584556476	0.3997367841277363	0.619644790889943	0.6925185451030648	1123
0	0.0	sym_max	fold	0.0155251324437684	0.8186606583905233	4.225292601512655e-05	4.225292601512655e-05	4.225292601512655e-05	1123
0	0.0	sym_max	superfamily	0.3916806605109897	0.9038053622225232	0.0367274626145129	0.1264672485309148	0.1968990950832524	1123
0	0.0	sym_mean	family	0.7813562676939119	0.954162958455648	0.4017427855353923	0.6209425874941723	0.6945129120948197	1136
0	0.0	sym_mean	fold	0.0171034424835096	0.818660658390532	4.225292601512655e-05	4.225292601512655e-05	4.225292601512655e-05	1136
0	0.0	sym_mean	superfamily	0.3974857234801173	0.9038053622225256	0.0365443446146797	0.1279922736316719	0.1951946451798991	1136
0	0.0	sym_min	family	0.7830636203310111	0.9541629584556478	0.4016670939550298	0.6247364685633754	0.69621608140664	1134
0	0.0	sym_min	fold	0.0181462443902531	0.8186606583905377	4.225292601512655e-05	4.225292601512655e-05	4.225292601512655e-05	1134
0	0.0	sym_min	superfamily	0.4003906476823909	0.9038053622225264	0.0365608160943127	0.130276067165833	0.1994736496769576	1134
1	0.0	Xa	family	0.8125613437010166	0.9614991793099306	0.5479321795124255	0.7049606012228996	0.7432310630710697	1820
1	0.0	Xa	fold	0.0218673731466381	0.8306613757832948	0.0001348860213119	0.0001348860213119	0.0001348860213119	1820
1	0.0	Xa	superfamily	0.4287752180644253	0.9184131139050392	0.1095389719670781	0.2197390110122587	0.2843079080856588	1820
1	0.0	Xa_cov70	family	0.7547313465043123	0.9614991793099302	0.5376245226787425	0.6854608145677907	0.7138123801558518	1799
1	0.0	Xa_cov70	fold	0.0276848334401668	0.8306613757831945	0.0001348860213119	0.0001348860213119	0.0001348860213119	1799
1	0.0	Xa_cov70	superfamily	0.4001967306614902	0.9184131139050378	0.105132740335846	0.2331245129912011	0.2883355906728217	1799
1	0.0	Xa_ktcov	family	0.8199974545162134	0.9614991793099306	0.5580273945046227	0.711947968848849	0.7511340991600656	1813
1	0.0	Xa_ktcov	fold	0.0262314239612324	0.8306613757832348	0.0001348860213119	0.0001348860213119	0.0001348860213119	1813
1	0.0	Xa_ktcov	superfamily	0.4439609375279957	0.9184131139050408	0.1025447458945274	0.2255194781586614	0.305022680432541	1813
1	0.0	sym_max	family	0.8215888359105007	0.96149917930993	0.5559890923250354	0.7158922840208295	0.7524274961612798	1824
1	0.0	sym_max	fold	0.0255877540087889	0.830661375783266	0.0001348860213119	0.0001348860213119	0.0001348860213119	1824
1	0.0	sym_max	superfamily	0.4462363809435807	0.9184131139050408	0.109944570928791	0.2189201877647342	0.3019880329207274	1824
1	0.0	sym_mean	family	0.8231646167854809	0.9614991793099305	0.5598269996930972	0.7166276978494303	0.7572726430487225	1829
1	0.0	sym_mean	fold	0.0275075346491579	0.830661375783271	0.0001348860213119	0.0001348860213119	0.0001348860213119	1829
1	0.0	sym_mean	superfamily	0.449973214245953	0.9184131139050432	0.1106548161006082	0.2188967510461738	0.3132075148855115	1829
1	0.0	sym_min	family	0.8228496181776221	0.9614991793099306	0.5583068057242035	0.7165441599898047	0.754913520866696	1832
1	0.0	sym_min	fold	0.0285284321930309	0.8306613757832709	0.0001348860213119	0.0001348860213119	0.0001348860213119	1832
1	0.0	sym_min	superfamily	0.4501871163602712	0.9184131139050452	0.1100817106484898	0.2284567446154179	0.3051548591116255	1832
2	0.0	Xa	family	0.7529275502220983	0.9536124700015932	0.4207595957247285	0.6121434627551873	0.6663214533626632	1002
2	0.0	Xa	fold	0.0171398410777163	0.8704769921228409	0.0	0.0	0.0	1002
2	0.0	Xa	superfamily	0.34464210975088	0.9271034943471383	0.0255733233994494	0.0831844492109667	0.1675579247790364	1002
2	0.0	Xa_cov70	family	0.7073091539235397	0.9536124700015992	0.4022204970278344	0.595555861205421	0.6502717988669278	985
2	0.0	Xa_cov70	fold	0.0250675475101518	0.8704769921227848	0.0	0.0	0.0	985
2	0.0	Xa_cov70	superfamily	0.3294767768265979	0.9271034943470996	0.0230783444041643	0.0777080762072305	0.1695483625682901	985
2	0.0	Xa_ktcov	family	0.7639893233265829	0.953612470001594	0.417622679736741	0.6168428808866948	0.6822309724352469	1010
2	0.0	Xa_ktcov	fold	0.0220023550271716	0.870476992122801	0.0	0.0	0.0	1010
2	0.0	Xa_ktcov	superfamily	0.3626312306272072	0.9271034943471372	0.0252722772318999	0.0820440526624674	0.1651275530772623	1010
2	0.0	sym_max	family	0.7632093718142589	0.9536124700015938	0.4167292039077195	0.6180898076889642	0.6775974626481128	999
2	0.0	sym_max	fold	0.0208243396944901	0.8704769921228124	0.0	0.0	0.0	999
2	0.0	sym_max	superfamily	0.3610002409039649	0.9271034943471363	0.0254748303432099	0.0820905321462285	0.16532119641197	999
2	0.0	sym_mean	family	0.7669901134780808	0.953612470001594	0.4223691997205576	0.6215686290817187	0.6812429717755667	1012
2	0.0	sym_mean	fold	0.0232109339138473	0.8704769921228236	0.0	0.0	0.0	1012
2	0.0	sym_mean	superfamily	0.3676332787517807	0.9271034943471348	0.0253193826066232	0.0919873373004212	0.1685966440600502	1012
2	0.0	sym_min	family	0.7683696747852006	0.953612470001594	0.4246958749991643	0.6212955200163998	0.6846823803085048	1008
2	0.0	sym_min	fold	0.0246369781107972	0.8704769921228293	0.0	0.0	0.0	1008
2	0.0	sym_min	superfamily	0.370224185346327	0.9271034943471322	0.0253293222728492	0.0896526344601238	0.1756247742083891	1008
3	0.0	Xa	family	0.7792008158894467	0.9498506766053396	0.4036508346521889	0.6317909700349708	0.6945780446664755	1395
3	0.0	Xa	fold	0.0160879689619545	0.8195665288485027	4.018323555412682e-05	4.018323555412682e-05	4.018323555412682e-05	1395
3	0.0	Xa	superfamily	0.3822786231539835	0.9028496086758864	0.0384062439799884	0.1222133940832589	0.1960069160246511	1395
3	0.0	Xa_cov70	family	0.7413225119669422	0.9498506766053436	0.3917425182341268	0.6212019079287475	0.6854099539631071	1372
3	0.0	Xa_cov70	fold	0.0239593269808193	0.8195665288484381	4.018323555412682e-05	4.018323555412682e-05	4.018323555412682e-05	1372
3	0.0	Xa_cov70	superfamily	0.3670841535025395	0.902849608675875	0.0362779023786499	0.1147868003702682	0.1945841409037763	1372
3	0.0	Xa_ktcov	family	0.7912121843368423	0.9498506766053392	0.4034171031597396	0.6375568099141203	0.7097644382044401	1416
3	0.0	Xa_ktcov	fold	0.0204744227514908	0.8195665288484618	4.018323555412682e-05	4.018323555412682e-05	4.018323555412682e-05	1416
3	0.0	Xa_ktcov	superfamily	0.4023420049911877	0.9028496086758876	0.0381013433473739	0.1245069683610664	0.1991835108699891	1416
3	0.0	sym_max	family	0.79094962093477	0.9498506766053396	0.406220450648974	0.6380388210930028	0.7062939170342086	1394
3	0.0	sym_max	fold	0.0198342362924688	0.8195665288484835	4.018323555412682e-05	4.018323555412682e-05	4.018323555412682e-05	1394
3	0.0	sym_max	superfamily	0.4023915967287491	0.9028496086758884	0.0383859823658238	0.1231534907460685	0.1919617969463828	1394
3	0.0	sym_mean	family	0.7950914196513399	0.9498506766053396	0.4078790196605412	0.6391735316423763	0.7088808137772135	1414
3	0.0	sym_mean	fold	0.022297642435179	0.8195665288484831	4.018323555412682e-05	4.018323555412682e-05	4.018323555412682e-05	1414
3	0.0	sym_mean	superfamily	0.4093948456691094	0.9028496086758898	0.0382682316252419	0.1261047757834786	0.1973128166726797	1414
3	0.0	sym_min	family	0.7967596688882376	0.9498506766053396	0.4080508604646012	0.638024116816011	0.7133231432868888	1408
3	0.0	sym_min	fold	0.0237236473652313	0.8195665288484885	4.018323555412682e-05	4.018323555412682e-05	4.018323555412682e-05	1408
3	0.0	sym_min	superfamily	0.4119920302404307	0.9028496086758896	0.0383080399588938	0.1259485636281577	0.2060635250928126	1408
4	0.0	Xa	family	0.7826142974716962	0.9546354697387864	0.4010807557734485	0.6284505437460133	0.6936850971175751	1479
4	0.0	Xa	fold	0.0239580341038065	0.8273859860138829	4.168577264579599e-05	4.168577264579599e-05	4.168577264579599e-05	1479
4	0.0	Xa	superfamily	0.3908118585665338	0.9096331114720309	0.0420284536664056	0.1236750709560303	0.2166618062801516	1479
4	0.0	Xa_cov70	family	0.7319796162058361	0.9546354697387888	0.3891252019999351	0.6291035060587729	0.6787973174255466	1456
4	0.0	Xa_cov70	fold	0.0304082365473134	0.8273859860139003	4.168577264579599e-05	4.168577264579599e-05	4.168577264579599e-05	1456
4	0.0	Xa_cov70	superfamily	0.3648127957592659	0.9096331114720364	0.0398205288220641	0.1170169918629067	0.2091055724932671	1456
4	0.0	Xa_ktcov	family	0.7902869495071848	0.9546354697387868	0.400034060676411	0.6488294430590217	0.7105695460327727	1497
4	0.0	Xa_ktcov	fold	0.028859405501142	0.8273859860138376	4.168577264579599e-05	4.168577264579599e-05	4.168577264579599e-05	1497
4	0.0	Xa_ktcov	superfamily	0.4038169777605699	0.909633111472033	0.0416959017612942	0.1257895058330056	0.2350946875926273	1497
4	0.0	sym_max	family	0.789108823519918	0.954635469738786	0.4044377373500726	0.6383522310271742	0.7023381521316173	1476
4	0.0	sym_max	fold	0.0271324746129733	0.82738598601386	4.168577264579599e-05	4.168577264579599e-05	4.168577264579599e-05	1476
4	0.0	sym_max	superfamily	0.4018895481590497	0.9096331114720324	0.0419911840412201	0.125804814808103	0.2231155083445752	1476
4	0.0	sym_mean	family	0.7932527435441903	0.954635469738786	0.4047486554135739	0.6461963395943807	0.7078075643636467	1491
4	0.0	sym_mean	fold	0.0303483150682463	0.827385986013863	4.168577264579599e-05	4.168577264579599e-05	4.168577264579599e-05	1491
4	0.0	sym_mean	superfamily	0.4092448603421107	0.9096331114720354	0.041885280734636	0.1248653158274869	0.2310642569152428	1491
4	0.0	sym_min	family	0.7940766193514188	0.9546354697387872	0.4057311211799798	0.6492088605570469	0.7147343249817858	1484
4	0.0	sym_min	fold	0.0319279077401723	0.8273859860138669	4.168577264579599e-05	4.168577264579599e-05	4.168577264579599e-05	1484
4	0.0	sym_min	superfamily	0.4109970401871971	0.9096331114720392	0.0418848918143501	0.1271532617423909	0.238259648649389	1484
0	0.1	Xa	family	0.7736860189014947	0.954162958455644	0.4273848407446677	0.6309954610528123	0.6928920718500304	1209
0	0.1	Xa	fold	0.0125233078297648	0.8186606583905321	4.225292601512655e-05	4.225292601512655e-05	4.225292601512655e-05	1209
0	0.1	Xa	superfamily	0.3798540750726661	0.9038053622225148	0.0558964543166126	0.1439896703429089	0.2093955648834372	1209
0	0.1	Xa_cov70	family	0.7312619766664643	0.954162958455646	0.43951412881126	0.6280588938029011	0.6786753658037818	1183
0	0.1	Xa_cov70	fold	0.0200866816216664	0.8186606583906337	4.225292601512655e-05	4.225292601512655e-05	4.225292601512655e-05	1183
0	0.1	Xa_cov70	superfamily	0.3628621427583473	0.9038053622225084	0.0433762610156681	0.1444464138373936	0.2022895034151152	1183
0	0.1	Xa_ktcov	family	0.7857959119761005	0.9541629584556448	0.4356579341434032	0.6458381608742519	0.7089605106895168	1202
0	0.1	Xa_ktcov	fold	0.0163220395074888	0.8186606583905127	4.225292601512655e-05	4.225292601512655e-05	4.225292601512655e-05	1202
0	0.1	Xa_ktcov	superfamily	0.399663853623138	0.9038053622225144	0.0556603437012742	0.1392178677324224	0.2184940917425739	1202
0	0.1	sym_max	family	0.7850331660606081	0.9541629584556448	0.4381029262035236	0.6464046517574364	0.7085469009771305	1208
0	0.1	sym_max	fold	0.0156529241757594	0.8186606583905298	4.225292601512655e-05	4.225292601512655e-05	4.225292601512655e-05	1208
0	0.1	sym_max	superfamily	0.3988560995863963	0.9038053622225164	0.056061306630857	0.141076921750378	0.2175253174107329	1208
0	0.1	sym_mean	family	0.7888035962599816	0.9541629584556448	0.4557815286556794	0.6491370066062344	0.7094343236184505	1214
0	0.1	sym_mean	fold	0.0174187032474157	0.8186606583905368	4.225292601512655e-05	4.225292601512655e-05	4.225292601512655e-05	1214
0	0.1	sym_mean	superfamily	0.4053646791373586	0.9038053622225196	0.0586908641049154	0.1402443642088955	0.2186755773570949	1214
0	0.1	sym_min	family	0.7906673898856508	0.9541629584556448	0.4563018438801619	0.648415536368563	0.712406732944998	1223
0	0.1	sym_min	fold	0.0186050211245529	0.8186606583905416	4.225292601512655e-05	4.225292601512655e-05	4.225292601512655e-05	1223
0	0.1	sym_min	superfamily	0.4086736737524302	0.9038053622225192	0.0593977901183208	0.1499901548341496	0.2245583870810511	1223
1	0.1	Xa	family	0.8147068042425125	0.9614991793099232	0.5589577254154072	0.707263249470912	0.7484865528751432	1966
1	0.1	Xa	fold	0.0192704037141639	0.8306613757833006	0.0001798480284159	0.0001798480284159	0.0004459919679559	1966
1	0.1	Xa	superfamily	0.4269346604979697	0.918413113905034	0.127969710218063	0.2311518807364187	0.281829257606237	1966
1	0.1	Xa_cov70	family	0.7579672281952919	0.9614991793099236	0.5784407586653327	0.6922452473729194	0.7183716190388023	1936
1	0.1	Xa_cov70	fold	0.026808429751923	0.8306613757831927	0.0001798480284159	0.0001798480284159	0.0004146548114894	1936
1	0.1	Xa_cov70	superfamily	0.4035631864457736	0.9184131139050372	0.1270311091116212	0.2301238881896327	0.292446553933163	1936
1	0.1	Xa_ktcov	family	0.8238329752705564	0.961499179309924	0.551739207946934	0.7253583546038367	0.7595800542015732	1937
1	0.1	Xa_ktcov	fold	0.0240860905763056	0.8306613757832425	0.0001348860213119	0.0001348860213119	0.0004459919679559	1937
1	0.1	Xa_ktcov	superfamily	0.4457820030139017	0.9184131139050336	0.1294393451381773	0.2382221422099503	0.3072106521098081	1937
1	0.1	sym_max	family	0.8251285679994291	0.961499179309924	0.5546214732198173	0.7229081870552274	0.7610925302581893	1946
1	0.1	sym_max	fold	0.0235118892041086	0.8306613757832693	0.0001348860213119	0.0001348860213119	0.0004773291244223	1946
1	0.1	sym_max	superfamily	0.4478722216672378	0.9184131139050346	0.1314646240043504	0.2375909323184089	0.3057987854664311	1946
1	0.1	sym_mean	family	0.8269920386684488	0.9614991793099236	0.5543733367563389	0.7276161339075584	0.7648066024253161	1931
1	0.1	sym_mean	fold	0.0254463761361757	0.8306613757832728	0.0001348860213119	0.0001348860213119	0.0005086662808887	1931
1	0.1	sym_mean	superfamily	0.4522775746799353	0.9184131139050372	0.1343958599146454	0.2396739440849366	0.3086610657780979	1931
1	0.1	sym_min	family	0.8269666407979821	0.9614991793099238	0.5545706209035475	0.7281009894179671	0.7663430155502938	1914
1	0.1	sym_min	fold	0.0265365025949464	0.8306613757832725	0.0001348860213119	0.0001348860213119	0.0005565829341738	1914
1	0.1	sym_min	superfamily	0.4530325695583456	0.918413113905037	0.1347170833204619	0.2412496398025876	0.3070649874448204	1914
2	0.1	Xa	family	0.7544046179937798	0.9536124700015904	0.4441421691777379	0.6168834325003789	0.6705708821341436	1104
2	0.1	Xa	fold	0.0149851491838095	0.8704769921228372	0.0	0.0	0.0	1104
2	0.1	Xa	superfamily	0.3411611602410737	0.9271034943471398	0.0320674296352925	0.0906646450325516	0.1681441591994507	1104
2	0.1	Xa_cov70	family	0.7119239345809676	0.9536124700015972	0.4514486518197533	0.6106400399377208	0.6519101519649387	1084
2	0.1	Xa_cov70	fold	0.0246236604398453	0.8704769921227854	0.0	0.0	0.0	1084
2	0.1	Xa_cov70	superfamily	0.3337373714481519	0.9271034943471006	0.029345520497278	0.1066233780290442	0.1731195639660445	1084
2	0.1	Xa_ktcov	family	0.7681687040129097	0.95361247000159	0.4485593693414492	0.6255161500836232	0.6848263820150323	1099
2	0.1	Xa_ktcov	fold	0.02050968082539	0.8704769921228004	0.0	0.0	0.0	1099
2	0.1	Xa_ktcov	superfamily	0.3642187658894407	0.9271034943471368	0.0316322730150437	0.1003271053886751	0.1717535252478281	1099
2	0.1	sym_max	family	0.7672514246471096	0.9536124700015906	0.4487217400928779	0.6252165138646733	0.6809545687037745	1108
2	0.1	sym_max	fold	0.0194349764879822	0.8704769921228113	0.0	0.0	0.0	1108
2	0.1	sym_max	superfamily	0.3623463700164579	0.9271034943471388	0.0296302533184525	0.0944202767038022	0.1754995894074023	1108
2	0.1	sym_mean	family	0.7712793198278494	0.9536124700015908	0.4587096497060104	0.626715486388583	0.6861186119049923	1107
2	0.1	sym_mean	fold	0.0218494095148058	0.8704769921228213	0.0	0.0	0.0	1107
2	0.1	sym_mean	superfamily	0.3695053143762027	0.9271034943471368	0.0302475133164407	0.0980974689475827	0.1876744093261877	1107
2	0.1	sym_min	family	0.7728652500899454	0.9536124700015912	0.4647933589856958	0.6286631376519167	0.6875082002415118	1113
2	0.1	sym_min	fold	0.0233454791989953	0.8704769921228297	0.0	0.0	0.0	1113
2	0.1	sym_min	superfamily	0.3725451990767345	0.9271034943471336	0.0310688718953133	0.1086718653701458	0.1913014519563055	1113
3	0.1	Xa	family	0.7824426416543743	0.9498506766053356	0.4328597834491264	0.6382817963723744	0.6998802363928104	1498
3	0.1	Xa	fold	0.0144556075499525	0.8195665288485093	4.018323555412682e-05	4.018323555412682e-05	4.018323555412682e-05	1498
3	0.1	Xa	superfamily	0.3812221095407306	0.9028496086758832	0.0591462388834597	0.1367792422512326	0.2039071539626657	1498
3	0.1	Xa_cov70	family	0.7461992104053239	0.9498506766053384	0.4474856230942315	0.6397197184170879	0.6919230438291654	1472
3	0.1	Xa_cov70	fold	0.0241253417367124	0.8195665288484362	4.018323555412682e-05	4.018323555412682e-05	4.018323555412682e-05	1472
3	0.1	Xa_cov70	superfamily	0.3724533026299871	0.9028496086758728	0.052116304781574	0.1380865173951505	0.2008076271568139	1472
3	0.1	Xa_ktcov	family	0.7963081487173985	0.9498506766053356	0.439381104157551	0.6484354689965767	0.7178564993486649	1487
3	0.1	Xa_ktcov	fold	0.0193390136331305	0.8195665288484656	4.018323555412682e-05	4.018323555412682e-05	4.018323555412682e-05	1487
3	0.1	Xa_ktcov	superfamily	0.4051443193946956	0.9028496086758832	0.0596637484331721	0.1321318625159458	0.2184577385533328	1487
3	0.1	sym_max	family	0.795982488516872	0.9498506766053356	0.4428841949188991	0.6480001563833907	0.7156625682890939	1496
3	0.1	sym_max	fold	0.01875967813719	0.819566528848487	4.018323555412682e-05	4.018323555412682e-05	4.018323555412682e-05	1496
3	0.1	sym_max	superfamily	0.4051022778360918	0.9028496086758848	0.0579085619615592	0.1350753177600934	0.2117196416060122	1496
3	0.1	sym_mean	family	0.8000648646604723	0.9498506766053352	0.4584423850267992	0.6512365410060967	0.7175258397947818	1499
3	0.1	sym_mean	fold	0.021174233485146	0.8195665288484875	4.018323555412682e-05	4.018323555412682e-05	4.018323555412682e-05	1499
3	0.1	sym_mean	superfamily	0.4122667574765482	0.9028496086758856	0.0597343896670822	0.13547089054495	0.2139365751109919	1499
3	0.1	sym_min	family	0.8018457261876077	0.9498506766053352	0.4625141783437099	0.6504113909380578	0.7219281425878521	1513
3	0.1	sym_min	fold	0.0226099780689019	0.819566528848492	4.018323555412682e-05	4.018323555412682e-05	4.018323555412682e-05	1513
3	0.1	sym_min	superfamily	0.4151762122671084	0.9028496086758848	0.0598651905812079	0.1430959125752826	0.2163162199353706	1513
4	0.1	Xa	family	0.7869099555997628	0.9546354697387792	0.4568923728025127	0.6423843003826919	0.6998982353050635	1563
4	0.1	Xa	fold	0.0216485774818938	0.8273859860138809	4.168577264579599e-05	4.168577264579599e-05	4.168577264579599e-05	1563
4	0.1	Xa	superfamily	0.3914042627537183	0.9096331114720246	0.0634475137524561	0.1500348101184794	0.2213051411066701	1563
4	0.1	Xa_cov70	family	0.7377970450468785	0.954635469738783	0.4452486414129938	0.6419137922735646	0.6861985402594019	1535
4	0.1	Xa_cov70	fold	0.0306638453482744	0.8273859860138979	4.168577264579599e-05	4.168577264579599e-05	4.168577264579599e-05	1535
4	0.1	Xa_cov70	superfamily	0.3711175629375604	0.9096331114720364	0.0570315935590232	0.1355760679880828	0.2332234456466295	1535
4	0.1	Xa_ktcov	family	0.7971748437430934	0.954635469738781	0.4644001775440914	0.6609281113917298	0.7221807156655454	1552
4	0.1	Xa_ktcov	fold	0.0278442903476542	0.8273859860138434	4.168577264579599e-05	4.168577264579599e-05	4.168577264579599e-05	1552
4	0.1	Xa_ktcov	superfamily	0.4101050876739592	0.9096331114720266	0.0638876012392326	0.156000532363597	0.2350555077123728	1552
4	0.1	sym_max	family	0.795583925580994	0.9546354697387804	0.4526640327951555	0.6491915760531956	0.7139469039660651	1559
4	0.1	sym_max	fold	0.0259465287562492	0.8273859860138645	4.168577264579599e-05	4.168577264579599e-05	4.168577264579599e-05	1559
4	0.1	sym_max	superfamily	0.4068070548365598	0.9096331114720272	0.0626337353018071	0.1460063273765353	0.228488125881668	1559
4	0.1	sym_mean	family	0.8000322347953104	0.9546354697387808	0.4573359599051012	0.6625903016732289	0.7213651730956573	1564
4	0.1	sym_mean	fold	0.029365128679715	0.8273859860138686	4.168577264579599e-05	4.168577264579599e-05	4.168577264579599e-05	1564
4	0.1	sym_mean	superfamily	0.4152980734777408	0.909633111472031	0.0639168640700659	0.1450160688429637	0.2307163185019532	1564
4	0.1	sym_min	family	0.8012576742749473	0.9546354697387812	0.4597413365340645	0.664583085871331	0.727056517909053	1575
4	0.1	sym_min	fold	0.0311963510759612	0.827385986013869	4.168577264579599e-05	4.168577264579599e-05	4.168577264579599e-05	1575
4	0.1	sym_min	superfamily	0.4180679797272124	0.9096331114720332	0.0656079712309066	0.1445976318248117	0.2355786015301822	1575
0	0.2	Xa	family	0.7769188280478305	0.9541629584556414	0.4596206350572137	0.6444565760825708	0.6978100577731391	1285
0	0.2	Xa	fold	0.0118651332006594	0.8186606583905363	4.225292601512655e-05	4.225292601512655e-05	4.225292601512655e-05	1285
0	0.2	Xa	superfamily	0.3803361688951454	0.9038053622225068	0.0642439887275864	0.1616109348871102	0.2171471948927749	1285
0	0.2	Xa_cov70	family	0.7366005938771831	0.9541629584556436	0.474880026570107	0.6455553507592164	0.6856285217825815	1257
0	0.2	Xa_cov70	fold	0.0212613458273965	0.8186606583906331	4.225292601512655e-05	4.225292601512655e-05	4.225292601512655e-05	1257
0	0.2	Xa_cov70	superfamily	0.370269619189982	0.9038053622225076	0.0595398080376245	0.1566239913620875	0.2241695173945823	1257
0	0.2	Xa_ktcov	family	0.7911671995749131	0.954162958455642	0.4507722175930874	0.6655028237224271	0.7170956484346074	1270
0	0.2	Xa_ktcov	fold	0.0163977305898154	0.8186606583905188	4.225292601512655e-05	4.225292601512655e-05	4.225292601512655e-05	1270
0	0.2	Xa_ktcov	superfamily	0.4048238078465743	0.9038053622225082	0.0669877492693912	0.1566804610747061	0.2293103395556627	1270
0	0.2	sym_max	family	0.7905046867760623	0.9541629584556424	0.4472563613705163	0.6591556304633555	0.7145187933859691	1292
0	0.2	sym_max	fold	0.0156486842400703	0.8186606583905353	4.225292601512655e-05	4.225292601512655e-05	4.225292601512655e-05	1292
0	0.2	sym_max	superfamily	0.403950946299697	0.903805362222511	0.0649230760653914	0.1483304802552027	0.2307280917093152	1292
0	0.2	sym_mean	family	0.7946096323013335	0.9541629584556428	0.4657563345140552	0.6646070630091039	0.7205417641696319	1320
0	0.2	sym_mean	fold	0.0176772851643378	0.818660658390543	4.225292601512655e-05	4.225292601512655e-05	4.225292601512655e-05	1320
0	0.2	sym_mean	superfamily	0.4112927032710676	0.903805362222512	0.066613802087245	0.1531674295256806	0.2334884270386516	1320
0	0.2	sym_min	family	0.796564265050322	0.9541629584556426	0.4837616643606606	0.6662846658564543	0.7242767392024699	1352
0	0.2	sym_min	fold	0.0190122878559417	0.8186606583905437	4.225292601512655e-05	4.225292601512655e-05	4.225292601512655e-05	1352
0	0.2	sym_min	superfamily	0.4149246676551607	0.9038053622225124	0.0691839910676425	0.1576042857836293	0.2380940271737416	1352
1	0.2	Xa	family	0.8152106656846441	0.9614991793099176	0.557167477776936	0.7096418293352266	0.7488624622360076	2165
1	0.2	Xa	fold	0.0167432480796663	0.830661375783302	0.0001798480284159	0.0001798480284159	0.0005321691482385	2165
1	0.2	Xa	superfamily	0.4225887203909377	0.9184131139050226	0.1171448607599122	0.2319570586093674	0.2815041292415373	2165
1	0.2	Xa_cov70	family	0.7602843111575868	0.9614991793099196	0.5900919292841839	0.6955652257628874	0.7211391900734956	2120
1	0.2	Xa_cov70	fold	0.0257468507702286	0.8306613757831913	0.0001798480284159	0.0001798480284159	0.0005008319917721	2120
1	0.2	Xa_cov70	superfamily	0.4053642959203772	0.9184131139050374	0.1447702919318328	0.2310237448482802	0.2940469629190536	2120
1	0.2	Xa_ktcov	family	0.8258710538147591	0.961499179309919	0.557046074249658	0.7321831238601313	0.7625601339618706	2144
1	0.2	Xa_ktcov	fold	0.0219920450951422	0.8306613757832422	0.0001798480284159	0.0001798480284159	0.0005280458381771	2144
1	0.2	Xa_ktcov	superfamily	0.4454558621080403	0.9184131139050262	0.1193697673401982	0.2393712570302786	0.304286693201271	2144
1	0.2	sym_max	family	0.8270656291647228	0.9614991793099188	0.5533714715319604	0.728545073605645	0.7672739806055661	2117
1	0.2	sym_max	fold	0.0215015644066584	0.8306613757832704	0.0001348860213119	0.0001348860213119	0.00059072015111	2117
1	0.2	sym_max	superfamily	0.4476336089594991	0.9184131139050288	0.1222023330148921	0.2312081174285426	0.3005391468788069	2117
1	0.2	sym_mean	family	0.8292687866273527	0.9614991793099188	0.5588182879423571	0.7299359261840288	0.7655666628458979	2112
1	0.2	sym_mean	fold	0.0234809068385935	0.8306613757832721	0.0001348860213119	0.0001348860213119	0.0006835988114991	2112
1	0.2	sym_mean	superfamily	0.4526450105777382	0.9184131139050308	0.1326994952437047	0.2321606398368563	0.3052088965010037	2112
1	0.2	sym_min	family	0.8294966116804119	0.961499179309919	0.562811306301762	0.734953869961615	0.766609893662284	2109
1	0.2	sym_min	fold	0.0245772877158095	0.8306613757832716	0.0001348860213119	0.0001348860213119	0.0006865534576802	2109
1	0.2	sym_min	superfamily	0.4537680828717439	0.9184131139050308	0.1431225486403961	0.2336715149908134	0.3068117227216112	2109
2	0.2	Xa	family	0.754205119136998	0.953612470001587	0.4704760584485919	0.6137590020437715	0.6676798638493918	1215
2	0.2	Xa	fold	0.0131282147789655	0.8704769921228374	0.0	0.0	0.0	1215
2	0.2	Xa	superfamily	0.3355652270314174	0.9271034943471412	0.0430524889554416	0.108140814628776	0.1699856200649745	1215
2	0.2	Xa_cov70	family	0.7154510212410946	0.9536124700015948	0.4838417490397382	0.6216692103596371	0.6542784062459779	1188
2	0.2	Xa_cov70	fold	0.0242735299021561	0.8704769921227876	0.0	0.0	0.0	1188
2	0.2	Xa_cov70	superfamily	0.3368353371193515	0.9271034943471014	0.0401047276630809	0.1147849248815988	0.1702960781766142	1188
2	0.2	Xa_ktcov	family	0.7705093329147881	0.9536124700015872	0.472369526774598	0.635038466989852	0.6890703867569303	1198
2	0.2	Xa_ktcov	fold	0.0190416121451133	0.8704769921228058	0.0	0.0	0.0	1198
2	0.2	Xa_ktcov	superfamily	0.3635312593101374	0.9271034943471383	0.0423688728596405	0.1102146071188564	0.1772604088300026	1198
2	0.2	sym_max	family	0.7697425831079729	0.953612470001587	0.4793646384684391	0.63259604606242	0.6819005058216561	1222
2	0.2	sym_max	fold	0.0181171522464075	0.8704769921228127	0.0	0.0	0.0	1222
2	0.2	sym_max	superfamily	0.3617927016872183	0.9271034943471376	0.038569314829297	0.1084527471897725	0.1776673631186769	1222
2	0.2	sym_mean	family	0.7739976334380413	0.9536124700015878	0.48633414134472	0.637029956830768	0.6881614588621802	1242
2	0.2	sym_mean	fold	0.0205665473912575	0.8704769921228216	0.0	0.0	0.0	1242
2	0.2	sym_mean	superfamily	0.3693804734423152	0.927103494347136	0.0403737736160054	0.1138495083101458	0.1786636123098685	1242
2	0.2	sym_min	family	0.775739844157027	0.953612470001588	0.4849765556048172	0.6406664147117994	0.6901251307968038	1265
2	0.2	sym_min	fold	0.0220706281493151	0.8704769921228267	0.0	0.0	0.0	1265
2	0.2	sym_min	superfamily	0.3726242433127292	0.9271034943471343	0.0419849871430689	0.1174452097486452	0.183440979154722	1265
3	0.2	Xa	family	0.7838791582269096	0.9498506766053326	0.4716991902927437	0.638476423248988	0.6993307373434231	1578
3	0.2	Xa	fold	0.0128447040954463	0.8195665288485185	4.018323555412682e-05	4.018323555412682e-05	4.018323555412682e-05	1578
3	0.2	Xa	superfamily	0.3776093805129334	0.902849608675877	0.0627786317417978	0.1504994876348957	0.2046206117517852	1578
3	0.2	Xa_cov70	family	0.7500483529114166	0.9498506766053362	0.4925500040171107	0.6539619324964281	0.6939161441588717	1545
3	0.2	Xa_cov70	fold	0.0242105654923632	0.8195665288484373	4.018323555412682e-05	4.018323555412682e-05	4.018323555412682e-05	1545
3	0.2	Xa_cov70	superfamily	0.3764580996326152	0.9028496086758724	0.0580424334271625	0.1474719380020479	0.2138853041123581	1545
3	0.2	Xa_ktcov	family	0.7995083485570343	0.9498506766053328	0.4731391133176018	0.6659010448354773	0.7207787890637073	1562
3	0.2	Xa_ktcov	fold	0.0181228520598553	0.81956652884847	4.018323555412682e-05	4.018323555412682e-05	4.018323555412682e-05	1562
3	0.2	Xa_ktcov	superfamily	0.4056068987550805	0.9028496086758778	0.0665859166531181	0.1462254582504092	0.2157843411761555	1562
3	0.2	sym_max	family	0.7993282572345713	0.9498506766053328	0.4627353550119522	0.6569550858931646	0.7194096154558526	1584
3	0.2	sym_max	fold	0.0176287703523944	0.8195665288484868	4.018323555412682e-05	4.018323555412682e-05	4.018323555412682e-05	1584
3	0.2	sym_max	superfamily	0.4058019874203034	0.9028496086758788	0.0633281000674167	0.1393593078964401	0.2103909795398334	1584
3	0.2	sym_mean	family	0.803489779377531	0.9498506766053328	0.4695034760372548	0.6611129114266556	0.7265090997506162	1619
3	0.2	sym_mean	fold	0.0199980486724502	0.8195665288484891	4.018323555412682e-05	4.018323555412682e-05	4.018323555412682e-05	1619
3	0.2	sym_mean	superfamily	0.4130879652305981	0.9028496086758808	0.0664976785895501	0.1426448297507005	0.2217019067112869	1619
3	0.2	sym_min	family	0.8053388769004566	0.9498506766053334	0.4903005290193158	0.6647966544305517	0.7293022852617641	1650
3	0.2	sym_min	fold	0.0214111942191715	0.8195665288484946	4.018323555412682e-05	4.018323555412682e-05	4.018323555412682e-05	1650
3	0.2	sym_min	superfamily	0.4160730413219085	0.9028496086758796	0.0671010638454015	0.1472916146884945	0.2237768215140359	1650
4	0.2	Xa	family	0.7888239133425806	0.9546354697387754	0.4917053166131681	0.6503754105995068	0.702804031342812	1640
4	0.2	Xa	fold	0.0192156074343036	0.8273859860138879	4.168577264579599e-05	4.168577264579599e-05	4.168577264579599e-05	1640
4	0.2	Xa	superfamily	0.38855121047079	0.9096331114720192	0.0698191437615791	0.1776203831767898	0.2147746542084128	1640
4	0.2	Xa_cov70	family	0.7424024917863513	0.9546354697387786	0.4761245190405438	0.6523636423269242	0.6912977514399198	1605
4	0.2	Xa_cov70	fold	0.0309086651451533	0.8273859860138981	4.168577264579599e-05	4.168577264579599e-05	4.168577264579599e-05	1605
4	0.2	Xa_cov70	superfamily	0.3761580142076546	0.9096331114720344	0.0635682717207372	0.1629507324960805	0.2445980349846106	1605
4	0.2	Xa_ktcov	family	0.8018279947407223	0.9546354697387752	0.4896991695598566	0.6751462063911378	0.7246914214400003	1622
4	0.2	Xa_ktcov	fold	0.0265078232004198	0.8273859860138469	4.168577264579599e-05	4.168577264579599e-05	4.168577264579599e-05	1622
4	0.2	Xa_ktcov	superfamily	0.4133380547676671	0.909633111472021	0.072322015305132	0.1840999924809281	0.2410420492915152	1622
4	0.2	sym_max	family	0.7999455342780587	0.9546354697387754	0.4885543630041528	0.6630936194565104	0.7168631961147621	1645
4	0.2	sym_max	fold	0.0245344234027999	0.8273859860138677	4.168577264579599e-05	4.168577264579599e-05	4.168577264579599e-05	1645
4	0.2	sym_max	superfamily	0.4090732789769471	0.9096331114720216	0.0709541318199017	0.1712164545388374	0.2253737031740637	1645
4	0.2	sym_mean	family	0.8048025075514325	0.954635469738776	0.4909159632654109	0.6718430335597909	0.7227344426669361	1669
4	0.2	sym_mean	fold	0.0281254598535598	0.8273859860138707	4.168577264579599e-05	4.168577264579599e-05	4.168577264579599e-05	1669
4	0.2	sym_mean	superfamily	0.418748942705623	0.9096331114720236	0.072388603247914	0.1755584477745561	0.2373315433800703	1669
4	0.2	sym_min	family	0.8063580689417662	0.954635469738776	0.4918507767461955	0.6750667383942082	0.7267323708081823	1698
4	0.2	sym_min	fold	0.0301459230274814	0.8273859860138714	4.168577264579599e-05	4.168577264579599e-05	4.168577264579599e-05	1698
4	0.2	sym_min	superfamily	0.4223951273640501	0.9096331114720264	0.0745181012232357	0.1787509073972297	0.2430855074532255	1698
0	0.3	Xa	family	0.7776287408756503	0.9541629584556386	0.4935648224896933	0.6544727063317513	0.6976870007907817	1466
0	0.3	Xa	fold	0.0108538313058474	0.8186606583905426	4.225292601512655e-05	4.225292601512655e-05	4.225292601512655e-05	1466
0	0.3	Xa	superfamily	0.377041355196362	0.9038053622225009	0.0832900475147788	0.1611917247114948	0.2282265053225117	1466
0	0.3	Xa_cov70	family	0.7407147241456291	0.9541629584556416	0.4994663662742271	0.6556145186986577	0.695409973416317	1424
0	0.3	Xa_cov70	fold	0.0223449668787343	0.8186606583906336	4.225292601512655e-05	4.225292601512655e-05	4.225292601512655e-05	1424
0	0.3	Xa_cov70	superfamily	0.376139109496698	0.9038053622225076	0.0775828714828448	0.1766111213122035	0.2373059923413364	1424
0	0.3	Xa_ktcov	family	0.7947282194618425	0.95416295845564	0.4933681478040916	0.6782958515765521	0.7226707254460224	1442
0	0.3	Xa_ktcov	fold	0.0162711415001836	0.8186606583905217	4.225292601512655e-05	4.225292601512655e-05	4.225292601512655e-05	1442
0	0.3	Xa_ktcov	superfamily	0.407660414184404	0.9038053622225036	0.0818366291983643	0.1596707045562911	0.2444374430092886	1442
0	0.3	sym_max	family	0.7943335964867011	0.95416295845564	0.4858844531175944	0.6684559175087416	0.7195715777317965	1464
0	0.3	sym_max	fold	0.015529017439405	0.8186606583905405	4.225292601512655e-05	4.225292601512655e-05	4.225292601512655e-05	1464
0	0.3	sym_max	superfamily	0.4069688607698518	0.9038053622225072	0.0784947773750062	0.1577850200647748	0.2429079672894557	1464
0	0.3	sym_mean	family	0.7988727428250083	0.9541629584556393	0.5025280591834809	0.6804190123367699	0.7233930049835748	1521
0	0.3	sym_mean	fold	0.0177942720316494	0.8186606583905478	4.225292601512655e-05	4.225292601512655e-05	4.225292601512655e-05	1521
0	0.3	sym_mean	superfamily	0.4151146394949661	0.9038053622225074	0.0830306007503409	0.1692730024084748	0.2406490187445551	1521
0	0.3	sym_min	family	0.8008583285047471	0.9541629584556396	0.5145652025198599	0.6795149328923408	0.7291849688060302	1571
0	0.3	sym_min	fold	0.0192415057307657	0.8186606583905492	4.225292601512655e-05	4.225292601512655e-05	4.225292601512655e-05	1571
0	0.3	sym_min	superfamily	0.4189304932523384	0.9038053622225076	0.0838899742944384	0.1814634795983662	0.2426358180134505	1571
1	0.3	Xa	family	0.8132360236496265	0.9614991793099124	0.5755391436829972	0.7069612935734935	0.7477096678625575	2553
1	0.3	Xa	fold	0.0141782680144237	0.8306613757833017	0.0002033508957658	0.0002033508957658	0.0004967086817107	2553
1	0.3	Xa	superfamily	0.4145527271407759	0.918413113905015	0.1128278815354818	0.2306864940656708	0.2758261319999755	2553
1	0.3	Xa_cov70	family	0.7616803884205796	0.9614991793099136	0.5946823437767249	0.6964142553879752	0.7230503715077763	2474
1	0.3	Xa_cov70	fold	0.0247770883846713	0.8306613757831908	0.0002033508957658	0.0002033508957658	0.0004653715252443	2474
1	0.3	Xa_cov70	superfamily	0.4057203946476463	0.9184131139050375	0.1513902623523957	0.2350898948170278	0.2916207244507703	2474
1	0.3	Xa_ktcov	family	0.8262994524529584	0.961499179309914	0.5679211043174719	0.7329033208583282	0.7625206087964362	2507
1	0.3	Xa_ktcov	fold	0.0199491416680304	0.8306613757832408	0.0001798480284159	0.0001798480284159	0.0004967086817107	2507
1	0.3	Xa_ktcov	superfamily	0.4428555347587746	0.9184131139050212	0.1136603850690578	0.2505941302254005	0.2980934208589805	2507
1	0.3	sym_max	family	0.8275944012440362	0.9614991793099136	0.5552843193797913	0.7289897676492801	0.7681756482728328	2410
1	0.3	sym_max	fold	0.0195306444650909	0.8306613757832679	8.992401420799424e-05	8.992401420799424e-05	8.992401420799424e-05	2410
1	0.3	sym_max	superfamily	0.4453691169921742	0.918413113905023	0.1164433425796849	0.23935282192379	0.2986706995672012	2410
1	0.3	sym_mean	family	0.830178181558607	0.9614991793099136	0.5768882839284485	0.7316159563197063	0.7700625561788195	2426
1	0.3	sym_mean	fold	0.0215607151605573	0.8306613757832745	0.0001348860213119	0.0001348860213119	0.0004517466746067	2426
1	0.3	sym_mean	superfamily	0.4510609728547111	0.9184131139050236	0.1245521979985219	0.2402267943331382	0.2992331315955998	2426
1	0.3	sym_min	family	0.8305065238149805	0.9614991793099136	0.5957187634800644	0.7346032307010579	0.7701192400428956	2437
1	0.3	sym_min	fold	0.0226573527329296	0.8306613757832686	0.0001348860213119	0.0001348860213119	0.0004517466746067	2437
1	0.3	sym_min	superfamily	0.4522464434678546	0.9184131139050256	0.133297510998788	0.2413866755089436	0.3042160303490825	2437
2	0.3	Xa	family	0.7513381623890275	0.9536124700015844	0.4775086474011957	0.6190120226325403	0.6616102900142584	1405
2	0.3	Xa	fold	0.0112372323470531	0.8704769921228347	0.0	0.0	0.0	1405
2	0.3	Xa	superfamily	0.3264561390955391	0.9271034943471436	0.0576808900129249	0.117698261328277	0.1700993131262939	1405
2	0.3	Xa_cov70	family	0.7178217661937274	0.9536124700015932	0.4803661628870718	0.6235946174067118	0.6543836264827666	1366
2	0.3	Xa_cov70	fold	0.0239734334774578	0.8704769921227888	0.0	0.0	0.0	1366
2	0.3	Xa_cov70	superfamily	0.3384649819908599	0.927103494347102	0.0534891385892052	0.127705369193408	0.1819708203655712	1366
2	0.3	Xa_ktcov	family	0.7710098114807973	0.9536124700015848	0.4926466710081489	0.6411442591171365	0.6861756557596836	1386
2	0.3	Xa_ktcov	fold	0.0176494829850889	0.8704769921228044	0.0	0.0	0.0	1386
2	0.3	Xa_ktcov	superfamily	0.3605584935395179	0.9271034943471388	0.0566113609806186	0.1135204520455524	0.180806933130579	1386
2	0.3	sym_max	family	0.7706149687903989	0.9536124700015844	0.4800783214650442	0.6349027962510174	0.6806217709832326	1412
2	0.3	sym_max	fold	0.0169194634078952	0.870476992122811	0.0	0.0	0.0	1412
2	0.3	sym_max	superfamily	0.3593198098091367	0.9271034943471392	0.0462757720080878	0.1123020747616752	0.1796658701621333	1412
2	0.3	sym_mean	family	0.7752084709125189	0.953612470001584	0.4898285334348726	0.6344783190411367	0.6892580275770315	1450
2	0.3	sym_mean	fold	0.0193685262862652	0.87047699212282	0.0	0.0	0.0	1450
2	0.3	sym_mean	superfamily	0.367238353233398	0.927103494347138	0.048670504986892	0.1134414611315034	0.1830776501668634	1450
2	0.3	sym_min	family	0.7769457971028441	0.953612470001584	0.4956787430082075	0.6409964354763912	0.691619266360329	1496
2	0.3	sym_min	fold	0.0208605918019425	0.8704769921228229	0.0	0.0	0.0	1496
2	0.3	sym_min	superfamily	0.370346267589708	0.927103494347136	0.0557260457733225	0.1115754683099261	0.1856215828865356	1496
3	0.3	Xa	family	0.7825962621400124	0.9498506766053304	0.5054459699791505	0.6436996227478597	0.6968620004684681	1766
3	0.3	Xa	fold	0.0110474356089429	0.819566528848522	4.018323555412682e-05	4.018323555412682e-05	4.018323555412682e-05	1766
3	0.3	Xa	superfamily	0.3702864916656866	0.9028496086758684	0.0777682381489192	0.1458996599558849	0.2051099306911206	1766
3	0.3	Xa_cov70	family	0.7527473886185936	0.9498506766053334	0.5020684311821212	0.661794017049604	0.7009919400821664	1718
3	0.3	Xa_cov70	fold	0.0241533758983236	0.8195665288484396	4.018323555412682e-05	4.018323555412682e-05	4.018323555412682e-05	1718
3	0.3	Xa_cov70	superfamily	0.3790262860033959	0.9028496086758712	0.0720388986902761	0.1654276438613452	0.2283014262813829	1718
3	0.3	Xa_ktcov	family	0.8009074862577862	0.94985067660533	0.5040718993742007	0.6696036890900353	0.7206856718679399	1745
3	0.3	Xa_ktcov	fold	0.0168569317450601	0.8195665288484727	4.018323555412682e-05	4.018323555412682e-05	4.018323555412682e-05	1745
3	0.3	Xa_ktcov	superfamily	0.4037023821932599	0.9028496086758708	0.076298075858428	0.1460850385500839	0.224963592845283	1745
3	0.3	sym_max	family	0.8010168780038792	0.94985067660533	0.4894424733083271	0.6623727911385273	0.7219095186723891	1775
3	0.3	sym_max	fold	0.01644993286101	0.8195665288484905	4.018323555412682e-05	4.018323555412682e-05	4.018323555412682e-05	1775
3	0.3	sym_max	superfamily	0.4043780633666888	0.902849608675873	0.0726664873267631	0.1447169821712273	0.2134323734543563	1775
3	0.3	sym_mean	family	0.8053624654026971	0.9498506766053304	0.5027498242925694	0.6636299226907562	0.7267492371350999	1824
3	0.3	sym_mean	fold	0.0188195631570546	0.8195665288484916	4.018323555412682e-05	4.018323555412682e-05	4.018323555412682e-05	1824
3	0.3	sym_mean	superfamily	0.4118649184539825	0.902849608675874	0.0767606168360737	0.1478024105953811	0.2160671196817866	1824
3	0.3	sym_min	family	0.8071814192645552	0.9498506766053304	0.512289039198403	0.6700668325665629	0.732118129541388	1881
3	0.3	sym_min	fold	0.0201995668588622	0.8195665288484973	4.018323555412682e-05	4.018323555412682e-05	4.018323555412682e-05	1881
3	0.3	sym_min	superfamily	0.4147247977090272	0.902849608675876	0.0779106675793778	0.147613179010987	0.2225076811849137	1881
4	0.3	Xa	family	0.7873082397939849	0.9546354697387704	0.5244579745735296	0.6458292322679945	0.6997469780156182	1806
4	0.3	Xa	fold	0.0163255767963649	0.8273859860138904	4.168577264579599e-05	4.168577264579599e-05	4.168577264579599e-05	1806
4	0.3	Xa	superfamily	0.3806589941906738	0.9096331114720106	0.0838785298899371	0.183378035645191	0.2147844963500524	1806
4	0.3	Xa_cov70	family	0.7456811764317943	0.954635469738774	0.5193865572082728	0.6573332643048431	0.6982863769529585	1760
4	0.3	Xa_cov70	fold	0.031015439410291	0.8273859860138991	4.168577264579599e-05	4.168577264579599e-05	4.168577264579599e-05	1760
4	0.3	Xa_cov70	superfamily	0.3795904165226702	0.9096331114720364	0.0785662788270752	0.1808366886990302	0.2421903315225082	1760
4	0.3	Xa_ktcov	family	0.8041878892469293	0.9546354697387716	0.5392374153961056	0.6795257119278174	0.7259301641347558	1790
4	0.3	Xa_ktcov	fold	0.0248728823175474	0.8273859860138499	4.168577264579599e-05	4.168577264579599e-05	4.168577264579599e-05	1790
4	0.3	Xa_ktcov	superfamily	0.4134244311627165	0.9096331114720148	0.0832953070450796	0.2008621212265653	0.2353135218983111	1790
4	0.3	sym_max	family	0.8022561665928092	0.9546354697387708	0.5296864940794965	0.6642900667196142	0.7200284002759533	1820
4	0.3	sym_max	fold	0.0229595899461651	0.8273859860138673	4.168577264579599e-05	4.168577264579599e-05	4.168577264579599e-05	1820
4	0.3	sym_max	superfamily	0.4085756728298294	0.9096331114720168	0.0824371568798128	0.1808995099710848	0.2289876019953416	1820
4	0.3	sym_mean	family	0.8076166685799451	0.9546354697387714	0.5410955283181027	0.6763343600030752	0.7247433689457835	1858
4	0.3	sym_mean	fold	0.0266846188622081	0.8273859860138683	4.168577264579599e-05	4.168577264579599e-05	4.168577264579599e-05	1858
4	0.3	sym_mean	superfamily	0.4194235207148629	0.9096331114720184	0.0842465070453976	0.1889106943861749	0.2288453550602341	1858
4	0.3	sym_min	family	0.8094265267254069	0.9546354697387712	0.5436131190644773	0.6808911869511152	0.7300165933267591	1917
4	0.3	sym_min	fold	0.0288056264840749	0.8273859860138737	4.168577264579599e-05	4.168577264579599e-05	4.168577264579599e-05	1917
4	0.3	sym_min	superfamily	0.4237458049702582	0.9096331114720224	0.0850303432293688	0.198301030086354	0.2372955565244372	1917
0	0.4	Xa	family	0.77510935525001	0.9541629584556368	0.5114370517936218	0.654311472571237	0.6951844336961978	1750
0	0.4	Xa	fold	0.0094662180287417	0.8186606583905488	4.225292601512655e-05	4.225292601512655e-05	4.225292601512655e-05	1750
0	0.4	Xa	superfamily	0.3686704429856265	0.903805362222497	0.0941439537311861	0.1745686880803788	0.2267040313488117	1750
0	0.4	Xa_cov70	family	0.7436359829276252	0.9541629584556386	0.5274702640730408	0.6605750490808385	0.6981266139933947	1685
0	0.4	Xa_cov70	fold	0.0232966013336095	0.818660658390635	4.225292601512655e-05	4.225292601512655e-05	4.225292601512655e-05	1685
0	0.4	Xa_cov70	superfamily	0.380390669537786	0.9038053622225074	0.1015403087739386	0.1904159471963404	0.2437004155002467	1685
0	0.4	Xa_ktcov	family	0.7966149334836575	0.9541629584556371	0.5137984573842903	0.683677211157239	0.7260322507927884	1701
0	0.4	Xa_ktcov	fold	0.0159857308624083	0.8186606583905243	4.225292601512655e-05	4.225292601512655e-05	4.225292601512655e-05	1701
0	0.4	Xa_ktcov	superfamily	0.4078987383135831	0.9038053622224986	0.0973915443142235	0.1818093404798241	0.2547470420469082	1701
0	0.4	sym_max	family	0.7965547574756452	0.9541629584556368	0.509360749983415	0.6725294998167067	0.7222228374851308	1768
0	0.4	sym_max	fold	0.0152409410968002	0.8186606583905451	4.225292601512655e-05	4.225292601512655e-05	4.225292601512655e-05	1768
0	0.4	sym_max	superfamily	0.4073679002360883	0.9038053622225024	0.0978350885614621	0.1619909400859707	0.2412065050459761	1768
0	0.4	sym_mean	family	0.8015741497591485	0.9541629584556364	0.5157429707405149	0.6821206144801446	0.7279980879022359	1855
0	0.4	sym_mean	fold	0.0177666673381064	0.818660658390555	4.225292601512655e-05	4.225292601512655e-05	4.225292601512655e-05	1855
0	0.4	sym_mean	superfamily	0.4166666469669108	0.9038053622225024	0.1092815287503443	0.1753605914754343	0.2498219644566211	1855
0	0.4	sym_min	family	0.8035471937196538	0.9541629584556368	0.520882197857743	0.686201068943626	0.7320427883818263	1871
0	0.4	sym_min	fold	0.0192919677501767	0.8186606583905552	4.225292601512655e-05	4.225292601512655e-05	4.225292601512655e-05	1871
0	0.4	sym_min	superfamily	0.4205546841756252	0.9038053622225024	0.1146775385191843	0.1776477805576887	0.2543738554912542	1871
1	0.4	Xa	family	0.8079729823305875	0.9614991793099104	0.5920586185501727	0.7041430912613553	0.7390904344303326	3103
1	0.4	Xa	fold	0.0114852326575711	0.8306613757833013	0.0002305647421708	0.0002305647421708	0.0007185051999234	3103
1	0.4	Xa	superfamily	0.4010484823842226	0.9184131139050116	0.1036964778643034	0.2263797012848283	0.266785233601277	3103
1	0.4	Xa_cov70	family	0.7621748774334558	0.96149917930991	0.601330305542092	0.6941573476290964	0.723725968618918	2978
1	0.4	Xa_cov70	fold	0.0237936701594383	0.8306613757831909	0.0002305647421708	0.0002305647421708	0.0002305647421708	2978
1	0.4	Xa_cov70	superfamily	0.4045077557228087	0.9184131139050372	0.1426482825912066	0.2407326984130148	0.2876089138211526	2978
1	0.4	Xa_ktcov	family	0.8250992218144396	0.9614991793099104	0.6104686562485939	0.7308676121417593	0.759605692426905	3053
1	0.4	Xa_ktcov	fold	0.0179989916537619	0.8306613757832347	0.0002305647421708	0.0002305647421708	0.0006636651761072	3053
1	0.4	Xa_ktcov	superfamily	0.4375906814787098	0.9184131139050145	0.1063619947772597	0.2364868530072955	0.2941020134601174	3053
1	0.4	sym_max	family	0.8265844219800648	0.9614991793099096	0.5603232865968849	0.729676580663704	0.7637132936999596	2867
1	0.4	sym_max	fold	0.0176741945169673	0.8306613757832646	0.0001134268815578	0.0001134268815578	0.0007293282929804	2867
1	0.4	sym_max	superfamily	0.4403593076327723	0.9184131139050182	0.1101993288012107	0.228388021848601	0.2927677184550327	2867
1	0.4	sym_mean	family	0.8296334454024713	0.9614991793099096	0.5786272025915611	0.7315451814572239	0.7701223384487986	2909
1	0.4	sym_mean	fold	0.0197865675774789	0.8306613757832695	0.0001856027350668	0.0001856027350668	0.0007198577455547	2909
1	0.4	sym_mean	superfamily	0.4470875093427575	0.9184131139050192	0.115816968765138	0.2310864999153209	0.2940414465969667	2909
1	0.4	sym_min	family	0.8300496816864806	0.9614991793099084	0.5990999006597592	0.7333311248322736	0.7699126527331217	2947
1	0.4	sym_min	fold	0.0208240870466351	0.8306613757832646	0.0001856027350668	0.0001856027350668	0.0001856027350668	2947
1	0.4	sym_min	superfamily	0.448363177630651	0.9184131139050198	0.1273693711976559	0.2346305844707378	0.2907331756876701	2947
2	0.4	Xa	family	0.7449099315956862	0.9536124700015828	0.4896566692812313	0.6141003270728908	0.653764318708658	1665
2	0.4	Xa	fold	0.0092284935948002	0.8704769921228327	0.0	0.0	0.0	1665
2	0.4	Xa	superfamily	0.3126834920789718	0.9271034943471452	0.0676223925722503	0.1140344456650722	0.1573391170931645	1665
2	0.4	Xa_cov70	family	0.7190169700431622	0.9536124700015924	0.5036282699131757	0.6214294154039655	0.6567386497578175	1609
2	0.4	Xa_cov70	fold	0.0236871912659795	0.8704769921227922	0.0	0.0	0.0	1609
2	0.4	Xa_cov70	superfamily	0.3384987530418105	0.9271034943471022	0.0724622854625982	0.1378898205508294	0.1893619784666327	1609
2	0.4	Xa_ktcov	family	0.7696882517639912	0.9536124700015828	0.4929794235247361	0.6395814700010534	0.6797150027528662	1624
2	0.4	Xa_ktcov	fold	0.0163279678228689	0.870476992122802	0.0	0.0	0.0	1624
2	0.4	Xa_ktcov	superfamily	0.355060230121101	0.92710349434714	0.0702910987125225	0.1101831435007058	0.1855478343245661	1624
2	0.4	sym_max	family	0.7697951750779216	0.9536124700015832	0.4903131125524646	0.6349845064770093	0.673544218335715	1691
2	0.4	sym_max	fold	0.0157502721292445	0.870476992122809	0.0	0.0	0.0	1691
2	0.4	sym_max	superfamily	0.3544884864722414	0.927103494347141	0.0603913205892755	0.113562976568555	0.1730238151572886	1691
2	0.4	sym_mean	family	0.7747783459890908	0.9536124700015832	0.4952754727784555	0.6355059534328611	0.6825723325719126	1780
2	0.4	sym_mean	fold	0.0182788669091158	0.8704769921228175	0.0	0.0	0.0	1780
2	0.4	sym_mean	superfamily	0.3629734035683767	0.9271034943471392	0.0650569137472828	0.1252146315883852	0.1782185572396049	1780
2	0.4	sym_min	family	0.7764449469723124	0.9536124700015832	0.4995063638125164	0.6394552413687448	0.6915231741788713	1784
2	0.4	sym_min	fold	0.019754732038567	0.8704769921228208	0.0	0.0	0.0	1784
2	0.4	sym_min	superfamily	0.3658429312072224	0.9271034943471356	0.0751323247714439	0.1338940626616672	0.1801386367919417	1784
3	0.4	Xa	family	0.777661311022171	0.949850676605328	0.5076354684365969	0.6413969695638511	0.6870078833182883	2011
3	0.4	Xa	fold	0.0090397329056897	0.8195665288485203	4.018323555412682e-05	4.018323555412682e-05	4.018323555412682e-05	2011
3	0.4	Xa	superfamily	0.3578290737036701	0.9028496086758624	0.0858988773117968	0.1425063923149032	0.2044876267693538	2011
3	0.4	Xa_cov70	family	0.7543176134578471	0.9498506766053326	0.526955593397408	0.6635419806317132	0.7021036185530269	1941
3	0.4	Xa_cov70	fold	0.0239547474781341	0.8195665288484406	4.018323555412682e-05	4.018323555412682e-05	4.018323555412682e-05	1941
3	0.4	Xa_cov70	superfamily	0.3799534929197265	0.9028496086758704	0.0920547545243134	0.1771130906465189	0.2316559106948288	1941
3	0.4	Xa_ktcov	family	0.8004105489872566	0.949850676605328	0.5074002486664597	0.6748476237761726	0.7168974418401114	1968
3	0.4	Xa_ktcov	fold	0.0155292812764935	0.8195665288484729	4.018323555412682e-05	4.018323555412682e-05	4.018323555412682e-05	1968
3	0.4	Xa_ktcov	superfamily	0.3991455149003735	0.902849608675866	0.0881582024141225	0.1629973938896089	0.228105839489087	1968
3	0.4	sym_max	family	0.800889478581441	0.949850676605328	0.512322270418721	0.6630501848423468	0.7195783321185736	2038
3	0.4	sym_max	fold	0.0152221001371168	0.8195665288484908	4.018323555412682e-05	4.018323555412682e-05	4.018323555412682e-05	2038
3	0.4	sym_max	superfamily	0.4002829892505282	0.902849608675868	0.0876179087943487	0.1428646420918183	0.2065289198061378	2038
3	0.4	sym_mean	family	0.8055365329968763	0.949850676605328	0.5102622546057458	0.6672843114655644	0.725039616895827	2133
3	0.4	sym_mean	fold	0.0176024084624676	0.8195665288484929	4.018323555412682e-05	4.018323555412682e-05	4.018323555412682e-05	2133
3	0.4	sym_mean	superfamily	0.408310746218728	0.9028496086758696	0.0882652126195214	0.1547739346006013	0.220070049073559	2133
3	0.4	sym_min	family	0.8073007024837785	0.949850676605328	0.5129569967434432	0.6717894406641237	0.7278505857562866	2133
3	0.4	sym_min	fold	0.018938869874605	0.8195665288484976	4.018323555412682e-05	4.018323555412682e-05	4.018323555412682e-05	2133
3	0.4	sym_min	superfamily	0.4109660173166312	0.90284960867587	0.094426701632232	0.1577626599458544	0.2261887991739053	2133
4	0.4	Xa	family	0.7812174551627248	0.954635469738768	0.5456166003977482	0.6393424007990759	0.6904940180195634	2067
4	0.4	Xa	fold	0.012955976911527	0.8273859860138869	4.168577264579599e-05	4.168577264579599e-05	4.168577264579599e-05	2067
4	0.4	Xa	superfamily	0.3658383511673166	0.909633111472008	0.1051742038124931	0.1734132912793362	0.2124504528382965	2067
4	0.4	Xa_cov70	family	0.7477484450633085	0.9546354697387708	0.5480000816592457	0.6591064329836538	0.6999087917722961	2003
4	0.4	Xa_cov70	fold	0.0309583280727385	0.8273859860138985	4.168577264579599e-05	4.168577264579599e-05	4.168577264579599e-05	2003
4	0.4	Xa_cov70	superfamily	0.3812024351145961	0.9096331114720356	0.0968581314491236	0.184780969403781	0.2449832029846353	2003
4	0.4	Xa_ktcov	family	0.8043078283366625	0.9546354697387688	0.5583069431502787	0.6808506223642448	0.7256651571440388	2019
4	0.4	Xa_ktcov	fold	0.0229445453801749	0.8273859860138469	4.168577264579599e-05	4.168577264579599e-05	4.168577264579599e-05	2019
4	0.4	Xa_ktcov	superfamily	0.4099893883789522	0.9096331114720112	0.1031891418156169	0.1966645190503494	0.2369435440356589	2019
4	0.4	sym_max	family	0.8024642386795522	0.954635469738768	0.5496633020530988	0.6689528908281798	0.7185087411899306	2088
4	0.4	sym_max	fold	0.0211493820158032	0.827385986013868	4.168577264579599e-05	4.168577264579599e-05	4.168577264579599e-05	2088
4	0.4	sym_max	superfamily	0.4047582116056071	0.9096331114720128	0.0928076379302099	0.1840842582230257	0.2302168764820184	2088
4	0.4	sym_mean	family	0.8084458211627857	0.9546354697387678	0.5476728471460747	0.6713947971829761	0.7243521414926823	2175
4	0.4	sym_mean	fold	0.0250110980428396	0.8273859860138683	4.168577264579599e-05	4.168577264579599e-05	4.168577264579599e-05	2175
4	0.4	sym_mean	superfamily	0.4170303831650346	0.909633111472015	0.0943767403550195	0.1925703944244833	0.2301007163316522	2175
4	0.4	sym_min	family	0.8103656739194061	0.9546354697387678	0.5492496035641273	0.6794654045476445	0.7293007301256703	2187
4	0.4	sym_min	fold	0.0271736930129454	0.8273859860138738	4.168577264579599e-05	4.168577264579599e-05	4.168577264579599e-05	2187
4	0.4	sym_min	superfamily	0.4218080068047759	0.9096331114720172	0.1001287364790439	0.1917215332219532	0.2391041490791845	2187
0	0.5	Xa	family	0.7676411578642852	0.9541629584556331	0.51293278686815	0.6394523921803134	0.690543601040679	2176
0	0.5	Xa	fold	0.0075743345061193	0.8186606583905527	6.433968279576088e-05	6.433968279576088e-05	6.433968279576088e-05	2176
0	0.5	Xa	superfamily	0.3527141673848962	0.903805362222493	0.0921038209710568	0.1667087474576569	0.2159551051676102	2176
0	0.5	Xa_cov70	family	0.7455498524893883	0.954162958455638	0.5332163304209907	0.668592833184296	0.7011407389538685	2073
0	0.5	Xa_cov70	fold	0.024072638906058	0.8186606583906351	6.433968279576088e-05	6.433968279576088e-05	6.433968279576088e-05	2073
0	0.5	Xa_cov70	superfamily	0.3829617656751548	0.9038053622225082	0.1128145501891934	0.1966842429135621	0.2489149386187111	2073
0	0.5	Xa_ktcov	family	0.7965651004484989	0.9541629584556346	0.507625545089383	0.6901157347790994	0.7243026549527859	2114
0	0.5	Xa_ktcov	fold	0.0153098620207558	0.8186606583905248	4.225292601512655e-05	4.225292601512655e-05	4.225292601512655e-05	2114
0	0.5	Xa_ktcov	superfamily	0.4050444605894038	0.9038053622224956	0.0943602879161281	0.1899804602312009	0.2535722990488899	2114
0	0.5	sym_max	family	0.7968185567167064	0.9541629584556348	0.5152533931911786	0.6780433001917618	0.7204472821840338	2195
0	0.5	sym_max	fold	0.0146928136054987	0.8186606583905482	4.225292601512655e-05	4.225292601512655e-05	4.225292601512655e-05	2195
0	0.5	sym_max	superfamily	0.4047131640465771	0.903805362222499	0.0972563848145013	0.1764083455755821	0.2425133463740811	2195
0	0.5	sym_mean	family	0.8025370374896638	0.954162958455634	0.5063276647069292	0.6850192036358619	0.7273968881336603	2321
0	0.5	sym_mean	fold	0.0174817452690689	0.8186606583905585	4.225292601512655e-05	4.225292601512655e-05	4.225292601512655e-05	2321
0	0.5	sym_mean	superfamily	0.4153210489173997	0.9038053622224992	0.1068960969934637	0.1886973517607083	0.2526499572362921	2321
0	0.5	sym_min	family	0.8044590976780038	0.9541629584556338	0.5216459507515535	0.6915788991122161	0.732686125274817	2251
0	0.5	sym_min	fold	0.0190755155189939	0.818660658390558	4.225292601512655e-05	4.225292601512655e-05	4.225292601512655e-05	2251
0	0.5	sym_min	superfamily	0.4191642502947545	0.9038053622224994	0.1144004928978721	0.1911077699728513	0.2627886585186422	2251
1	0.5	Xa	family	0.7972249147757404	0.961499179309904	0.5702651400058569	0.6995043750418407	0.7285412428533842	3857
1	0.5	Xa	fold	0.0084829663587525	0.8306613757833025	0.0002822710503404	0.0002822710503404	0.0002822710503404	3857
1	0.5	Xa	superfamily	0.3791642038996136	0.918413113905006	0.0955579714986856	0.2000048039066016	0.2499624036906052	3857
1	0.5	Xa_cov70	family	0.7618008518625146	0.9614991793099068	0.6038156684968164	0.6948923569768918	0.7205696130600792	3637
1	0.5	Xa_cov70	fold	0.0228206468318269	0.830661375783191	0.0002822710503404	0.0002822710503404	0.0007469141948194	3637
1	0.5	Xa_cov70	superfamily	0.4017580114561174	0.9184131139050388	0.1385262207588244	0.2465458873444992	0.2838762548812183	3637
1	0.5	Xa_ktcov	family	0.821748027315742	0.9614991793099056	0.5814026803143734	0.7225172192907062	0.7550260982713171	3743
1	0.5	Xa_ktcov	fold	0.0158699712682525	0.8306613757832275	0.0002822710503404	0.0002822710503404	0.0002822710503404	3743
1	0.5	Xa_ktcov	superfamily	0.4290871253619406	0.918413113905008	0.0974129209062751	0.2315897855612948	0.2845693126698322	3743
1	0.5	sym_max	family	0.823537091407271	0.9614991793099052	0.592826385336748	0.7243537818457135	0.7602692287138559	3493
1	0.5	sym_max	fold	0.0156647110949429	0.8306613757832559	0.0001406407279628	0.0001406407279628	0.0001406407279628	3493
1	0.5	sym_max	superfamily	0.432166320828359	0.9184131139050112	0.1005122827690774	0.2255376017758488	0.2836501416660609	3493
1	0.5	sym_mean	family	0.8273088715417235	0.961499179309905	0.5916289445268431	0.7256768856875203	0.7650117317960925	3541
1	0.5	sym_mean	fold	0.0179971608486681	0.8306613757832617	0.0002373090432364	0.0002373090432364	0.0007087306465403	3541
1	0.5	sym_mean	superfamily	0.4402143205998762	0.9184131139050136	0.1142875084013281	0.225707294435435	0.2882762295969755	3541
1	0.5	sym_min	family	0.8276645022320661	0.9614991793099048	0.5862028998707554	0.7261883100515663	0.7657553418638274	3575
1	0.5	sym_min	fold	0.0191006026058665	0.830661375783259	0.0002373090432364	0.0002373090432364	0.0007439997949157	3575
1	0.5	sym_min	superfamily	0.4414277259142541	0.918413113905016	0.1225648471701968	0.2252097068625259	0.2865800912879689	3575
2	0.5	Xa	family	0.7328622090850614	0.9536124700015808	0.4773924889699562	0.5990573990563085	0.6393622461014317	2032
2	0.5	Xa	fold	0.0070873552041035	0.8704769921228331	2.462326405988378e-05	2.462326405988378e-05	2.462326405988378e-05	2032
2	0.5	Xa	superfamily	0.2922217002407123	0.927103494347146	0.064087537609462	0.1125873208302969	0.1511830957717062	2032
2	0.5	Xa_cov70	family	0.7190726562018039	0.9536124700015904	0.5084479748302662	0.6203541719877897	0.6571768931896638	1946
2	0.5	Xa_cov70	fold	0.0233915032777183	0.8704769921227935	2.462326405988378e-05	2.462326405988378e-05	2.462326405988378e-05	1946
2	0.5	Xa_cov70	superfamily	0.337070251068253	0.9271034943471032	0.0840142705203298	0.1504495751822662	0.193262854321309	1946
2	0.5	Xa_ktcov	family	0.7662059433576444	0.9536124700015814	0.4832348026392367	0.6369837563375945	0.6719823198073049	1981
2	0.5	Xa_ktcov	fold	0.0149726139989625	0.8704769921227977	0.0	0.0	0.0	1981
2	0.5	Xa_ktcov	superfamily	0.3470037683948464	0.9271034943471412	0.0658563148613357	0.1284438626448479	0.17924662480047	1981
2	0.5	sym_max	family	0.7668726439964663	0.9536124700015816	0.4924888364773273	0.6299207805377841	0.6706799766604378	2059
2	0.5	sym_max	fold	0.0146018031111097	0.8704769921228008	0.0	0.0	0.0	2059
2	0.5	sym_max	superfamily	0.3472619304850923	0.9271034943471412	0.0691101850698032	0.1112968963020077	0.1690038909438067	2059
2	0.5	sym_mean	family	0.7725242926683848	0.9536124700015816	0.4835340244497415	0.636564313602934	0.6768657851025186	2153
2	0.5	sym_mean	fold	0.0172185036430991	0.8704769921228146	0.0	0.0	0.0	2153
2	0.5	sym_mean	superfamily	0.3564098424675049	0.9271034943471392	0.0782967460513529	0.116354396227416	0.170992742720056	2153
2	0.5	sym_min	family	0.77403408365336	0.9536124700015808	0.4876726845543971	0.6377979040047209	0.6845488267030498	2099
2	0.5	sym_min	fold	0.0186396904120572	0.8704769921228178	0.0	0.0	0.0	2099
2	0.5	sym_min	superfamily	0.3587532146925541	0.927103494347137	0.0834834721743615	0.1277477358346674	0.1736821652044408	2099
3	0.5	Xa	family	0.7670803960680165	0.9498506766053268	0.5048303790685758	0.624244195742275	0.6794029287644353	2390
3	0.5	Xa	fold	0.0068051059126515	0.8195665288485212	4.018323555412682e-05	4.018323555412682e-05	4.018323555412682e-05	2390
3	0.5	Xa	superfamily	0.3376005232603767	0.9028496086758574	0.0825638282444519	0.1401015443017786	0.1874056411669743	2390
3	0.5	Xa_cov70	family	0.7548182204306321	0.9498506766053294	0.5369452188334264	0.6636654157330126	0.7029650166528235	2284
3	0.5	Xa_cov70	fold	0.0236708281408807	0.8195665288484438	4.018323555412682e-05	4.018323555412682e-05	4.018323555412682e-05	2284
3	0.5	Xa_cov70	superfamily	0.3792828254665047	0.9028496086758702	0.1008191818858541	0.1765777335892762	0.2336872717172989	2284
3	0.5	Xa_ktcov	family	0.7976845145752347	0.9498506766053264	0.5080823079580861	0.6712846004818058	0.7120959253020983	2344
3	0.5	Xa_ktcov	fold	0.0140557905490228	0.819566528848468	4.018323555412682e-05	4.018323555412682e-05	4.018323555412682e-05	2344
3	0.5	Xa_ktcov	superfamily	0.39157144041013	0.9028496086758612	0.0847448167054036	0.1514487802335288	0.219195319608095	2344
3	0.5	sym_max	family	0.7985041422250136	0.9498506766053268	0.5076122990598972	0.6648897429620981	0.7134309528360195	2422
3	0.5	sym_max	fold	0.0138521510056401	0.8195665288484903	4.018323555412682e-05	4.018323555412682e-05	4.018323555412682e-05	2422
3	0.5	sym_max	superfamily	0.3930330873961108	0.9028496086758632	0.0872550661171974	0.1516861678148706	0.2084332768286996	2422
3	0.5	sym_mean	family	0.8037283025175281	0.9498506766053264	0.5148990335955623	0.6708931507074994	0.7158725740838269	2539
3	0.5	sym_mean	fold	0.0163009026424787	0.8195665288484919	4.018323555412682e-05	4.018323555412682e-05	4.018323555412682e-05	2539
3	0.5	sym_mean	superfamily	0.4018928108963222	0.902849608675863	0.0945573331695296	0.1494160772872922	0.2195310294491097	2539
3	0.5	sym_min	family	0.8054148762084296	0.949850676605326	0.5234509303365399	0.6743037888013688	0.7237491901628924	2465
3	0.5	sym_min	fold	0.0175931074860121	0.8195665288484947	4.018323555412682e-05	4.018323555412682e-05	4.018323555412682e-05	2465
3	0.5	sym_min	superfamily	0.4042430689904496	0.9028496086758638	0.0989095475287558	0.1563210377407174	0.2180711140975802	2465
4	0.5	Xa	family	0.7680611583182639	0.9546354697387632	0.5353859074080406	0.6360331660410034	0.676260684863444	2443
4	0.5	Xa	fold	0.009330249318335	0.8273859860138876	6.347606289246209e-05	6.347606289246209e-05	6.347606289246209e-05	2443
4	0.5	Xa	superfamily	0.3412425611894983	0.909633111472004	0.1169341778933199	0.1585487419645787	0.1980365512712885	2443
4	0.5	Xa_cov70	family	0.7486031944681272	0.9546354697387688	0.5718192578531769	0.6641677799923804	0.6967564798913185	2357
4	0.5	Xa_cov70	fold	0.0306723189546846	0.8273859860139001	6.347606289246209e-05	6.347606289246209e-05	6.347606289246209e-05	2357
4	0.5	Xa_cov70	superfamily	0.3808835667045323	0.9096331114720368	0.1046287748562018	0.1918108934209961	0.2380363057882821	2357
4	0.5	Xa_ktcov	family	0.8017409855878065	0.9546354697387645	0.5522348520310132	0.6790786571735725	0.7214225107288477	2400
4	0.5	Xa_ktcov	fold	0.0207072353457649	0.8273859860138438	4.168577264579599e-05	4.168577264579599e-05	4.168577264579599e-05	2400
4	0.5	Xa_ktcov	superfamily	0.4024839785810102	0.9096331114720064	0.1179965278686004	0.1955565525350342	0.2348072992567312	2400
4	0.5	sym_max	family	0.8000490638187092	0.9546354697387645	0.5546924079752044	0.6634331924444831	0.7126175691353607	2469
4	0.5	sym_max	fold	0.0191119888008648	0.8273859860138638	4.168577264579599e-05	4.168577264579599e-05	4.168577264579599e-05	2469
4	0.5	sym_max	superfamily	0.3971412651823731	0.9096331114720092	0.1209358511675023	0.179214054521103	0.2234122964871568	2469
4	0.5	sym_mean	family	0.8068451875309581	0.954635469738764	0.5565806804344814	0.6778483153105856	0.7213261617990988	2587
4	0.5	sym_mean	fold	0.023021265957071	0.8273859860138661	4.168577264579599e-05	4.168577264579599e-05	4.168577264579599e-05	2587
4	0.5	sym_mean	superfamily	0.4108114952275854	0.909633111472012	0.1173296921509495	0.187293328630348	0.2319307080447242	2587
4	0.5	sym_min	family	0.8087749831215664	0.9546354697387642	0.5620142579499792	0.6824832777367701	0.7272423809641643	2524
4	0.5	sym_min	fold	0.0251090000287409	0.8273859860138706	4.168577264579599e-05	4.168577264579599e-05	4.168577264579599e-05	2524
4	0.5	sym_min	superfamily	0.4157877835501533	0.9096331114720134	0.1114495474509939	0.1884415413154864	0.2406587361365602	2524
0	0.525	Xa	family	0.7646626695106357	0.9541629584556324	0.5101355154230867	0.6340115840374372	0.6865605716347314	2319
0	0.525	Xa	fold	0.0070650235312963	0.8186606583905537	6.433968279576088e-05	6.433968279576088e-05	6.433968279576088e-05	2319
0	0.525	Xa	superfamily	0.3471123094584631	0.903805362222492	0.0914104976824112	0.1608799222473592	0.2124073932187417	2319
0	0.525	Xa_cov70	family	0.7458823042891393	0.954162958455638	0.5319849032168068	0.669517934930545	0.7015993113615735	2204
0	0.525	Xa_cov70	fold	0.0242363473809642	0.8186606583906354	6.433968279576088e-05	6.433968279576088e-05	6.433968279576088e-05	2204
0	0.525	Xa_cov70	superfamily	0.3832832853311549	0.9038053622225076	0.1104751637012567	0.1985829611257199	0.2514865613463412	2204
0	0.525	Xa_ktcov	family	0.79619865752775	0.9541629584556344	0.5236301729308054	0.6876549772637754	0.7235318599130408	2225
0	0.525	Xa_ktcov	fold	0.0151431735857735	0.8186606583905239	6.433968279576088e-05	6.433968279576088e-05	6.433968279576088e-05	2225
0	0.525	Xa_ktcov	superfamily	0.4037251818413241	0.9038053622224946	0.093387490771209	0.191196511823378	0.2549587378971948	2225
0	0.525	sym_max	family	0.7965304230394102	0.9541629584556336	0.5138599962600535	0.6779656701465181	0.7210049510983821	2321
0	0.525	sym_max	fold	0.0145099209526636	0.8186606583905492	6.433968279576088e-05	6.433968279576088e-05	6.433968279576088e-05	2321
0	0.525	sym_max	superfamily	0.4034438342293209	0.9038053622224984	0.0960874099778548	0.1748156386439685	0.2384966520944036	2321
0	0.525	sym_mean	family	0.8024525972574136	0.9541629584556328	0.5207833477419763	0.6862775374729471	0.7261095995215298	2460
0	0.525	sym_mean	fold	0.0173409850872058	0.8186606583905585	6.433968279576088e-05	6.433968279576088e-05	6.433968279576088e-05	2460
0	0.525	sym_mean	superfamily	0.4143636291146632	0.9038053622224986	0.1054138363630451	0.1916377545875774	0.2512607084488999	2460
0	0.525	sym_min	family	0.8043384932640778	0.9541629584556331	0.523726042893205	0.6917267180626079	0.7307226149168738	2381
0	0.525	sym_min	fold	0.0189247379651252	0.8186606583905587	4.225292601512655e-05	4.225292601512655e-05	4.225292601512655e-05	2381
0	0.525	sym_min	superfamily	0.4181886243566527	0.9038053622224986	0.1137402712653334	0.1877329917396805	0.25514648126393	2381
1	0.525	Xa	family	0.7933153944682407	0.9614991793099036	0.5611289063514553	0.6940821783978162	0.724062564213616	4033
1	0.525	Xa	fold	0.0077762012380632	0.8306613757833016	0.00032927678504	0.00032927678504	0.00032927678504	4033
1	0.525	Xa	superfamily	0.3719112613887247	0.9184131139050056	0.0945207213172919	0.1986925615730142	0.2446849774226584	4033
1	0.525	Xa_cov70	family	0.7615847363918952	0.961499179309906	0.6018768647650542	0.6950134299889561	0.7196451760723859	3796
1	0.525	Xa_cov70	fold	0.022558660991484	0.8306613757831915	0.0003057739176902	0.0003057739176902	0.000742790884758	3796
1	0.525	Xa_cov70	superfamily	0.4008108220053556	0.918413113905039	0.1415404554629233	0.2469819502283337	0.2825589309725295	3796
1	0.525	Xa_ktcov	family	0.8205029072941912	0.9614991793099048	0.5720530858778847	0.7217133016593916	0.7543840083413315	3948
1	0.525	Xa_ktcov	fold	0.0153824291175647	0.8306613757832253	0.0003057739176902	0.0003057739176902	0.0003057739176902	3948
1	0.525	Xa_ktcov	superfamily	0.4262643288714551	0.918413113905007	0.0956787632863611	0.2291803473780353	0.2835586412744052	3948
1	0.525	sym_max	family	0.8223640464662085	0.9614991793099044	0.582398614452462	0.7234469011359348	0.758359848057554	3671
1	0.525	sym_max	fold	0.0151793326377799	0.8306613757832527	0.0001923470361324	0.0001923470361324	0.0001923470361324	3671
1	0.525	sym_max	superfamily	0.4294473441032851	0.9184131139050112	0.0989570081482688	0.2227116572471738	0.2782985489761622	3671
1	0.525	sym_mean	family	0.8263425098832071	0.961499179309904	0.5791598552903758	0.7256832721064943	0.7647442671203019	3715
1	0.525	sym_mean	fold	0.0174911486058572	0.8306613757832599	0.0002373090432364	0.0002373090432364	0.0002373090432364	3715
1	0.525	sym_mean	superfamily	0.4377820215406304	0.9184131139050136	0.1125078843820033	0.2233054289315179	0.2869610297630878	3715
1	0.525	sym_min	family	0.8267108132092721	0.9614991793099036	0.5770164471666199	0.7241491860917528	0.7657079678624216	3756
1	0.525	sym_min	fold	0.0186046792782703	0.8306613757832575	0.0002373090432364	0.0002373090432364	0.000851945107101	3756
1	0.525	sym_min	superfamily	0.439040150699288	0.9184131139050145	0.120441966987472	0.2228780919992	0.2854958426621717	3756
2	0.525	Xa	family	0.7285824217301595	0.9536124700015808	0.4803693986145275	0.5946821094045153	0.6355418214546164	2143
2	0.525	Xa	fold	0.0065251600997036	0.8704769921228324	2.462326405988378e-05	2.462326405988378e-05	2.462326405988378e-05	2143
2	0.525	Xa	superfamily	0.2856976946206219	0.9271034943471468	0.0634220664610329	0.1135106933182346	0.1492458814176179	2143
2	0.525	Xa_cov70	family	0.7189149216054077	0.9536124700015902	0.5061962002808398	0.621304221376121	0.6574576964994844	2045
2	0.525	Xa_cov70	fold	0.0233127384505372	0.8704769921227947	2.462326405988378e-05	2.462326405988378e-05	2.462326405988378e-05	2045
2	0.525	Xa_cov70	superfamily	0.3365005671489089	0.9271034943471028	0.082650697271738	0.1515958457448616	0.1955129599409176	2045
2	0.525	Xa_ktcov	family	0.7649462710175432	0.9536124700015816	0.4825993211651792	0.6341770056693753	0.6720789944996426	2071
2	0.525	Xa_ktcov	fold	0.0146524845768347	0.8704769921227977	2.462326405988378e-05	2.462326405988378e-05	2.462326405988378e-05	2071
2	0.525	Xa_ktcov	superfamily	0.3444759546614129	0.927103494347141	0.0654116724473892	0.1202084125052027	0.1747082540369611	2071
2	0.525	sym_max	family	0.7657443569601302	0.9536124700015816	0.4860695336983557	0.6301339313661188	0.6688442329063922	2166
2	0.525	sym_max	fold	0.0143104699324129	0.8704769921227999	2.462326405988378e-05	2.462326405988378e-05	2.462326405988378e-05	2166
2	0.525	sym_max	superfamily	0.3449694586185916	0.9271034943471412	0.0686155281396714	0.1113579552106082	0.1720940457381007	2166
2	0.525	sym_mean	family	0.7715749522556027	0.9536124700015812	0.4825405915304409	0.6353084954877135	0.6759669436006303	2263
2	0.525	sym_mean	fold	0.0169591922777893	0.8704769921228116	2.462326405988378e-05	2.462326405988378e-05	2.462326405988378e-05	2263
2	0.525	sym_mean	superfamily	0.3542376780775265	0.927103494347139	0.079654781500903	0.1131152272960383	0.1701515998874642	2263
2	0.525	sym_min	family	0.7730652634768111	0.9536124700015816	0.4872076879177967	0.6336814213255274	0.6800960909425184	2188
2	0.525	sym_min	fold	0.018319981833484	0.8704769921228169	0.0	0.0	0.0	2188
2	0.525	sym_min	superfamily	0.3564765288067568	0.9271034943471368	0.083936763784151	0.1252336442603734	0.1707881658866221	2188
3	0.525	Xa	family	0.7631820765165419	0.9498506766053264	0.5085337712851848	0.6207422452437319	0.67115822690371	2518
3	0.525	Xa	fold	0.0062599256508575	0.8195665288485217	4.018323555412682e-05	4.018323555412682e-05	4.018323555412682e-05	2518
3	0.525	Xa	superfamily	0.3309044106422156	0.9028496086758564	0.0815515969435082	0.138041140215355	0.1846078515041777	2518
3	0.525	Xa_cov70	family	0.7547726474725583	0.9498506766053292	0.5463472456729158	0.6635488027498201	0.7019680053126233	2403
3	0.525	Xa_cov70	fold	0.0235779663946035	0.8195665288484444	4.018323555412682e-05	4.018323555412682e-05	4.018323555412682e-05	2403
3	0.525	Xa_cov70	superfamily	0.3788402888248204	0.90284960867587	0.0982319290969913	0.1749692806740768	0.2324063142382812	2403
3	0.525	Xa_ktcov	family	0.7966019405309074	0.9498506766053258	0.5207966673599869	0.6687696934898741	0.7104702472445475	2444
3	0.525	Xa_ktcov	fold	0.0137003388282246	0.819566528848467	4.018323555412682e-05	4.018323555412682e-05	4.018323555412682e-05	2444
3	0.525	Xa_ktcov	superfamily	0.3890413851814981	0.90284960867586	0.0829436144483244	0.1466923643210887	0.2187259131797782	2444
3	0.525	sym_max	family	0.7974762447967023	0.9498506766053258	0.5053685389222599	0.6646441262881437	0.709196586248913	2541
3	0.525	sym_max	fold	0.0134903431199904	0.8195665288484896	4.018323555412682e-05	4.018323555412682e-05	4.018323555412682e-05	2541
3	0.525	sym_max	superfamily	0.3905687829231708	0.9028496086758632	0.0855687158254322	0.153705826068851	0.2089452091370387	2541
3	0.525	sym_mean	family	0.8028909220945134	0.9498506766053254	0.5123196577456935	0.6711404735032699	0.7144808668857403	2657
3	0.525	sym_mean	fold	0.015938732863278	0.8195665288484917	4.018323555412682e-05	4.018323555412682e-05	4.018323555412682e-05	2657
3	0.525	sym_mean	superfamily	0.3996265438535683	0.9028496086758624	0.0926131291990653	0.1482847010332363	0.2144473533695313	2657
3	0.525	sym_min	family	0.8045888887307622	0.9498506766053256	0.5228116468810304	0.6775607268419734	0.7201943153004278	2573
3	0.525	sym_min	fold	0.0172208728456908	0.819566528848494	4.018323555412682e-05	4.018323555412682e-05	4.018323555412682e-05	2573
3	0.525	sym_min	superfamily	0.4019445260575805	0.9028496086758632	0.0994157697822221	0.1509658084169056	0.2189626579166909	2573
4	0.525	Xa	family	0.7632089567743231	0.9546354697387626	0.5295597585327773	0.6307651126682968	0.6722566839474255	2572
4	0.525	Xa	fold	0.0084421319047184	0.8273859860138867	6.347606289246209e-05	6.347606289246209e-05	6.347606289246209e-05	2572
4	0.525	Xa	superfamily	0.3331985695886312	0.9096331114720032	0.1157196926411374	0.1538771207292489	0.1948478395473952	2572
4	0.525	Xa_cov70	family	0.748627793691737	0.9546354697387684	0.5700393813185832	0.6645303700902655	0.6957227912417041	2472
4	0.525	Xa_cov70	fold	0.0305498369222383	0.8273859860139008	6.347606289246209e-05	6.347606289246209e-05	6.347606289246209e-05	2472
4	0.525	Xa_cov70	superfamily	0.3804727720600062	0.909633111472038	0.1032548455843302	0.1945401123800009	0.2385146623199177	2472
4	0.525	Xa_ktcov	family	0.8005970142268085	0.9546354697387636	0.5703292636129742	0.6792443318502612	0.7192099567211508	2500
4	0.525	Xa_ktcov	fold	0.020095619146439	0.8273859860138427	6.347606289246209e-05	6.347606289246209e-05	6.347606289246209e-05	2500
4	0.525	Xa_ktcov	superfamily	0.3998436790052084	0.9096331114720044	0.1162397323544408	0.1931855329386146	0.2313101600449998	2500
4	0.525	sym_max	family	0.7989611306906201	0.9546354697387632	0.5493475532598869	0.6597529500293638	0.7090843175990312	2587
4	0.525	sym_max	fold	0.0185471776291152	0.8273859860138627	6.347606289246209e-05	6.347606289246209e-05	6.347606289246209e-05	2587
4	0.525	sym_max	superfamily	0.3944649834603599	0.9096331114720084	0.1209080103540723	0.1780043910082032	0.223470645337337	2587
4	0.525	sym_mean	family	0.8059865766025373	0.954635469738764	0.557141024943168	0.6773207692241184	0.7197746331698265	2714
4	0.525	sym_mean	fold	0.0224665457201911	0.8273859860138663	6.347606289246209e-05	6.347606289246209e-05	6.347606289246209e-05	2714
4	0.525	sym_mean	superfamily	0.4084780271036151	0.9096331114720116	0.1155407032362135	0.1865662768170515	0.2264511944692853	2714
4	0.525	sym_min	family	0.8079146553370704	0.9546354697387632	0.5733176215680953	0.6825638461543935	0.7254747220571585	2637
4	0.525	sym_min	fold	0.0245080774176471	0.8273859860138689	4.168577264579599e-05	4.168577264579599e-05	4.168577264579599e-05	2637
4	0.525	sym_min	superfamily	0.4135168900945841	0.9096331114720124	0.1160729575866836	0.1901495483446171	0.2386178162484279	2637
0	0.55	Xa	family	0.7611006003846223	0.9541629584556318	0.5158807696898641	0.627593199877853	0.6812458338856708	2453
0	0.55	Xa	fold	0.0065457842005694	0.8186606583905535	6.433968279576088e-05	6.433968279576088e-05	6.433968279576088e-05	2453
0	0.55	Xa	superfamily	0.340714539117832	0.9038053622224912	0.0906891148677375	0.1602894638934202	0.207925553037042	2453
0	0.55	Xa_cov70	family	0.7461459473897208	0.9541629584556378	0.5375797680033432	0.6688390376386353	0.7016840158531993	2319
0	0.55	Xa_cov70	fold	0.0243853553744753	0.8186606583906346	6.433968279576088e-05	6.433968279576088e-05	6.433968279576088e-05	2319
0	0.55	Xa_cov70	superfamily	0.3834958566497981	0.9038053622225076	0.1082669348048272	0.2029064854601223	0.2518820480964805	2319
0	0.55	Xa_ktcov	family	0.7956412739373739	0.9541629584556331	0.5344664060839491	0.6852475051533139	0.7226415779614831	2364
0	0.55	Xa_ktcov	fold	0.0149216242778464	0.8186606583905249	6.433968279576088e-05	6.433968279576088e-05	6.433968279576088e-05	2364
0	0.55	Xa_ktcov	superfamily	0.402118124684802	0.9038053622224932	0.0921084422192602	0.1926216244902425	0.2486344692413333	2364
0	0.55	sym_max	family	0.7960797357056862	0.9541629584556328	0.5105699974411652	0.6775983684154371	0.7158055796295747	2473
0	0.55	sym_max	fold	0.0143040324841573	0.8186606583905498	6.433968279576088e-05	6.433968279576088e-05	6.433968279576088e-05	2473
0	0.55	sym_max	superfamily	0.4018283435133976	0.9038053622224969	0.0949218920705099	0.1674780772456896	0.2389588163451246	2473
0	0.55	sym_mean	family	0.8021994201376442	0.9541629584556328	0.5171751224333193	0.6897227661330231	0.723506836332498	2600
0	0.55	sym_mean	fold	0.017134946689089	0.8186606583905606	6.433968279576088e-05	6.433968279576088e-05	6.433968279576088e-05	2600
0	0.55	sym_mean	superfamily	0.4131142852226556	0.9038053622224984	0.1048697613313649	0.1839168636866894	0.2521481079811697	2600
0	0.55	sym_min	family	0.8040431873615891	0.954162958455633	0.5309623654761939	0.6916191679629546	0.7298281114349703	2513
0	0.55	sym_min	fold	0.0187568912551222	0.8186606583905597	4.225292601512655e-05	4.225292601512655e-05	4.225292601512655e-05	2513
0	0.55	sym_min	superfamily	0.416905826999104	0.9038053622224989	0.1130600271686292	0.1855155701682612	0.252988338931028	2513
1	0.55	Xa	family	0.788759657552888	0.9614991793099028	0.5516954394540663	0.6860577583631345	0.7195806370995765	3976
1	0.55	Xa	fold	0.0070638023478733	0.8306613757832992	0.00032927678504	0.00032927678504	0.00032927678504	3976
1	0.55	Xa	superfamily	0.3637293401355919	0.9184131139050042	0.093333525114329	0.1949224749395087	0.2423193704603002	3976
1	0.55	Xa_cov70	family	0.7612934480956726	0.9614991793099052	0.5999375782891914	0.6954307274176245	0.7188690791059885	3975
1	0.55	Xa_cov70	fold	0.022305396582878	0.8306613757831917	0.0003057739176902	0.0003057739176902	0.000723675801548	3975
1	0.55	Xa_cov70	superfamily	0.3997301054456193	0.9184131139050392	0.1399400854212734	0.2451753947472573	0.2808892196680086	3975
1	0.55	Xa_ktcov	family	0.8190288921244324	0.9614991793099038	0.5745154323412355	0.7213152002059073	0.7505511312301696	4125
1	0.55	Xa_ktcov	fold	0.0148888187989911	0.8306613757832215	0.0003057739176902	0.0003057739176902	0.0003057739176902	4125
1	0.55	Xa_ktcov	superfamily	0.423111392748151	0.918413113905006	0.0945371937007927	0.2244971790009669	0.2764843120718103	4125
1	0.55	sym_max	family	0.8209931303363813	0.9614991793099036	0.5738322758088059	0.7214966017205634	0.7555800660520957	3845
1	0.55	sym_max	fold	0.0146884545835608	0.8306613757832501	0.0001923470361324	0.0001923470361324	0.0001923470361324	3845
1	0.55	sym_max	superfamily	0.4262976006085376	0.91841311390501	0.0976068356906411	0.2204075380384952	0.2755236867170954	3845
1	0.55	sym_mean	family	0.8251855877841892	0.9614991793099028	0.570527355495352	0.7231519853725861	0.763280354510433	3889
1	0.55	sym_mean	fold	0.0169523610250262	0.830661375783258	0.0002373090432364	0.0002373090432364	0.0002373090432364	3889
1	0.55	sym_mean	superfamily	0.4350179595852336	0.9184131139050128	0.1105812459567247	0.2197118775052497	0.2833236057200967	3889
1	0.55	sym_min	family	0.8255429146672099	0.9614991793099024	0.587127364814582	0.7246103517055892	0.7661195154356801	3936
1	0.55	sym_min	fold	0.0180741099597372	0.8306613757832556	0.0002373090432364	0.0002373090432364	0.0007549789915206	3936
1	0.55	sym_min	superfamily	0.4362825379797153	0.918413113905014	0.1191209404763045	0.2211701305061883	0.2842564148888516	3936
2	0.55	Xa	family	0.7236642576672642	0.9536124700015812	0.4765709743018367	0.590105692404148	0.6284408315005536	2252
2	0.55	Xa	fold	0.0059739555777695	0.8704769921228315	2.462326405988378e-05	2.462326405988378e-05	2.462326405988378e-05	2252
2	0.55	Xa	superfamily	0.2784446760859402	0.9271034943471468	0.0633653325377366	0.1115674494464393	0.1469148407948735	2252
2	0.55	Xa_cov70	family	0.7186942419956519	0.9536124700015906	0.5059057589184397	0.6200944322045887	0.6574561197994758	2139
2	0.55	Xa_cov70	fold	0.0232327848792784	0.8704769921227953	2.462326405988378e-05	2.462326405988378e-05	2.462326405988378e-05	2139
2	0.55	Xa_cov70	superfamily	0.335751734263797	0.9271034943471034	0.0817182263276374	0.1490586098637593	0.1949932786491288	2139
2	0.55	Xa_ktcov	family	0.763461189172257	0.9536124700015816	0.4785185273315625	0.6311049172037042	0.6699073915604827	2184
2	0.55	Xa_ktcov	fold	0.0142848817305991	0.8704769921227958	2.462326405988378e-05	2.462326405988378e-05	2.462326405988378e-05	2184
2	0.55	Xa_ktcov	superfamily	0.3416208234465254	0.9271034943471408	0.0646391458705383	0.1223574821904097	0.1741574314861708	2184
2	0.55	sym_max	family	0.7644481589480764	0.9536124700015812	0.4807683969015281	0.6282257205287075	0.6679514801876688	2284
2	0.55	sym_max	fold	0.0139927366137244	0.8704769921227994	2.462326405988378e-05	2.462326405988378e-05	2.462326405988378e-05	2284
2	0.55	sym_max	superfamily	0.3422786069932942	0.9271034943471418	0.0685407163034982	0.1124528845807154	0.1698805811926549	2284
2	0.55	sym_mean	family	0.7704530398026195	0.9536124700015808	0.4797043855982913	0.6327035489447015	0.6744309685118034	2378
2	0.55	sym_mean	fold	0.0166320370854336	0.870476992122809	2.462326405988378e-05	2.462326405988378e-05	2.462326405988378e-05	2378
2	0.55	sym_mean	superfamily	0.3518097595337612	0.9271034943471388	0.0807762668580992	0.1111934286101253	0.1689727542561347	2378
2	0.55	sym_min	family	0.7718677946476454	0.953612470001581	0.4930051781346325	0.6335294756703793	0.6780401099514427	2291
2	0.55	sym_min	fold	0.0180117613549697	0.8704769921228164	0.0	0.0	0.0	2291
2	0.55	sym_min	superfamily	0.3539677913561143	0.927103494347136	0.0843512345771664	0.1231247246332101	0.1698109255859847	2291
3	0.55	Xa	family	0.7586294585772688	0.9498506766053252	0.5068575792601386	0.6158682073663605	0.6656577455827297	2639
3	0.55	Xa	fold	0.0057214042478747	0.8195665288485208	4.018323555412682e-05	4.018323555412682e-05	4.018323555412682e-05	2639
3	0.55	Xa	superfamily	0.3234095596181029	0.9028496086758548	0.0801501013676275	0.1359591483433784	0.1806961130840297	2639
3	0.55	Xa_cov70	family	0.7546711984067062	0.9498506766053286	0.5415995841368367	0.6633808041347139	0.7011161095006698	2509
3	0.55	Xa_cov70	fold	0.02347886517596	0.8195665288484448	4.018323555412682e-05	4.018323555412682e-05	4.018323555412682e-05	2509
3	0.55	Xa_cov70	superfamily	0.3782538271597624	0.9028496086758696	0.0961262689202657	0.1724528029724457	0.2331172586474559	2509
3	0.55	Xa_ktcov	family	0.7953011342022913	0.9498506766053256	0.5301413463220763	0.6637149214739664	0.7090261153082531	2561
3	0.55	Xa_ktcov	fold	0.0133214467544595	0.8195665288484667	4.018323555412682e-05	4.018323555412682e-05	4.018323555412682e-05	2561
3	0.55	Xa_ktcov	superfamily	0.3862179250953075	0.902849608675858	0.0819401082827602	0.1434115254926116	0.2133294828027787	2561
3	0.55	sym_max	family	0.7962239822862087	0.9498506766053252	0.5045868880414164	0.6631213065749473	0.7046633142049915	2667
3	0.55	sym_max	fold	0.0131230225814225	0.8195665288484898	4.018323555412682e-05	4.018323555412682e-05	4.018323555412682e-05	2667
3	0.55	sym_max	superfamily	0.3877442083075175	0.9028496086758614	0.0845684195269635	0.1490555604562062	0.206293393173734	2667
3	0.55	sym_mean	family	0.8018506662485994	0.9498506766053254	0.5041324973412381	0.6702599678633145	0.7119410951909072	2782
3	0.55	sym_mean	fold	0.0155474166508799	0.8195665288484907	4.018323555412682e-05	4.018323555412682e-05	4.018323555412682e-05	2782
3	0.55	sym_mean	superfamily	0.3970492917156076	0.902849608675861	0.0917227272514623	0.1461532407638674	0.2100625863957229	2782
3	0.55	sym_min	family	0.8035251146885868	0.9498506766053249	0.5189618454025577	0.6766295305694773	0.7189224774573506	2700
3	0.55	sym_min	fold	0.0168184711562168	0.8195665288484908	4.018323555412682e-05	4.018323555412682e-05	4.018323555412682e-05	2700
3	0.55	sym_min	superfamily	0.399283530965573	0.9028496086758624	0.0974818777272176	0.1479368507785423	0.2162645588747718	2700
4	0.55	Xa	family	0.7576298311557221	0.954635469738762	0.5176491301070212	0.6260331712167129	0.6656649859022788	2687
4	0.55	Xa	fold	0.0075774311091222	0.8273859860138859	6.347606289246209e-05	6.347606289246209e-05	6.347606289246209e-05	2687
4	0.55	Xa	superfamily	0.3243072121799953	0.909633111472002	0.1127276671829931	0.1501864492959798	0.1911210472123346	2687
4	0.55	Xa_cov70	family	0.7485713159584031	0.954635469738768	0.5682265485979181	0.665352240823887	0.6949537856929033	2573
4	0.55	Xa_cov70	fold	0.0304380417555324	0.827385986013901	6.347606289246209e-05	6.347606289246209e-05	6.347606289246209e-05	2573
4	0.55	Xa_cov70	superfamily	0.3799073468162863	0.9096331114720384	0.1009020504387328	0.1952959841891783	0.2373245245478312	2573
4	0.55	Xa_ktcov	family	0.7992014893770889	0.954635469738763	0.5830802852696485	0.6773114797541131	0.7182130511031957	2610
4	0.55	Xa_ktcov	fold	0.0194703639286282	0.8273859860138401	6.347606289246209e-05	6.347606289246209e-05	6.347606289246209e-05	2610
4	0.55	Xa_ktcov	superfamily	0.3968001757586975	0.9096331114720058	0.1153704449105466	0.1929695963202522	0.2263848768607253	2610
4	0.55	sym_max	family	0.7976192011744522	0.954635469738762	0.5413139148321268	0.6609609805915231	0.7062941239831912	2715
4	0.55	sym_max	fold	0.0179736137720114	0.8273859860138599	6.347606289246209e-05	6.347606289246209e-05	6.347606289246209e-05	2715
4	0.55	sym_max	superfamily	0.3913531643387222	0.9096331114720072	0.119948779072667	0.1842978679946106	0.2266353949965947	2715
4	0.55	sym_mean	family	0.8048764479946597	0.9546354697387626	0.5640156344246391	0.6768126188472531	0.7175213270564299	2837
4	0.55	sym_mean	fold	0.0218330652342052	0.8273859860138655	6.347606289246209e-05	6.347606289246209e-05	6.347606289246209e-05	2837
4	0.55	sym_mean	superfamily	0.4057669876425877	0.9096331114720112	0.1158315222623279	0.184886918891972	0.229778564288235	2837
4	0.55	sym_min	family	0.806777846150807	0.9546354697387626	0.5818371670071462	0.6852461825507292	0.7236250432239331	2748
4	0.55	sym_min	fold	0.0238478551958022	0.827385986013866	4.168577264579599e-05	4.168577264579599e-05	4.168577264579599e-05	2748
4	0.55	sym_min	superfamily	0.4108147770167509	0.9096331114720114	0.1273033946545019	0.1847313446655213	0.236840047364637	2748
0	0.575	Xa	family	0.7568904876662763	0.9541629584556311	0.5149947570672165	0.6227897706716407	0.6775674783620853	2589
0	0.575	Xa	fold	0.0060072999034805	0.8186606583905561	6.433968279576088e-05	6.433968279576088e-05	6.433968279576088e-05	2589
0	0.575	Xa	superfamily	0.3334886267497213	0.9038053622224912	0.0903444552009106	0.1532366224696666	0.2043937991138878	2589
0	0.575	Xa_cov70	family	0.7463282399623552	0.9541629584556376	0.5431943832571839	0.6689802845305289	0.7009798784606347	2438
0	0.575	Xa_cov70	fold	0.0245081101056551	0.8186606583906347	6.433968279576088e-05	6.433968279576088e-05	6.433968279576088e-05	2438
0	0.575	Xa_cov70	superfamily	0.3835970174150167	0.9038053622225072	0.1072873998053833	0.203382651371867	0.2514322176925948	2438
0	0.575	Xa_ktcov	family	0.7949150583583499	0.954162958455632	0.534076806944555	0.6834300693022637	0.7209127766725338	2485
0	0.575	Xa_ktcov	fold	0.0146800606380072	0.8186606583905245	6.433968279576088e-05	6.433968279576088e-05	6.433968279576088e-05	2485
0	0.575	Xa_ktcov	superfamily	0.4002298124507049	0.903805362222492	0.0912662602755981	0.2007802750920012	0.2490405737586426	2485
0	0.575	sym_max	family	0.7954203500769843	0.954162958455632	0.5093106865252077	0.6794969924216162	0.7155638090332246	2625
0	0.575	sym_max	fold	0.0140726325447064	0.8186606583905511	6.433968279576088e-05	6.433968279576088e-05	6.433968279576088e-05	2625
0	0.575	sym_max	superfamily	0.3999166555351678	0.9038053622224972	0.0946676630930949	0.1663643154534177	0.2405119575649029	2625
0	0.575	sym_mean	family	0.8017501724247349	0.954162958455632	0.5090250057080649	0.6906171557730236	0.7215835256768638	2759
0	0.575	sym_mean	fold	0.0169212905407111	0.8186606583905595	6.433968279576088e-05	6.433968279576088e-05	6.433968279576088e-05	2759
0	0.575	sym_mean	superfamily	0.411502482767266	0.9038053622224976	0.1030452317495252	0.1765922177860911	0.247370185991392	2759
0	0.575	sym_min	family	0.8035488400446597	0.954162958455632	0.5389508455567698	0.692531093514358	0.7286878532276717	2662
0	0.575	sym_min	fold	0.0185362091363562	0.8186606583905601	6.433968279576088e-05	6.433968279576088e-05	6.433968279576088e-05	2662
0	0.575	sym_min	superfamily	0.4152647261104612	0.903805362222498	0.1113007500515866	0.1838311791677191	0.2518340140248904	2662
1	0.575	Xa	family	0.7834500913617727	0.961499179309902	0.5499877631176736	0.6809932319982519	0.7132963688931078	3911
1	0.575	Xa	fold	0.0063414220262997	0.8306613757832981	0.000284314777936	0.000284314777936	0.000284314777936	3911
1	0.575	Xa	superfamily	0.3546313947400543	0.9184131139050022	0.0929330819723987	0.1924901545306072	0.2341111145580928	3911
1	0.575	Xa_cov70	family	0.760959536570358	0.9614991793099044	0.6002502781503576	0.6953679117948749	0.7179546953039445	4133
1	0.575	Xa_cov70	fold	0.0220601932688469	0.8306613757831915	0.0003057739176902	0.0003057739176902	0.0007916726752844	4133
1	0.575	Xa_cov70	superfamily	0.3985593560850717	0.918413113905039	0.139365106224003	0.2429847303366204	0.2797727641390996	4133
1	0.575	Xa_ktcov	family	0.8173564485098419	0.9614991793099036	0.5861060301823113	0.7186673767723527	0.746595415358056	4069
1	0.575	Xa_ktcov	fold	0.0143763282386622	0.830661375783218	0.0003057739176902	0.0003057739176902	0.0003057739176902	4069
1	0.575	Xa_ktcov	superfamily	0.4196133782517294	0.9184131139050056	0.093199359881281	0.2238203449470803	0.2694238613184547	4069
1	0.575	sym_max	family	0.8194261766001913	0.961499179309902	0.5657910427022328	0.7194520160809752	0.7530540552906073	4058
1	0.575	sym_max	fold	0.0141702243152373	0.8306613757832483	0.0002158499034822	0.0002158499034822	0.0002158499034822	4058
1	0.575	sym_max	superfamily	0.4227966981891244	0.918413113905008	0.0971993643411671	0.2144605107258975	0.2690148527483477	4058
1	0.575	sym_mean	family	0.8238522489488549	0.961499179309902	0.5644727232959355	0.7207697082192388	0.7595854344296217	4097
1	0.575	sym_mean	fold	0.0164354415772793	0.8306613757832564	0.0002373090432364	0.0002373090432364	0.0002373090432364	4097
1	0.575	sym_mean	superfamily	0.4318828832320126	0.9184131139050123	0.1043587424797367	0.2177762614640702	0.2802288800777051	4097
1	0.575	sym_min	family	0.8241404628939283	0.9614991793099016	0.5896027714318871	0.7231013700436029	0.7651683679371794	4149
1	0.575	sym_min	fold	0.0175096128992436	0.8306613757832536	0.0002373090432364	0.0002373090432364	0.0002373090432364	4149
1	0.575	sym_min	superfamily	0.4331566979381436	0.9184131139050132	0.1174572016767894	0.2188817680173685	0.2823680496853507	4149
2	0.575	Xa	family	0.7180744661768601	0.9536124700015812	0.4716176595272195	0.5837818883083373	0.6256745920637033	2353
2	0.575	Xa	fold	0.0054271797469319	0.8704769921228286	2.462326405988378e-05	2.462326405988378e-05	2.462326405988378e-05	2353
2	0.575	Xa	superfamily	0.2705508927430277	0.9271034943471472	0.0630430514679962	0.1117105445465494	0.1436748464514693	2353
2	0.575	Xa_cov70	family	0.7184024512287711	0.9536124700015904	0.5089009358917711	0.6190202733646458	0.6561521564456452	2229
2	0.575	Xa_cov70	fold	0.0231420839373416	0.8704769921227953	2.462326405988378e-05	2.462326405988378e-05	2.462326405988378e-05	2229
2	0.575	Xa_cov70	superfamily	0.334940645214717	0.9271034943471034	0.0815342239409356	0.1481216844741325	0.1973980675118309	2229
2	0.575	Xa_ktcov	family	0.7617787325051963	0.953612470001582	0.4756534949572129	0.6301686690995961	0.6688532882175572	2275
2	0.575	Xa_ktcov	fold	0.0139034597791924	0.8704769921227946	2.462326405988378e-05	2.462326405988378e-05	2.462326405988378e-05	2275
2	0.575	Xa_ktcov	superfamily	0.3385566642113379	0.9271034943471406	0.0647243716696711	0.119884183300508	0.174716046351117	2275
2	0.575	sym_max	family	0.762896730918592	0.9536124700015812	0.4754324367887202	0.6277318266209652	0.6654350716730306	2403
2	0.575	sym_max	fold	0.0136622781416025	0.8704769921227982	2.462326405988378e-05	2.462326405988378e-05	2.462326405988378e-05	2403
2	0.575	sym_max	superfamily	0.3393941494046648	0.9271034943471412	0.0679866240662755	0.1120549947327027	0.1676890758328064	2403
2	0.575	sym_mean	family	0.769136538817552	0.9536124700015814	0.4794175954335623	0.634129650149639	0.6730146403132276	2498
2	0.575	sym_mean	fold	0.0162994701430343	0.870476992122808	2.462326405988378e-05	2.462326405988378e-05	2.462326405988378e-05	2498
2	0.575	sym_mean	superfamily	0.3490789928578467	0.92710349434714	0.0784570352750861	0.1092187316328411	0.1678625283834189	2498
2	0.575	sym_min	family	0.7704686465084162	0.9536124700015812	0.4942166037910649	0.6297412158831036	0.6773650351279296	2405
2	0.575	sym_min	fold	0.0176894641119619	0.8704769921228144	2.462326405988378e-05	2.462326405988378e-05	2.462326405988378e-05	2405
2	0.575	sym_min	superfamily	0.351144882694355	0.9271034943471362	0.0850302771486173	0.121200526914689	0.1689774310274485	2405
3	0.575	Xa	family	0.7533663819296533	0.9498506766053252	0.5055530472576424	0.6124768353160028	0.6573733411108511	2761
3	0.575	Xa	fold	0.0051886132854008	0.8195665288485214	4.018323555412682e-05	4.018323555412682e-05	4.018323555412682e-05	2761
3	0.575	Xa	superfamily	0.3151113151462711	0.9028496086758532	0.0796994476651086	0.1276524325636838	0.1713340066792475	2761
3	0.575	Xa_cov70	family	0.7544829055683874	0.9498506766053284	0.5386459108168202	0.6638692418139773	0.7001185143650283	2619
3	0.575	Xa_cov70	fold	0.0233753285874314	0.8195665288484452	4.018323555412682e-05	4.018323555412682e-05	4.018323555412682e-05	2619
3	0.575	Xa_cov70	superfamily	0.377576500017299	0.9028496086758694	0.0950335368840503	0.1724918335698696	0.2328593309809267	2619
3	0.575	Xa_ktcov	family	0.7937816988653109	0.9498506766053246	0.5237485162479698	0.6627113826496528	0.7046853757851005	2673
3	0.575	Xa_ktcov	fold	0.0129379838939963	0.8195665288484648	4.018323555412682e-05	4.018323555412682e-05	4.018323555412682e-05	2673
3	0.575	Xa_ktcov	superfamily	0.3830709112758821	0.9028496086758568	0.0803124825987023	0.1484039579395234	0.2092406059577276	2673
3	0.575	sym_max	family	0.7947565810759644	0.9498506766053254	0.5031961021159874	0.6552770393688725	0.7028339925057241	2806
3	0.575	sym_max	fold	0.012734696874694	0.8195665288484885	4.018323555412682e-05	4.018323555412682e-05	4.018323555412682e-05	2806
3	0.575	sym_max	superfamily	0.3845308146540064	0.9028496086758608	0.0837591329221253	0.1423658659168976	0.2009922396606571	2806
3	0.575	sym_mean	family	0.8006057215554839	0.9498506766053244	0.4963527057381475	0.6662083150199727	0.7091913103793608	2924
3	0.575	sym_mean	fold	0.0151617340602222	0.8195665288484881	4.018323555412682e-05	4.018323555412682e-05	4.018323555412682e-05	2924
3	0.575	sym_mean	superfamily	0.3941097127051358	0.902849608675861	0.0893991914260516	0.1429418641841429	0.2083215497846476	2924
3	0.575	sym_min	family	0.8022227003870083	0.9498506766053242	0.5307173590690827	0.6750671905965924	0.7159128364270704	2822
3	0.575	sym_min	fold	0.0163797733377131	0.8195665288484887	4.018323555412682e-05	4.018323555412682e-05	4.018323555412682e-05	2822
3	0.575	sym_min	superfamily	0.3962891233071132	0.902849608675861	0.096560895100516	0.1448743561870736	0.2036918120417243	2822
4	0.575	Xa	family	0.7512940679049179	0.9546354697387606	0.522435850087202	0.6253757199941812	0.6591784174888063	2809
4	0.575	Xa	fold	0.0067367216131866	0.827385986013886	6.347606289246209e-05	6.347606289246209e-05	6.347606289246209e-05	2809
4	0.575	Xa	superfamily	0.314632877984181	0.9096331114720008	0.1124834318270366	0.1464730320025008	0.1839108024855703	2809
4	0.575	Xa_cov70	family	0.748448234204314	0.9546354697387678	0.5693917340376651	0.666185972365704	0.6946226119657335	2683
4	0.575	Xa_cov70	fold	0.0302983040388839	0.8273859860139012	6.347606289246209e-05	6.347606289246209e-05	6.347606289246209e-05	2683
4	0.575	Xa_cov70	superfamily	0.3792282608319251	0.9096331114720384	0.099744717333058	0.1964482993395974	0.2390257398740465	2683
4	0.575	Xa_ktcov	family	0.797542947581521	0.9546354697387616	0.5909789060187502	0.6753926849207329	0.7148756157201294	2716
4	0.575	Xa_ktcov	fold	0.0187749990687729	0.8273859860138377	6.347606289246209e-05	6.347606289246209e-05	6.347606289246209e-05	2716
4	0.575	Xa_ktcov	superfamily	0.3933205168256555	0.9096331114720048	0.1173994469890851	0.1880737748687682	0.2256223404150286	2716
4	0.575	sym_max	family	0.7960216236987452	0.9546354697387616	0.5407741466968349	0.6588233482342177	0.7042909700802181	2848
4	0.575	sym_max	fold	0.0173427109876028	0.8273859860138595	6.347606289246209e-05	6.347606289246209e-05	6.347606289246209e-05	2848
4	0.575	sym_max	superfamily	0.387870876529296	0.909633111472006	0.1193873091545437	0.1860073569120454	0.2239786569233255	2848
4	0.575	sym_mean	family	0.8035244509609604	0.954635469738762	0.5577801321728677	0.6742054491885652	0.7143904524374779	2974
4	0.575	sym_mean	fold	0.0212092104171934	0.8273859860138656	6.347606289246209e-05	6.347606289246209e-05	6.347606289246209e-05	2974
4	0.575	sym_mean	superfamily	0.4026247766296283	0.9096331114720112	0.123844486171113	0.183449851918222	0.2292488377675832	2974
4	0.575	sym_min	family	0.8053660797051116	0.9546354697387622	0.5814003096604907	0.6809393156636548	0.7225460595939385	2885
4	0.575	sym_min	fold	0.0231547611508457	0.8273859860138639	6.347606289246209e-05	6.347606289246209e-05	6.347606289246209e-05	2885
4	0.575	sym_min	superfamily	0.4076680272397332	0.9096331114720118	0.1317459752451792	0.1783634078173872	0.2342581940014854	2885
0	0.6	Xa	family	0.751918392217806	0.9541629584556308	0.5014699116871826	0.6192612741372621	0.666364000236451	2776
0	0.6	Xa	fold	0.0054700262889873	0.8186606583905583	6.433968279576088e-05	6.433968279576088e-05	6.433968279576088e-05	2776
0	0.6	Xa	superfamily	0.3253625481020165	0.903805362222491	0.0890718516278861	0.1522823977346167	0.1997428325691737	2776
0	0.6	Xa_cov70	family	0.7464551568930892	0.9541629584556368	0.5412262310414374	0.6670538890080779	0.7018830496864696	2606
0	0.6	Xa_cov70	fold	0.0246301706754466	0.8186606583906348	6.433968279576088e-05	6.433968279576088e-05	6.433968279576088e-05	2606
0	0.6	Xa_cov70	superfamily	0.3835965083964757	0.9038053622225076	0.1072878226917452	0.2017460572196996	0.2518260985265385	2606
0	0.6	Xa_ktcov	family	0.7939990074293657	0.9541629584556316	0.5334823220579853	0.6812109074132252	0.7158779588255125	2648
0	0.6	Xa_ktcov	fold	0.0143798228124703	0.8186606583905243	6.433968279576088e-05	6.433968279576088e-05	6.433968279576088e-05	2648
0	0.6	Xa_ktcov	superfamily	0.3979391792330983	0.9038053622224916	0.0906969160925259	0.192713814900272	0.2479179497923898	2648
0	0.6	sym_max	family	0.7945599847618678	0.9541629584556308	0.5092985671108687	0.6765875358768535	0.714518779946869	2802
0	0.6	sym_max	fold	0.0137914212896879	0.8186606583905501	6.433968279576088e-05	6.433968279576088e-05	6.433968279576088e-05	2802
0	0.6	sym_max	superfamily	0.3976187495216701	0.9038053622224962	0.0945100737305623	0.164426547777898	0.241305979855479	2802
0	0.6	sym_mean	family	0.8011329413569551	0.9541629584556314	0.5158563838596856	0.6893874810911104	0.7217264093336866	2930
0	0.6	sym_mean	fold	0.0166841776085777	0.8186606583905596	8.991382222596905e-05	8.991382222596905e-05	8.991382222596905e-05	2930
0	0.6	sym_mean	superfamily	0.409523144080937	0.9038053622224964	0.1018639001431798	0.1761511999817823	0.2489526331525782	2930
0	0.6	sym_min	family	0.8028533249771242	0.9541629584556318	0.538615379678139	0.6909539357175313	0.7294148703225528	2815
0	0.6	sym_min	fold	0.0182356514135094	0.8186606583905609	0.0001129305477131	0.0001129305477131	0.0001129305477131	2815
0	0.6	sym_min	superfamily	0.4131723101152524	0.9038053622224976	0.1115241164653728	0.1821074668570081	0.2510089377464518	2815
1	0.6	Xa	family	0.7773111861629854	0.9614991793099008	0.5502992882046834	0.6680496273037985	0.7049569321689209	3861
1	0.6	Xa	fold	0.0056119638178427	0.8306613757832957	0.0002158499034822	0.0002158499034822	0.0002158499034822	3861
1	0.6	Xa	superfamily	0.3445133886387539	0.918413113905	0.0912960809710388	0.1895342479495561	0.2287343169165606	3861
1	0.6	Xa_cov70	family	0.7605521085282186	0.961499179309904	0.5975299717869833	0.6948934564062698	0.7172135148100127	4229
1	0.6	Xa_cov70	fold	0.0218054477935987	0.8306613757831914	0.0003157174384921	0.0003157174384921	0.0008326202174684	4229
1	0.6	Xa_cov70	superfamily	0.3973117454169293	0.9184131139050384	0.1377502485703943	0.2390699860313258	0.2782510356665903	4229
1	0.6	Xa_ktcov	family	0.8154142862937309	0.9614991793099024	0.58653853630018	0.7170869959042468	0.7418709344212175	4004
1	0.6	Xa_ktcov	fold	0.0137892608839162	0.8306613757832148	0.0002158499034822	0.0002158499034822	0.0002158499034822	4004
1	0.6	Xa_ktcov	superfamily	0.4156677986041697	0.9184131139050044	0.0924256309986404	0.2241460999488332	0.2657787686973175	4004
1	0.6	sym_max	family	0.8176051533805221	0.9614991793099008	0.5581429389728116	0.7186943626610146	0.7472091634861554	4146
1	0.6	sym_max	fold	0.0136115101980958	0.8306613757832454	0.0002675562116518	0.0002675562116518	0.0002675562116518	4146
1	0.6	sym_max	superfamily	0.4189155418874617	0.9184131139050064	0.0961127766885952	0.2136602189119225	0.2679583672886213	4146
1	0.6	sym_mean	family	0.8222939499122812	0.9614991793099016	0.5623845690036936	0.7160177291627523	0.7568114698584502	4268
1	0.6	sym_mean	fold	0.0159055071869402	0.8306613757832549	0.0002373090432364	0.0002373090432364	0.0002373090432364	4268
1	0.6	sym_mean	superfamily	0.4283051879546865	0.9184131139050116	0.1033388346065427	0.2130656013716066	0.2778807009531487	4268
1	0.6	sym_min	family	0.8225538146175411	0.9614991793099008	0.5996514986517182	0.7196940168368671	0.7622937167414958	4348
1	0.6	sym_min	fold	0.0169237442543018	0.8306613757832505	0.0002373090432364	0.0002373090432364	0.0002373090432364	4348
1	0.6	sym_min	superfamily	0.4295799081331176	0.9184131139050123	0.1164319361593724	0.2167877355924567	0.2807579253183649	4348
2	0.6	Xa	family	0.7116258267015578	0.953612470001581	0.4651608038337573	0.573921384490776	0.6197537251410942	2499
2	0.6	Xa	fold	0.0049037501033317	0.8704769921228278	2.462326405988378e-05	2.462326405988378e-05	2.462326405988378e-05	2499
2	0.6	Xa	superfamily	0.2619113437978807	0.9271034943471476	0.0618210107199563	0.1060893249246783	0.140762668628792	2499
2	0.6	Xa_cov70	family	0.7180271975262175	0.9536124700015902	0.5118627862972062	0.619325139862058	0.6542466126617732	2357
2	0.6	Xa_cov70	fold	0.0230640068806424	0.8704769921227967	2.462326405988378e-05	2.462326405988378e-05	2.462326405988378e-05	2357
2	0.6	Xa_cov70	superfamily	0.3340809729068963	0.9271034943471042	0.0810924627791561	0.1465732305706416	0.1995065652167142	2357
2	0.6	Xa_ktcov	family	0.7598184017089631	0.9536124700015816	0.4737830543799875	0.6276621422016513	0.6678714455064836	2398
2	0.6	Xa_ktcov	fold	0.0135125422866821	0.8704769921227935	2.462326405988378e-05	2.462326405988378e-05	2.462326405988378e-05	2398
2	0.6	Xa_ktcov	superfamily	0.335165203066274	0.92710349434714	0.0646069237330158	0.1147039633585113	0.1742808395649022	2398
2	0.6	sym_max	family	0.7610994658397396	0.9536124700015814	0.4689055941568914	0.6235018643028784	0.6634439426968564	2532
2	0.6	sym_max	fold	0.0133112232865437	0.8704769921227967	2.462326405988378e-05	2.462326405988378e-05	2.462326405988378e-05	2532
2	0.6	sym_max	superfamily	0.3361940512283575	0.9271034943471412	0.0678819093321312	0.111773092152966	0.1666573868484867	2532
2	0.6	sym_mean	family	0.7675880996225884	0.9536124700015812	0.4770547260389287	0.6345991380246335	0.6684989039015492	2626
2	0.6	sym_mean	fold	0.0159644415593541	0.870476992122806	5.313441191869657e-05	5.313441191869657e-05	5.313441191869657e-05	2626
2	0.6	sym_mean	superfamily	0.3460066653485671	0.9271034943471392	0.0776056920972398	0.116735398970481	0.1661251143654031	2626
2	0.6	sym_min	family	0.7688367123420715	0.9536124700015812	0.4926620815253146	0.6270017598041326	0.6742516454313582	2520
2	0.6	sym_min	fold	0.0173163694388503	0.8704769921228125	7.879444499162809e-05	7.879444499162809e-05	7.879444499162809e-05	2520
2	0.6	sym_min	superfamily	0.3479237012327454	0.9271034943471363	0.0854401649904466	0.1175227335643241	0.1683403261099301	2520
3	0.6	Xa	family	0.7472658119664595	0.9498506766053249	0.4906148111445718	0.6038444015847914	0.6511865092865793	2929
3	0.6	Xa	fold	0.0046734237377348	0.8195665288485205	4.018323555412682e-05	4.018323555412682e-05	4.018323555412682e-05	2929
3	0.6	Xa	superfamily	0.3058910031664433	0.9028496086758524	0.0784735158451598	0.1253433742592259	0.1652442476003633	2929
3	0.6	Xa_cov70	family	0.7542235583958437	0.949850676605328	0.5358421212019212	0.6640538088886858	0.6990091154666415	2775
3	0.6	Xa_cov70	fold	0.0232568202973575	0.8195665288484452	4.018323555412682e-05	4.018323555412682e-05	4.018323555412682e-05	2775
3	0.6	Xa_cov70	superfamily	0.3768118893570184	0.9028496086758692	0.0947294790133183	0.1740932731504407	0.2353208520645497	2775
3	0.6	Xa_ktcov	family	0.7919918040442387	0.9498506766053242	0.5176838483900558	0.6615662528444993	0.7031456514011385	2823
3	0.6	Xa_ktcov	fold	0.0125183028980882	0.8195665288484631	4.018323555412682e-05	4.018323555412682e-05	4.018323555412682e-05	2823
3	0.6	Xa_ktcov	superfamily	0.3795391280484212	0.9028496086758556	0.079575712054799	0.153861993391385	0.2052668956829375	2823
3	0.6	sym_max	family	0.7929867354010142	0.9498506766053249	0.5007816745656334	0.6530256918083568	0.7016665972778422	2962
3	0.6	sym_max	fold	0.0123190781197803	0.8195665288484871	4.018323555412682e-05	4.018323555412682e-05	4.018323555412682e-05	2962
3	0.6	sym_max	superfamily	0.3809949708917033	0.9028496086758604	0.0830480848268117	0.1331558502247532	0.2038289454971126	2962
3	0.6	sym_mean	family	0.7990954828192491	0.949850676605324	0.506520731144488	0.66437622303308	0.7096116613317998	3075
3	0.6	sym_mean	fold	0.0147590331504057	0.8195665288484879	4.018323555412682e-05	4.018323555412682e-05	4.018323555412682e-05	3075
3	0.6	sym_mean	superfamily	0.3907936406777642	0.9028496086758596	0.0886085026770265	0.1407751199939984	0.2040645965694437	3075
3	0.6	sym_min	family	0.8006913811942397	0.9498506766053232	0.525695273705213	0.6737156646991815	0.7117785794037048	2957
3	0.6	sym_min	fold	0.0159277671119933	0.8195665288484872	4.018323555412682e-05	4.018323555412682e-05	4.018323555412682e-05	2957
3	0.6	sym_min	superfamily	0.3929102411089168	0.9028496086758604	0.0953351114846255	0.1462302503100209	0.2012095712530884	2957
4	0.6	Xa	family	0.7440576714172151	0.95463546973876	0.5168926234360589	0.6160536501663431	0.649340449161539	2976
4	0.6	Xa	fold	0.0059456796321509	0.8273859860138867	6.347606289246209e-05	6.347606289246209e-05	6.347606289246209e-05	2976
4	0.6	Xa	superfamily	0.3040955865239692	0.909633111472	0.110961802505311	0.1434652950715399	0.1793453157418413	2976
4	0.6	Xa_cov70	family	0.7482453604627738	0.9546354697387662	0.5681256945589355	0.6660329565448062	0.6933677603051266	2835
4	0.6	Xa_cov70	fold	0.0301307342166422	0.8273859860139008	6.347606289246209e-05	6.347606289246209e-05	6.347606289246209e-05	2835
4	0.6	Xa_cov70	superfamily	0.378414808121374	0.9096331114720384	0.0993156300063674	0.194394724151153	0.2407973090515386	2835
4	0.6	Xa_ktcov	family	0.7955782327020329	0.9546354697387612	0.5834758143484172	0.6744089589593993	0.7093603600825289	2856
4	0.6	Xa_ktcov	fold	0.0180510900003832	0.8273859860138356	6.347606289246209e-05	6.347606289246209e-05	6.347606289246209e-05	2856
4	0.6	Xa_ktcov	superfamily	0.3894260265303518	0.909633111472004	0.1239429364509392	0.1867762015312672	0.2252855759454726	2856
4	0.6	sym_max	family	0.7941314426873902	0.954635469738761	0.5370219811600394	0.6587201354891735	0.703562884239044	3001
4	0.6	sym_max	fold	0.016686894737103	0.8273859860138596	6.347606289246209e-05	6.347606289246209e-05	6.347606289246209e-05	3001
4	0.6	sym_max	superfamily	0.3839820509538931	0.9096331114720048	0.118947579920406	0.1789838544703065	0.2207343482602811	3001
4	0.6	sym_mean	family	0.8018930922305104	0.9546354697387612	0.5470799431708009	0.6713123644403409	0.7126878188077191	3121
4	0.6	sym_mean	fold	0.0205205917771417	0.8273859860138637	8.87069252833386e-05	8.87069252833386e-05	8.87069252833386e-05	3121
4	0.6	sym_mean	superfamily	0.3990276505763571	0.90963311147201	0.1262631931713049	0.1823811246669495	0.2262743413339996	3121
4	0.6	sym_min	family	0.8036617744637967	0.954635469738762	0.5783157768842273	0.6785334919365431	0.7188886160014981	3018
4	0.6	sym_min	fold	0.0223887211906542	0.8273859860138632	0.0001114147014351	0.0001114147014351	0.0001114147014351	3018
4	0.6	sym_min	superfamily	0.4040143086862862	0.909633111472011	0.1317648251031928	0.1770188435316497	0.2326808875684124	3018
0	0.625	Xa	family	0.7461136035504659	0.9541629584556304	0.4870342434142379	0.6079108409510232	0.6573228010128024	2952
0	0.625	Xa	fold	0.0049614262349658	0.818660658390559	0.0001129305477131	0.0001129305477131	0.0001129305477131	2952
0	0.625	Xa	superfamily	0.3162822428856424	0.9038053622224914	0.0876455296722271	0.1452825343770565	0.1964386435767978	2952
0	0.625	Xa_cov70	family	0.7465097951594949	0.9541629584556366	0.5398012838871811	0.6690092506887283	0.7009016226209918	2750
0	0.625	Xa_cov70	fold	0.0247582824743789	0.8186606583906355	0.0001129305477131	0.0001129305477131	0.0001129305477131	2750
0	0.625	Xa_cov70	superfamily	0.3834545166256417	0.903805362222508	0.1093199255674046	0.2138848311137229	0.2536926181292542	2750
0	0.625	Xa_ktcov	family	0.7928431529717689	0.9541629584556314	0.535713566454202	0.6777923056324612	0.7155315876707116	2833
0	0.625	Xa_ktcov	fold	0.014062715557099	0.8186606583905237	6.433968279576088e-05	6.433968279576088e-05	6.433968279576088e-05	2833
0	0.625	Xa_ktcov	superfamily	0.3952163881471684	0.9038053622224914	0.0894513951383018	0.1889390082937709	0.2436339070266056	2833
0	0.625	sym_max	family	0.7934596731771294	0.9541629584556304	0.5082147023146284	0.6715646729262138	0.7142525892733259	3000
0	0.625	sym_max	fold	0.0134756972762917	0.8186606583905508	8.991382222596905e-05	8.991382222596905e-05	8.991382222596905e-05	3000
0	0.625	sym_max	superfamily	0.3949708836512066	0.9038053622224956	0.0938489556944286	0.1635311067808929	0.2405809892877159	3000
0	0.625	sym_mean	family	0.8001986745502175	0.9541629584556311	0.5311746597496221	0.6870966076110747	0.7212177348848068	3114
0	0.625	sym_mean	fold	0.0164156840214352	0.8186606583905603	0.0001385046871433	0.0001385046871433	0.0001385046871433	3114
0	0.625	sym_mean	superfamily	0.4071017453958686	0.9038053622224952	0.1009206300426574	0.1731434744315073	0.2492113852414585	3114
0	0.625	sym_min	family	0.8018716829018688	0.9541629584556311	0.5378764044924438	0.6903341628963953	0.7270435628948566	2974
0	0.625	sym_min	fold	0.0178973722268447	0.8186606583905613	0.0001385046871433	0.0001385046871433	0.0001385046871433	2974
0	0.625	sym_min	superfamily	0.41066298438789	0.9038053622224964	0.1108655752726036	0.178841147253995	0.2500500319833289	2974
1	0.625	Xa	family	0.7702980872115046	0.9614991793098994	0.5323083539069382	0.6610777237895915	0.695287935725414	3809
1	0.625	Xa	fold	0.0049284807656342	0.8306613757832949	0.0001708878963782	0.0001708878963782	0.0001708878963782	3809
1	0.625	Xa	superfamily	0.3333537724638179	0.9184131139049972	0.089223312400081	0.1881716566169962	0.2220145572487784	3809
1	0.625	Xa_cov70	family	0.760079355918074	0.9614991793099034	0.5963510298638643	0.6928154639966649	0.7160055623286425	4317
1	0.625	Xa_cov70	fold	0.0215574370571809	0.8306613757831914	0.0003157174384921	0.0003157174384921	0.0008745466076153	4317
1	0.625	Xa_cov70	superfamily	0.3959074317045681	0.9184131139050392	0.136809921453176	0.2343818894403629	0.2764852469088156	4317
1	0.625	Xa_ktcov	family	0.8132156297416228	0.9614991793099008	0.5906279351700566	0.7154240973985881	0.7390916051401661	3966
1	0.625	Xa_ktcov	fold	0.0132280521560154	0.8306613757832126	0.0002158499034822	0.0002158499034822	0.0002158499034822	3966
1	0.625	Xa_ktcov	superfamily	0.4112314177497868	0.9184131139050048	0.0908677724865337	0.220100709116055	0.2625070667371377	3966
1	0.625	sym_max	family	0.8155292934642033	0.9614991793099008	0.549293931745524	0.7139226561271979	0.742692298694725	4193
1	0.625	sym_max	fold	0.0130633454198192	0.8306613757832445	0.0002675562116518	0.0002675562116518	0.0002675562116518	4193
1	0.625	sym_max	superfamily	0.4144958143316722	0.918413113905006	0.0952735701815521	0.2125333693366804	0.2662893018695525	4193
1	0.625	sym_mean	family	0.8204291175948292	0.9614991793099	0.5611976290593855	0.7158458751033384	0.7536814492768366	4371
1	0.625	sym_mean	fold	0.0153338463052549	0.8306613757832512	0.0001923470361324	0.0001923470361324	0.0003438553752222	4371
1	0.625	sym_mean	superfamily	0.4242826359868843	0.9184131139050096	0.1017981019684281	0.2114567678635639	0.2749740111081326	4371
1	0.625	sym_min	family	0.8206232399085336	0.9614991793098996	0.5978709468796316	0.7175403550258983	0.758421867113963	4522
1	0.625	sym_min	fold	0.0163279008779417	0.830661375783249	0.0002686461997028	0.0002686461997028	0.0002686461997028	4522
1	0.625	sym_min	superfamily	0.4254965600099223	0.9184131139050112	0.1152261967838138	0.213148514568098	0.2771554262281587	4522
2	0.625	Xa	family	0.7043497156273327	0.953612470001581	0.462386028982372	0.5653511990253716	0.612614145625554	2630
2	0.625	Xa	fold	0.0044394787125101	0.8704769921228278	7.879444499162809e-05	7.879444499162809e-05	7.879444499162809e-05	2630
2	0.625	Xa	superfamily	0.2525073022396782	0.9271034943471482	0.0613462669690416	0.1014154891952351	0.1378876265667665	2630
2	0.625	Xa_cov70	family	0.7175694981630387	0.9536124700015904	0.5095906088845854	0.6179380187415646	0.6508519327247048	2464
2	0.625	Xa_cov70	fold	0.0230010777169134	0.8704769921227977	7.879444499162809e-05	7.879444499162809e-05	7.879444499162809e-05	2464
2	0.625	Xa_cov70	superfamily	0.3330636044068428	0.9271034943471038	0.0803740303350641	0.145746115414479	0.1967781328797097	2464
2	0.625	Xa_ktcov	family	0.7575998387608348	0.9536124700015822	0.4698520877349543	0.620750287997877	0.6659991033516875	2545
2	0.625	Xa_ktcov	fold	0.0131094402922859	0.8704769921227906	2.462326405988378e-05	2.462326405988378e-05	2.462326405988378e-05	2545
2	0.625	Xa_ktcov	superfamily	0.3313684736227182	0.9271034943471405	0.0647729137412305	0.1119589178375838	0.1729254825223936	2545
2	0.625	sym_max	family	0.7590346678382294	0.9536124700015812	0.4703834456593349	0.6219077462133079	0.6604074237035522	2686
2	0.625	sym_max	fold	0.0129461134747626	0.8704769921227954	5.313441191869657e-05	5.313441191869657e-05	5.313441191869657e-05	2686
2	0.625	sym_max	superfamily	0.3326604503622542	0.9271034943471412	0.0680281725296284	0.1102120991971291	0.1628281465283243	2686
2	0.625	sym_mean	family	0.7656986446625673	0.9536124700015808	0.4755485951585926	0.6321067764564013	0.6652716643447261	2757
2	0.625	sym_mean	fold	0.0155987434562401	0.8704769921228039	0.0001073055928504	0.0001073055928504	0.0001073055928504	2757
2	0.625	sym_mean	superfamily	0.3425650879668463	0.927103494347139	0.0774259298915904	0.1163459986159227	0.1651220610445553	2757
2	0.625	sym_min	family	0.7668661199557385	0.9536124700015812	0.4927193642406253	0.6260568023310107	0.6712541704851807	2626
2	0.625	sym_min	fold	0.0168906082556496	0.8704769921228105	0.0001073055928504	0.0001073055928504	0.0001073055928504	2626
2	0.625	sym_min	superfamily	0.3443032281949797	0.9271034943471362	0.0853916209240246	0.1148599631189351	0.1664420920245038	2626
3	0.625	Xa	family	0.7403103107737234	0.949850676605324	0.4756518983999007	0.5956031790631738	0.6424367888767631	3082
3	0.625	Xa	fold	0.0041806200719464	0.8195665288485176	4.018323555412682e-05	4.018323555412682e-05	4.018323555412682e-05	3082
3	0.625	Xa	superfamily	0.2957254448338304	0.9028496086758518	0.0763629712906807	0.1200685308065201	0.1641214730376116	3082
3	0.625	Xa_cov70	family	0.7538921800462125	0.949850676605327	0.5385534941075559	0.6635214816826552	0.6976884123011612	2907
3	0.625	Xa_cov70	fold	0.0231243757508953	0.8195665288484455	4.018323555412682e-05	4.018323555412682e-05	4.018323555412682e-05	2907
3	0.625	Xa_cov70	superfamily	0.3758914525368855	0.9028496086758688	0.0926881741432421	0.1774774326950248	0.2336651319839907	2907
3	0.625	Xa_ktcov	family	0.7899376186618222	0.9498506766053236	0.5079137195415114	0.6603973172563891	0.7003680311605172	2984
3	0.625	Xa_ktcov	fold	0.0120977629179327	0.8195665288484624	4.018323555412682e-05	4.018323555412682e-05	4.018323555412682e-05	2984
3	0.625	Xa_ktcov	superfamily	0.3755670752633546	0.9028496086758552	0.0780290441844176	0.1577255441398717	0.2029681449730701	2984
3	0.625	sym_max	family	0.7909342943739626	0.949850676605324	0.498940190667588	0.652318511008107	0.6996652032470609	3137
3	0.625	sym_max	fold	0.0118936661907854	0.8195665288484849	4.018323555412682e-05	4.018323555412682e-05	4.018323555412682e-05	3137
3	0.625	sym_max	superfamily	0.3769932526495831	0.9028496086758596	0.082209235446951	0.1272574439596428	0.1985835248474952	3137
3	0.625	sym_mean	family	0.7972567515073723	0.9498506766053232	0.5183708360315288	0.6633035169021801	0.7079663115578125	3236
3	0.625	sym_mean	fold	0.0143321814901305	0.8195665288484877	4.018323555412682e-05	4.018323555412682e-05	4.018323555412682e-05	3236
3	0.625	sym_mean	superfamily	0.3870747654453332	0.9028496086758592	0.0882585382787285	0.1381069432670197	0.2068175061850496	3236
3	0.625	sym_min	family	0.7988402789686552	0.949850676605323	0.5165964018600797	0.6675847749498006	0.7091693833521878	3097
3	0.625	sym_min	fold	0.0154614873899964	0.8195665288484849	4.018323555412682e-05	4.018323555412682e-05	4.018323555412682e-05	3097
3	0.625	sym_min	superfamily	0.3890563215700471	0.9028496086758598	0.0946627021312252	0.1529076393374328	0.1990288847819819	3097
4	0.625	Xa	family	0.7359841357719052	0.9546354697387582	0.5005062558208244	0.6078672541756526	0.6410380489537811	3132
4	0.625	Xa	fold	0.0052220902954215	0.8273859860138852	0.0001114147014351	0.0001114147014351	0.0001114147014351	3132
4	0.625	Xa	superfamily	0.2927475107163419	0.9096331114719984	0.1097932845502719	0.1395079612882317	0.1736471038465489	3132
4	0.625	Xa_cov70	family	0.7479485416872863	0.9546354697387662	0.5666457659556908	0.6633783599648556	0.6926111566456306	2966
4	0.625	Xa_cov70	fold	0.0299712323751759	0.8273859860139008	0.0001114147014351	0.0001114147014351	0.0001114147014351	2966
4	0.625	Xa_cov70	superfamily	0.377467885125169	0.9096331114720382	0.0969744345635968	0.1985029638367396	0.2398270052975797	2966
4	0.625	Xa_ktcov	family	0.7932831714576695	0.95463546973876	0.5787817833518408	0.6673302054566939	0.7064447375661468	3027
4	0.625	Xa_ktcov	fold	0.017277424164588	0.8273859860138325	6.347606289246209e-05	6.347606289246209e-05	6.347606289246209e-05	3027
4	0.625	Xa_ktcov	superfamily	0.3850164324462989	0.9096331114720048	0.1260318372300309	0.186645456111006	0.2215239548288804	3027
4	0.625	sym_max	family	0.7918791134661037	0.9546354697387598	0.5358172487462508	0.6552954112942214	0.698643245657209	3176
4	0.625	sym_max	fold	0.0160049438448284	0.8273859860138583	8.87069252833386e-05	8.87069252833386e-05	8.87069252833386e-05	3176
4	0.625	sym_max	superfamily	0.3796032604124391	0.9096331114720044	0.1180875411762397	0.1717967229260659	0.2176317831212212	3176
4	0.625	sym_mean	family	0.7998893286975416	0.9546354697387608	0.5409875618363015	0.6688653369136138	0.7129471788033486	3283
4	0.625	sym_mean	fold	0.0197967193468867	0.8273859860138613	0.000136645563826	0.000136645563826	0.000136645563826	3283
4	0.625	sym_mean	superfamily	0.3949061578487977	0.909633111472009	0.122844729522592	0.1796951912125879	0.2268724206324845	3283
4	0.625	sym_min	family	0.8016357732122407	0.9546354697387606	0.5653501404830695	0.6768727447971311	0.716508995432542	3152
4	0.625	sym_min	fold	0.0215672387399832	0.82738598601386	0.000136645563826	0.000136645563826	0.000136645563826	3152
4	0.625	sym_min	superfamily	0.3998245280408783	0.9096331114720104	0.1292402301041056	0.1765454620860858	0.2307547252587305	3152
0	0.65	Xa	family	0.7393771411809829	0.9541629584556298	0.474577404621068	0.6038061835131112	0.6481008035110386	3150
0	0.65	Xa	fold	0.0044681041694583	0.8186606583905597	0.0001129305477131	0.0001129305477131	0.0001129305477131	3150
0	0.65	Xa	superfamily	0.3062295137816084	0.9038053622224902	0.0859438961025788	0.1359368822477583	0.1873009336381632	3150
0	0.65	Xa_cov70	family	0.7464902928206163	0.954162958455636	0.5499089625451365	0.6697608115339987	0.7012615573566712	2927
0	0.65	Xa_cov70	fold	0.0248446382711684	0.818660658390636	0.0001129305477131	0.0001129305477131	0.0001129305477131	2927
0	0.65	Xa_cov70	superfamily	0.383219054273954	0.9038053622225076	0.1165228700326747	0.2131078021275885	0.2533499407850366	2927
0	0.65	Xa_ktcov	family	0.7913876020791633	0.9541629584556304	0.5347209969963436	0.6758872363001986	0.7125754509485271	3010
0	0.65	Xa_ktcov	fold	0.0137111719338896	0.8186606583905222	0.0001129305477131	0.0001129305477131	0.0001129305477131	3010
0	0.65	Xa_ktcov	superfamily	0.3920101154703654	0.9038053622224914	0.0883187593154817	0.1825125497927663	0.2373249965647053	3010
0	0.65	sym_max	family	0.7920846011232455	0.9541629584556296	0.5009214782640969	0.6688813615255524	0.7135910026904627	3201
0	0.65	sym_max	fold	0.0131565161982773	0.8186606583905528	0.0001385046871433	0.0001385046871433	0.0001385046871433	3201
0	0.65	sym_max	superfamily	0.3917510248447218	0.9038053622224944	0.0931589016061471	0.1627296339102374	0.2365048998421771	3201
0	0.65	sym_mean	family	0.798994417185127	0.9541629584556304	0.5325074363632282	0.6819549260416482	0.7199508392519424	3300
0	0.65	sym_mean	fold	0.0160594390338301	0.8186606583905608	0.0001385046871433	0.0001385046871433	0.0001385046871433	3300
0	0.65	sym_mean	superfamily	0.4042321266523325	0.903805362222495	0.1004880180831967	0.1713021560526082	0.2472991148653547	3300
0	0.65	sym_min	family	0.8005968354360241	0.9541629584556304	0.5338777869622402	0.6863051931009047	0.7246825521460231	3154
0	0.65	sym_min	fold	0.017527446976238	0.8186606583905617	0.0001385046871433	0.0001385046871433	0.0001385046871433	3154
0	0.65	sym_min	superfamily	0.4076283981198818	0.903805362222496	0.1103494797625355	0.1768601931428009	0.2538560292805589	3154
1	0.65	Xa	family	0.7622466134734193	0.9614991793098988	0.5221341039719887	0.652745579956847	0.6806742330332693	3756
1	0.65	Xa	fold	0.0043433097412547	0.8306613757832926	0.000194390763728	0.000194390763728	0.000194390763728	3756
1	0.65	Xa	superfamily	0.3212077472701102	0.9184131139049948	0.0878802070778356	0.1770192064438946	0.2153709252361114	3756
1	0.65	Xa_cov70	family	0.7595434928393552	0.9614991793099028	0.5964731488478646	0.6908925391925399	0.7151842382173501	4434
1	0.65	Xa_cov70	fold	0.0213511511104316	0.8306613757831917	0.0003244075743189	0.0003244075743189	0.0008432094511488	4434
1	0.65	Xa_cov70	superfamily	0.3944508476023199	0.9184131139050395	0.1361277107478527	0.2312686486290095	0.2754103819058908	4434
1	0.65	Xa_ktcov	family	0.810676489440832	0.9614991793099	0.5875729016357377	0.7062043626477313	0.7336174685597272	3920
1	0.65	Xa_ktcov	fold	0.0126197634039698	0.8306613757832079	0.0001708878963782	0.0001708878963782	0.0001708878963782	3920
1	0.65	Xa_ktcov	superfamily	0.4062430713303495	0.918413113905004	0.0895422206563917	0.2142686634619295	0.2585415907103014	3920
1	0.65	sym_max	family	0.8131326685635277	0.9614991793098996	0.5419747273271828	0.7087067069591483	0.739316907595151	4145
1	0.65	sym_max	fold	0.0125242737077428	0.8306613757832422	0.0002675562116518	0.0002675562116518	0.0002675562116518	4145
1	0.65	sym_max	superfamily	0.4094929467525056	0.9184131139050056	0.094062372821442	0.2120009190236959	0.2641344175624172	4145
1	0.65	sym_mean	family	0.8182678718626938	0.9614991793098996	0.5587129380426443	0.715384350454398	0.7480985543670708	4469
1	0.65	sym_mean	fold	0.0147442122286965	0.8306613757832487	0.0002675562116518	0.0002675562116518	0.0003075835039451	4469
1	0.65	sym_mean	superfamily	0.4196802495888184	0.9184131139050078	0.1015903835416717	0.2087317171784856	0.270503886291664	4469
1	0.65	sym_min	family	0.8184437946228524	0.961499179309899	0.5950973820795231	0.7142571386640362	0.7533709235692955	4649
1	0.65	sym_min	fold	0.0157200577387889	0.8306613757832475	0.0002872798563315	0.0002872798563315	0.0003237269720525	4649
1	0.65	sym_min	superfamily	0.4208746622316004	0.9184131139050103	0.1157393928919924	0.2113446225564588	0.2742911005347221	4649
2	0.65	Xa	family	0.6961142298280147	0.9536124700015814	0.4481325063750007	0.5580209202865519	0.6034716186115444	2758
2	0.65	Xa	fold	0.003967162983753	0.8704769921228253	7.879444499162809e-05	7.879444499162809e-05	7.879444499162809e-05	2758
2	0.65	Xa	superfamily	0.242482450987635	0.9271034943471492	0.0609401575784493	0.0956433969027119	0.1304401327750771	2758
2	0.65	Xa_cov70	family	0.7170603206615622	0.95361247000159	0.5072511893313163	0.6192455624297397	0.6509130617762842	2581
2	0.65	Xa_cov70	fold	0.022922528456944	0.8704769921227989	7.879444499162809e-05	7.879444499162809e-05	7.879444499162809e-05	2581
2	0.65	Xa_cov70	superfamily	0.3320436503211934	0.9271034943471036	0.0796484633425395	0.1447095586075137	0.1934030340473337	2581
2	0.65	Xa_ktcov	family	0.7550472918355773	0.953612470001582	0.4681702160431791	0.6166271076770018	0.6611417811004188	2666
2	0.65	Xa_ktcov	fold	0.0126948339153756	0.870476992122787	7.879444499162809e-05	7.879444499162809e-05	7.879444499162809e-05	2666
2	0.65	Xa_ktcov	superfamily	0.327148348486078	0.92710349434714	0.0636228101426052	0.1086552191046727	0.1710721448223933	2666
2	0.65	sym_max	family	0.7566978734287321	0.9536124700015812	0.477456184745868	0.6191528710950536	0.6556915191365631	2825
2	0.65	sym_max	fold	0.0125715572446507	0.8704769921227922	0.0001073055928504	0.0001073055928504	0.0001073055928504	2825
2	0.65	sym_max	superfamily	0.3286382447442973	0.9271034943471408	0.0714075066429859	0.1084288334449928	0.1618762226272393	2825
2	0.65	sym_mean	family	0.7635127781754628	0.9536124700015812	0.4715190159388859	0.627817398429912	0.6622042332929967	2884
2	0.65	sym_mean	fold	0.0151835316403311	0.8704769921228008	0.0001073055928504	0.0001073055928504	0.0001073055928504	2884
2	0.65	sym_mean	superfamily	0.3387084087332705	0.9271034943471388	0.0776293118235395	0.1133125974520399	0.1646282100828539	2884
2	0.65	sym_min	family	0.7646037341582301	0.953612470001581	0.492678183959663	0.6274064977037818	0.6646637205401607	2759
2	0.65	sym_min	fold	0.016421015498553	0.870476992122809	0.0001073055928504	0.0001073055928504	0.0001073055928504	2759
2	0.65	sym_min	superfamily	0.3401837962793727	0.9271034943471363	0.0858101987839126	0.1111243144378839	0.1659118525360072	2759
3	0.65	Xa	family	0.7323832245704717	0.9498506766053232	0.4620972432064453	0.5867288177098801	0.633374977887139	3259
3	0.65	Xa	fold	0.0037364253704701	0.8195665288485173	4.018323555412682e-05	4.018323555412682e-05	4.018323555412682e-05	3259
3	0.65	Xa	superfamily	0.2846777780837429	0.9028496086758512	0.0745683933238138	0.115728562756173	0.1559271768301857	3259
3	0.65	Xa_cov70	family	0.753485798777483	0.9498506766053268	0.5468852815988362	0.6627458013016486	0.6959586802739632	3071
3	0.65	Xa_cov70	fold	0.0229928352237783	0.8195665288484455	4.018323555412682e-05	4.018323555412682e-05	4.018323555412682e-05	3071
3	0.65	Xa_cov70	superfamily	0.3748951624813328	0.9028496086758688	0.0976773848207862	0.1779965247606647	0.2327545008948215	3071
3	0.65	Xa_ktcov	family	0.7875566658156415	0.9498506766053229	0.4972966906573511	0.6541778952572508	0.6977869229538582	3137
3	0.65	Xa_ktcov	fold	0.0116655547827422	0.8195665288484606	4.018323555412682e-05	4.018323555412682e-05	4.018323555412682e-05	3137
3	0.65	Xa_ktcov	superfamily	0.3710621218297086	0.9028496086758544	0.0765840118899259	0.1562809861419781	0.1999353477590559	3137
3	0.65	sym_max	family	0.7885330358992084	0.9498506766053236	0.4876961890432518	0.6470580567996222	0.6983396830741108	3314
3	0.65	sym_max	fold	0.0114703038711809	0.8195665288484841	4.018323555412682e-05	4.018323555412682e-05	4.018323555412682e-05	3314
3	0.65	sym_max	superfamily	0.3724008977315381	0.9028496086758582	0.0809301974096422	0.1238188319974829	0.1953336744797531	3314
3	0.65	sym_mean	family	0.7951167224272315	0.949850676605323	0.5112124906447871	0.6587938662842668	0.7034746461183456	3406
3	0.65	sym_mean	fold	0.0138744491096241	0.8195665288484858	4.018323555412682e-05	4.018323555412682e-05	4.018323555412682e-05	3406
3	0.65	sym_mean	superfamily	0.3827812616193118	0.9028496086758584	0.0878646336768527	0.1339715465600876	0.1995340176312336	3406
3	0.65	sym_min	family	0.7966676103395314	0.949850676605323	0.5085784879920835	0.6614402541438728	0.7054275734491002	3268
3	0.65	sym_min	fold	0.014989899925677	0.8195665288484831	4.018323555412682e-05	4.018323555412682e-05	4.018323555412682e-05	3268
3	0.65	sym_min	superfamily	0.3846802812053124	0.9028496086758608	0.0931129670869596	0.1451344143040221	0.1971621258011819	3268
4	0.65	Xa	family	0.7269937405719228	0.9546354697387568	0.4816311265322854	0.6004703026722168	0.6296109918780403	3302
4	0.65	Xa	fold	0.0045412929355254	0.8273859860138835	0.0001114147014351	0.0001114147014351	0.0001114147014351	3302
4	0.65	Xa	superfamily	0.2806530448495378	0.9096331114719964	0.1082302359864667	0.1344625449726977	0.1679621539661713	3302
4	0.65	Xa_cov70	family	0.7475744055893067	0.9546354697387652	0.5671175025328683	0.6617394340328195	0.6909923580007086	3116
4	0.65	Xa_cov70	fold	0.0297823568755569	0.8273859860139017	0.0001114147014351	0.0001114147014351	0.0001114147014351	3116
4	0.65	Xa_cov70	superfamily	0.3764203205273886	0.9096331114720388	0.1028751374149898	0.1987768831990564	0.2383993007326777	3116
4	0.65	Xa_ktcov	family	0.7906579611506253	0.9546354697387588	0.5672056310759329	0.6672404980552036	0.7010653117212361	3185
4	0.65	Xa_ktcov	fold	0.0164865969509736	0.8273859860138317	0.0001114147014351	0.0001114147014351	0.0001114147014351	3185
4	0.65	Xa_ktcov	superfamily	0.3799681318225857	0.909633111472004	0.1274244539153376	0.1859832397062973	0.2206810864811388	3185
4	0.65	sym_max	family	0.7892821616684556	0.9546354697387586	0.5341561114372189	0.6540078845579842	0.6952881780261627	3360
4	0.65	sym_max	fold	0.0153282555941869	0.8273859860138559	0.000136645563826	0.000136645563826	0.000136645563826	3360
4	0.65	sym_max	superfamily	0.3746668476062519	0.9096331114720032	0.1143910107134901	0.1660519327046708	0.2115667231712349	3360
4	0.65	sym_mean	family	0.797517780252788	0.9546354697387592	0.547455177799583	0.6647542952130074	0.7074030365308706	3453
4	0.65	sym_mean	fold	0.0189976505990837	0.8273859860138615	0.000136645563826	0.000136645563826	0.000136645563826	3453
4	0.65	sym_mean	superfamily	0.3902594259577918	0.9096331114720072	0.119718953454325	0.1768632250096639	0.2248959979139766	3453
4	0.65	sym_min	family	0.7991986882088131	0.9546354697387598	0.566551273603945	0.6748198956407707	0.713844067017636	3312
4	0.65	sym_min	fold	0.0206874765634827	0.8273859860138585	0.000136645563826	0.000136645563826	0.000136645563826	3312
4	0.65	sym_min	superfamily	0.3950042383648592	0.9096331114720104	0.1276747875643393	0.1754946601331266	0.2291555817395145	3312
0	0.675	Xa	family	0.7315260575923863	0.9541629584556284	0.4667549368740619	0.5984425191858382	0.6373209713369427	3348
0	0.675	Xa	fold	0.0039832626493866	0.818660658390561	0.0001129305477131	0.0001129305477131	0.0001129305477131	3348
0	0.675	Xa	superfamily	0.2952746215458761	0.9038053622224884	0.0857382352577932	0.1317552177249534	0.1813026921828815	3348
0	0.675	Xa_cov70	family	0.7464215683041774	0.9541629584556364	0.5578274090145258	0.6693086995258954	0.7010224885930725	3101
0	0.675	Xa_cov70	fold	0.0249047946796902	0.8186606583906358	0.0001129305477131	0.0001129305477131	0.0001129305477131	3101
0	0.675	Xa_cov70	superfamily	0.3828401043426764	0.9038053622225086	0.1218649423968407	0.2121756586283157	0.2545025665915673	3101
0	0.675	Xa_ktcov	family	0.789606734172896	0.9541629584556296	0.5285131618478617	0.6698955192073409	0.7085803541206556	3199
0	0.675	Xa_ktcov	fold	0.0133215146808468	0.8186606583905208	0.0001129305477131	0.0001129305477131	0.0001129305477131	3199
0	0.675	Xa_ktcov	superfamily	0.3883211540243867	0.90380536222249	0.0869588938306658	0.1751227705607272	0.2373047318387431	3199
0	0.675	sym_max	family	0.7903362916595805	0.954162958455629	0.4984868825398664	0.6642126764668556	0.7115793716200185	3391
0	0.675	sym_max	fold	0.0127814500445418	0.8186606583905531	0.0001385046871433	0.0001385046871433	0.0001385046871433	3391
0	0.675	sym_max	superfamily	0.3880827335488539	0.9038053622224932	0.0920641909711252	0.1600137240554086	0.2342376438788357	3391
0	0.675	sym_mean	family	0.7974753244662363	0.9541629584556292	0.5227316320517338	0.6770512263185032	0.7202797552043106	3492
0	0.675	sym_mean	fold	0.0156682204000105	0.8186606583905619	0.0001385046871433	0.0001385046871433	0.0001385046871433	3492
0	0.675	sym_mean	superfamily	0.4008174506410521	0.9038053622224952	0.1005130217368371	0.1688206695024552	0.2411136621486871	3492
0	0.675	sym_min	family	0.7989899113950852	0.95416295845563	0.530776341458658	0.6823825698692177	0.7225723703418626	3342
0	0.675	sym_min	fold	0.0170813299832336	0.8186606583905613	0.0001385046871433	0.0001385046871433	0.0001385046871433	3342
0	0.675	sym_min	superfamily	0.4040272845111183	0.9038053622224956	0.1097087096562666	0.1754138121105279	0.2473898912249159	3342
1	0.675	Xa	family	0.7530856886907403	0.9614991793098971	0.5045676457493206	0.6404867057444443	0.6639354669017636	3709
1	0.675	Xa	fold	0.0037706041179895	0.8306613757832908	0.000194390763728	0.000194390763728	0.000194390763728	3709
1	0.675	Xa	superfamily	0.3081162374992483	0.9184131139049936	0.0875168601509817	0.1604358859798743	0.2055012311924075	3709
1	0.675	Xa_cov70	family	0.7589384749318828	0.9614991793099024	0.5949533138638592	0.6899533289458021	0.7141370235828272	4520
1	0.675	Xa_cov70	fold	0.021092267405781	0.8306613757831921	0.0003200159929973	0.0003200159929973	0.0007550233873353	4520
1	0.675	Xa_cov70	superfamily	0.3928474526966807	0.91841311390504	0.1356274472592976	0.2283812398918822	0.2736605348572984	4520
1	0.675	Xa_ktcov	family	0.8077527510494539	0.9614991793098996	0.5739661513062247	0.701454165407968	0.7297448304010866	3889
1	0.675	Xa_ktcov	fold	0.0120167191694195	0.8306613757832061	0.0001708878963782	0.0001708878963782	0.0001708878963782	3889
1	0.675	Xa_ktcov	superfamily	0.4007697947844997	0.9184131139050042	0.0884573961036549	0.2092478336918783	0.2517901015551306	3889
1	0.675	sym_max	family	0.8103621380139155	0.9614991793098976	0.527140919302881	0.7013002160849555	0.7352937865475577	4122
1	0.675	sym_max	fold	0.0119200701431703	0.8306613757832387	0.0002225942045478	0.0002225942045478	0.0002225942045478	4122
1	0.675	sym_max	superfamily	0.4039707320782972	0.918413113905004	0.0927665657855236	0.2099131826474139	0.2599635118960762	4122
1	0.675	sym_mean	family	0.8157456803053902	0.961499179309898	0.5484620986931331	0.706822847623693	0.7430079975674506	4574
1	0.675	sym_mean	fold	0.0141461327319435	0.8306613757832457	0.0003075835039451	0.0003075835039451	0.0003310863712949	4574
1	0.675	sym_mean	superfamily	0.4144883794815878	0.9184131139050058	0.1006835845429557	0.2065402099004994	0.2651619921213677	4574
1	0.675	sym_min	family	0.8158472810940056	0.961499179309898	0.5911389247112225	0.708250305097121	0.748276845968038	4747
1	0.675	sym_min	fold	0.015050563935497	0.8306613757832456	0.0003237269720525	0.0003237269720525	0.000426149993977	4747
1	0.675	sym_min	superfamily	0.4156835156146179	0.9184131139050088	0.1139979467953826	0.209434006872051	0.2686593009648178	4747
2	0.675	Xa	family	0.6868057560745702	0.9536124700015816	0.4371282250657807	0.5529482225512763	0.5885074082678131	2911
2	0.675	Xa	fold	0.0035156346765473	0.8704769921228229	7.879444499162809e-05	7.879444499162809e-05	7.879444499162809e-05	2911
2	0.675	Xa	superfamily	0.2318233668477362	0.9271034943471492	0.0607677123333963	0.0943269961675059	0.1220083456684357	2911
2	0.675	Xa_cov70	family	0.7164691105150144	0.95361247000159	0.5053765398956785	0.6180834546012453	0.6508180587265803	2717
2	0.675	Xa_cov70	fold	0.0227945161870742	0.8704769921227993	7.879444499162809e-05	7.879444499162809e-05	7.879444499162809e-05	2717
2	0.675	Xa_cov70	superfamily	0.3309040359619671	0.9271034943471038	0.0805577898651972	0.1444662914135996	0.1918329788835252	2717
2	0.675	Xa_ktcov	family	0.7520890788926613	0.9536124700015816	0.4647129272992565	0.6138707509093001	0.6569460822643344	2804
2	0.675	Xa_ktcov	fold	0.0122373623266001	0.8704769921227835	7.879444499162809e-05	7.879444499162809e-05	7.879444499162809e-05	2804
2	0.675	Xa_ktcov	superfamily	0.3224202751635506	0.9271034943471392	0.0640211168556674	0.1067165750239292	0.170837448684346	2804
2	0.675	sym_max	family	0.7539212233509475	0.9536124700015812	0.4664877322068731	0.6157777942036096	0.6507083523864154	2976
2	0.675	sym_max	fold	0.0121618485721782	0.8704769921227891	0.0001073055928504	0.0001073055928504	0.0001073055928504	2976
2	0.675	sym_max	superfamily	0.3242060916685959	0.9271034943471416	0.0714991858322312	0.1080203281267189	0.1602993878941826	2976
2	0.675	sym_mean	family	0.7609214155431366	0.9536124700015812	0.4690841456274368	0.6236042083660316	0.6588845262093191	3033
2	0.675	sym_mean	fold	0.0147346469616468	0.8704769921227985	0.0001073055928504	0.0001073055928504	0.0001073055928504	3033
2	0.675	sym_mean	superfamily	0.3343417390291834	0.9271034943471382	0.0772533745069709	0.1110987657745194	0.1638941195063424	3033
2	0.675	sym_min	family	0.7619053965682906	0.9536124700015808	0.4837068814927603	0.6256283361899891	0.6611937070266098	2892
2	0.675	sym_min	fold	0.0159017670878884	0.870476992122807	0.0001073055928504	0.0001073055928504	0.0001073055928504	2892
2	0.675	sym_min	superfamily	0.3355509734054028	0.9271034943471368	0.0857232747583346	0.108900419957589	0.1652902689791298	2892
3	0.675	Xa	family	0.7233395854233828	0.9498506766053224	0.4539051057293231	0.578317038613724	0.6224699637778177	3435
3	0.675	Xa	fold	0.0033198711483254	0.8195665288485181	4.018323555412682e-05	4.018323555412682e-05	4.018323555412682e-05	3435
3	0.675	Xa	superfamily	0.2727308595086465	0.9028496086758508	0.0742776977802721	0.1106870585546046	0.1408461446219926	3435
3	0.675	Xa_cov70	family	0.7530152621143167	0.9498506766053258	0.5621803315556274	0.6604172700932998	0.6952422739845324	3232
3	0.675	Xa_cov70	fold	0.0228536669826852	0.8195665288484464	4.018323555412682e-05	4.018323555412682e-05	4.018323555412682e-05	3232
3	0.675	Xa_cov70	superfamily	0.3737467369579261	0.9028496086758696	0.1017219468830435	0.175649826495063	0.2321967452200303	3232
3	0.675	Xa_ktcov	family	0.7847934273790488	0.9498506766053224	0.4853667311277915	0.6492493823365098	0.6922861337367979	3310
3	0.675	Xa_ktcov	fold	0.0112226761469387	0.819566528848459	4.018323555412682e-05	4.018323555412682e-05	4.018323555412682e-05	3310
3	0.675	Xa_ktcov	superfamily	0.3661450239164212	0.9028496086758532	0.0749472888132376	0.1506600620849729	0.1967078937000701	3310
3	0.675	sym_max	family	0.7857686905766904	0.9498506766053224	0.485929108659223	0.6419314474503481	0.68904645341149	3496
3	0.675	sym_max	fold	0.0110289225446455	0.8195665288484847	4.018323555412682e-05	4.018323555412682e-05	4.018323555412682e-05	3496
3	0.675	sym_max	superfamily	0.3672937647725936	0.9028496086758564	0.0796161085539963	0.1227795964889728	0.1919623440489588	3496
3	0.675	sym_mean	family	0.7925860076038242	0.949850676605323	0.4974465409869785	0.6563570539333932	0.7011452608531696	3579
3	0.675	sym_mean	fold	0.0134211010431326	0.8195665288484849	4.018323555412682e-05	4.018323555412682e-05	4.018323555412682e-05	3579
3	0.675	sym_mean	superfamily	0.3779229634741077	0.9028496086758582	0.0868250298503264	0.1325891185425807	0.1963846072732466	3579
3	0.675	sym_min	family	0.7940961244939554	0.949850676605323	0.4936043861797863	0.6571440876927597	0.7010675727366038	3440
3	0.675	sym_min	fold	0.0144793007803262	0.8195665288484816	4.018323555412682e-05	4.018323555412682e-05	4.018323555412682e-05	3440
3	0.675	sym_min	superfamily	0.3797551323055011	0.9028496086758596	0.0935931092814652	0.1407056334546181	0.1973310311410212	3440
4	0.675	Xa	family	0.717016894228883	0.9546354697387566	0.4676518955836486	0.5909829981345753	0.6221708311066001	3475
4	0.675	Xa	fold	0.0039127920328352	0.82738598601388	0.0001114147014351	0.0001114147014351	0.0001114147014351	3475
4	0.675	Xa	superfamily	0.2678434236363695	0.9096331114719955	0.1045866663634438	0.1309361895865745	0.1639810993095773	3475
4	0.675	Xa_cov70	family	0.7471258292017917	0.954635469738764	0.5740124544895346	0.6609485549890636	0.6899829573390719	3265
4	0.675	Xa_cov70	fold	0.0295331550832027	0.8273859860139019	0.0001114147014351	0.0001114147014351	0.0001114147014351	3265
4	0.675	Xa_cov70	superfamily	0.3752114205714616	0.9096331114720392	0.1048228589566331	0.1949332909175883	0.2412683121524289	3265
4	0.675	Xa_ktcov	family	0.7875713187949095	0.9546354697387576	0.5777874671127573	0.6623330187992102	0.6947919843222664	3353
4	0.675	Xa_ktcov	fold	0.0156669116169453	0.8273859860138283	0.0001114147014351	0.0001114147014351	0.0001114147014351	3353
4	0.675	Xa_ktcov	superfamily	0.3744281485891388	0.9096331114720032	0.1240412653045697	0.1826952393241915	0.2186319549345782	3353
4	0.675	sym_max	family	0.7862609416454183	0.954635469738758	0.5307789010119686	0.6553890920536002	0.6930517321420486	3527
4	0.675	sym_max	fold	0.0145877948379111	0.8273859860138544	0.000136645563826	0.000136645563826	0.000136645563826	3527
4	0.675	sym_max	superfamily	0.3691785438437011	0.9096331114720032	0.1125226131590546	0.1633954777684541	0.2075233061385359	3527
4	0.675	sym_mean	family	0.7947434969951701	0.9546354697387576	0.5442951925582047	0.6635426576996344	0.7044791350296938	3620
4	0.675	sym_mean	fold	0.0181704678831339	0.827385986013859	0.000136645563826	0.000136645563826	0.000136645563826	3620
4	0.675	sym_mean	superfamily	0.3849863545773211	0.909633111472006	0.1168893062378846	0.1749703647304969	0.2201187059927126	3620
4	0.675	sym_min	family	0.7963480608428927	0.9546354697387588	0.5700556062622615	0.6688097033831156	0.7085708314385409	3478
4	0.675	sym_min	fold	0.0197736498087163	0.8273859860138554	0.000136645563826	0.000136645563826	0.000136645563826	3478
4	0.675	sym_min	superfamily	0.3895568459776464	0.9096331114720104	0.1255189947368159	0.1739977947200884	0.2258728744116676	3478
0	0.7	Xa	family	0.7225000908823603	0.954162958455628	0.4595162124426077	0.591343688276438	0.6261988755789463	3541
0	0.7	Xa	fold	0.0035492754262117	0.81866065839056	0.0001605914439239	0.0001605914439239	0.0001605914439239	3541
0	0.7	Xa	superfamily	0.2834339297362429	0.9038053622224872	0.0859374620030138	0.1256461525287198	0.1743872283763881	3541
0	0.7	Xa_cov70	family	0.7462515904826161	0.9541629584556348	0.5701053422754668	0.6662403495666396	0.6980606840110908	3264
0	0.7	Xa_cov70	fold	0.0249729817160131	0.8186606583906362	0.0001385046871433	0.0001385046871433	0.0001385046871433	3264
0	0.7	Xa_cov70	superfamily	0.3823383109042013	0.9038053622225088	0.1212018512600624	0.2121357153721551	0.2571208272663677	3264
0	0.7	Xa_ktcov	family	0.7874866288922542	0.954162958455629	0.5216602384331895	0.6668838798576202	0.7049465478527934	3380
0	0.7	Xa_ktcov	fold	0.0128987729075486	0.8186606583905197	0.0001385046871433	0.0001385046871433	0.0001385046871433	3380
0	0.7	Xa_ktcov	superfamily	0.3840363899934963	0.9038053622224902	0.0873392768585407	0.188507367784343	0.2311463132907573	3380
0	0.7	sym_max	family	0.788236664169444	0.9541629584556286	0.4951898591296464	0.6596940928814353	0.7079130552404308	3595
0	0.7	sym_max	fold	0.0123899695135722	0.8186606583905538	0.0001385046871433	0.0001385046871433	0.0001385046871433	3595
0	0.7	sym_max	superfamily	0.3838014890297587	0.903805362222493	0.0914541544982548	0.1585024448119927	0.2292593309251475	3595
0	0.7	sym_mean	family	0.7955990880894676	0.954162958455629	0.5066292882287461	0.6750798314874942	0.715659128944827	3699
0	0.7	sym_mean	fold	0.0152346418771904	0.8186606583905627	0.0001385046871433	0.0001385046871433	0.0001385046871433	3699
0	0.7	sym_mean	superfamily	0.396740264771882	0.9038053622224952	0.0997471963578493	0.1657275194109387	0.2361858663512322	3699
0	0.7	sym_min	family	0.7969893321435746	0.9541629584556296	0.5255436849877572	0.6779751252304219	0.7165487754618313	3543
0	0.7	sym_min	fold	0.0165878551859527	0.818660658390562	0.0001385046871433	0.0001385046871433	0.0001385046871433	3543
0	0.7	sym_min	superfamily	0.3997331566028935	0.9038053622224954	0.1081874524292798	0.1738782046193123	0.2453896279002241	3543
1	0.7	Xa	family	0.7426910928850736	0.9614991793098968	0.4887632000682961	0.6262938285713882	0.6520236824636695	3654
1	0.7	Xa	fold	0.0032640125604226	0.8306613757832878	0.000194390763728	0.000194390763728	0.000194390763728	3654
1	0.7	Xa	superfamily	0.2941155383145794	0.9184131139049928	0.0876217726477235	0.1503468775988682	0.1930374664774583	3654
1	0.7	Xa_cov70	family	0.7582346787549662	0.9614991793099024	0.5953477058550393	0.6878568776453305	0.7112562140856121	4603
1	0.7	Xa_cov70	fold	0.0208370335926153	0.8306613757831918	0.0003354507118539	0.0003354507118539	0.0005557299723245	4603
1	0.7	Xa_cov70	superfamily	0.3911227494204154	0.9184131139050408	0.1348402301593234	0.2257700458209669	0.2715669246188827	4603
1	0.7	Xa_ktcov	family	0.8044419384341283	0.961499179309898	0.5621746090462199	0.6889503591238346	0.7250753415883996	3850
1	0.7	Xa_ktcov	fold	0.011408838615005	0.8306613757832005	0.0001708878963782	0.0001708878963782	0.0001708878963782	3850
1	0.7	Xa_ktcov	superfamily	0.3946059033828869	0.9184131139050038	0.0889175261063954	0.2000487203710735	0.2441754976809949	3850
1	0.7	sym_max	family	0.8071738537287563	0.9614991793098964	0.5197693997500148	0.6931263528108904	0.7308707504468459	4080
1	0.7	sym_max	fold	0.0113165470324544	0.8306613757832338	0.0002225942045478	0.0002225942045478	0.0002225942045478	4080
1	0.7	sym_max	superfamily	0.397731258412143	0.9184131139050036	0.0925761086209549	0.2069330448346874	0.2540460378194554	4080
1	0.7	sym_mean	family	0.8128583896904601	0.9614991793098971	0.543980901861545	0.7000955769674819	0.7378275815437051	4603
1	0.7	sym_mean	fold	0.0135047064232104	0.830661375783241	0.0003310863712949	0.0003310863712949	0.0003310863712949	4603
1	0.7	sym_mean	superfamily	0.4085883949104841	0.9184131139050044	0.0998500560679618	0.2051591917690177	0.2573788482637702	4603
1	0.7	sym_min	family	0.8128765026169906	0.9614991793098971	0.5876400946938413	0.7014231215009905	0.742024113240456	4863
1	0.7	sym_min	fold	0.0143663813928913	0.8306613757832428	0.0003294816787034	0.0003294816787034	0.0005015346959045	4863
1	0.7	sym_min	superfamily	0.4097535420493174	0.9184131139050076	0.1133519591570559	0.2081598008740201	0.256745061686956	4863
2	0.7	Xa	family	0.6763697560781662	0.9536124700015816	0.4345993170920315	0.5462047434576174	0.5722505301241977	3046
2	0.7	Xa	fold	0.0031232854728634	0.8704769921228213	0.0001319288569103	0.0001319288569103	0.0001319288569103	3046
2	0.7	Xa	superfamily	0.2206969714716377	0.9271034943471492	0.0603620195994149	0.0909793846415673	0.1164274523417461	3046
2	0.7	Xa_cov70	family	0.7157813490471636	0.9536124700015902	0.5036736517305751	0.6166764854930833	0.6486777437473467	2827
2	0.7	Xa_cov70	fold	0.0227072473240082	0.8704769921228002	0.0001073055928504	0.0001073055928504	0.0001073055928504	2827
2	0.7	Xa_cov70	superfamily	0.3296441754950017	0.9271034943471036	0.0797269752080697	0.1433919609532861	0.1920260249240202	2827
2	0.7	Xa_ktcov	family	0.7487327126703772	0.9536124700015816	0.4634529211785401	0.6111534926079288	0.6520334784339538	2931
2	0.7	Xa_ktcov	fold	0.0117646291465334	0.8704769921227801	0.0001073055928504	0.0001073055928504	0.0001073055928504	2931
2	0.7	Xa_ktcov	superfamily	0.3171103695229111	0.9271034943471398	0.0668398873694623	0.1021637731782591	0.1644972713880417	2931
2	0.7	sym_max	family	0.7507570937873915	0.9536124700015812	0.4537437984135074	0.6132893732320835	0.6449405613300142	3127
2	0.7	sym_max	fold	0.0117353800217739	0.8704769921227857	0.0001073055928504	0.0001073055928504	0.0001073055928504	3127
2	0.7	sym_max	superfamily	0.3191405770959442	0.9271034943471416	0.070785013138436	0.1059014744389073	0.1602196160507971	3127
2	0.7	sym_mean	family	0.757938685957655	0.9536124700015816	0.4656978785113683	0.621009016334836	0.6520979141948795	3191
2	0.7	sym_mean	fold	0.0142564701789873	0.8704769921227958	0.0001073055928504	0.0001073055928504	0.0001073055928504	3191
2	0.7	sym_mean	superfamily	0.3292925007813833	0.9271034943471383	0.0770634752843964	0.1066990877733765	0.1623752785113658	3191
2	0.7	sym_min	family	0.7587318917817643	0.9536124700015812	0.4706157311516433	0.6195110339603352	0.6568982637629379	3038
2	0.7	sym_min	fold	0.0153449493044679	0.8704769921228042	0.0001073055928504	0.0001073055928504	0.0001073055928504	3038
2	0.7	sym_min	superfamily	0.3302528039284234	0.9271034943471366	0.0851399163712439	0.1079523962516414	0.1643610226595229	3038
3	0.7	Xa	family	0.7130887891304462	0.949850676605322	0.4467960516132291	0.5716598407419105	0.6072554939519644	3608
3	0.7	Xa	fold	0.0029572441101446	0.8195665288485164	6.118810868469312e-05	6.118810868469312e-05	6.118810868469312e-05	3608
3	0.7	Xa	superfamily	0.259997091857627	0.9028496086758492	0.0738334139980287	0.1035933428463417	0.1363055922306457	3608
3	0.7	Xa_cov70	family	0.7524339409484573	0.9498506766053256	0.5697158039431094	0.6602910948739213	0.6930490277698178	3387
3	0.7	Xa_cov70	fold	0.0227238085793573	0.8195665288484469	4.018323555412682e-05	4.018323555412682e-05	4.018323555412682e-05	3387
3	0.7	Xa_cov70	superfamily	0.3724637759841651	0.9028496086758692	0.1038082641648257	0.1808879235884236	0.2292326700564315	3387
3	0.7	Xa_ktcov	family	0.7816436533940316	0.9498506766053216	0.4758366887602734	0.643805931441782	0.6857695061588133	3482
3	0.7	Xa_ktcov	fold	0.0107733949764814	0.8195665288484565	4.018323555412682e-05	4.018323555412682e-05	4.018323555412682e-05	3482
3	0.7	Xa_ktcov	superfamily	0.3605512832814797	0.902849608675852	0.0746528008980173	0.1426423589946102	0.1940439789822856	3482
3	0.7	sym_max	family	0.7825605998719166	0.949850676605322	0.481884777358222	0.6400594159463675	0.6807373809836861	3687
3	0.7	sym_max	fold	0.0105837586764825	0.8195665288484817	4.018323555412682e-05	4.018323555412682e-05	4.018323555412682e-05	3687
3	0.7	sym_max	superfamily	0.361578055538388	0.9028496086758556	0.0786921899421378	0.1214606731935807	0.1870970610835448	3687
3	0.7	sym_mean	family	0.789703006406458	0.9498506766053224	0.4873092897815789	0.6510312957147218	0.6953733058900602	3777
3	0.7	sym_mean	fold	0.0129498994079397	0.8195665288484812	4.018323555412682e-05	4.018323555412682e-05	4.018323555412682e-05	3777
3	0.7	sym_mean	superfamily	0.372403264514798	0.9028496086758572	0.0858245097398214	0.1317439766690705	0.1907794799984407	3777
3	0.7	sym_min	family	0.7911169263979664	0.9498506766053224	0.489569781173397	0.6510521960971092	0.6949759293786262	3617
3	0.7	sym_min	fold	0.0139482163695409	0.8195665288484797	4.018323555412682e-05	4.018323555412682e-05	4.018323555412682e-05	3617
3	0.7	sym_min	superfamily	0.3741399223827997	0.9028496086758592	0.0927259302230141	0.1336273026534339	0.1940204793893104	3617
4	0.7	Xa	family	0.7060250502708658	0.9546354697387552	0.4589500984915928	0.5749733893884313	0.6110187983191486	3644
4	0.7	Xa	fold	0.0033707429520456	0.8273859860138791	0.000136645563826	0.000136645563826	0.000136645563826	3644
4	0.7	Xa	superfamily	0.2544611924371857	0.9096331114719948	0.0986852822848818	0.1286161483612719	0.151773879383744	3644
4	0.7	Xa_cov70	family	0.7465863194388698	0.9546354697387636	0.5780422233883266	0.6591300797733918	0.6893564944268906	3409
4	0.7	Xa_cov70	fold	0.0293181286229397	0.8273859860139019	0.000136645563826	0.000136645563826	0.000136645563826	3409
4	0.7	Xa_cov70	superfamily	0.3738502463409225	0.90963311147204	0.1067327300606665	0.1931347637789899	0.2391584646291362	3409
4	0.7	Xa_ktcov	family	0.7840854751693854	0.954635469738757	0.5831057804221801	0.655018037311982	0.6899324068135643	3501
4	0.7	Xa_ktcov	fold	0.0148423942583905	0.8273859860138261	0.000136645563826	0.000136645563826	0.000136645563826	3501
4	0.7	Xa_ktcov	superfamily	0.3682013522476562	0.909633111472002	0.1196794057038751	0.1790481306900851	0.2102372532695446	3501
4	0.7	sym_max	family	0.7828362535742528	0.9546354697387566	0.5294674973712786	0.650694168349657	0.6911741551411802	3706
4	0.7	sym_max	fold	0.0138656158190809	0.8273859860138543	0.000136645563826	0.000136645563826	0.000136645563826	3706
4	0.7	sym_max	superfamily	0.3630991017828149	0.9096331114720028	0.1107071570764022	0.1596923674668857	0.2014450622759144	3706
4	0.7	sym_mean	family	0.7915370328801887	0.9546354697387568	0.5416433639055994	0.6566268517819536	0.6990852414529163	3811
4	0.7	sym_mean	fold	0.0173099320013646	0.8273859860138564	0.000136645563826	0.000136645563826	0.000136645563826	3811
4	0.7	sym_mean	superfamily	0.3789895741804513	0.9096331114720044	0.1133250499308233	0.1730499975330133	0.216310781209813	3811
4	0.7	sym_min	family	0.7930640705116307	0.9546354697387578	0.5671172149966628	0.662705756055979	0.7045034793664556	3660
4	0.7	sym_min	fold	0.0188022621830611	0.8273859860138534	0.000136645563826	0.000136645563826	0.000136645563826	3660
4	0.7	sym_min	superfamily	0.3833839146844748	0.9096331114720094	0.1231022134778435	0.1730680030213091	0.2166129520491314	3660
0	0.725	Xa	family	0.7123868469901081	0.954162958455627	0.4497864894705018	0.5756801867746663	0.6122925765375665	3741
0	0.725	Xa	fold	0.0031419684811166	0.8186606583905599	0.0001826782007046	0.0001826782007046	0.0001826782007046	3741
0	0.725	Xa	superfamily	0.2707485864190551	0.9038053622224864	0.0862419795623166	0.1241542579244156	0.1583761928726246	3741
0	0.725	Xa_cov70	family	0.7460307857799825	0.9541629584556344	0.5755739174411927	0.6628593918829975	0.6972037789139903	3445
0	0.725	Xa_cov70	fold	0.0250042522205518	0.8186606583906364	0.0001385046871433	0.0001385046871433	0.0001385046871433	3445
0	0.725	Xa_cov70	superfamily	0.3816700944991198	0.903805362222509	0.1200283217309378	0.2090185416875598	0.2566854774574442	3445
0	0.725	Xa_ktcov	family	0.7849179152960939	0.9541629584556292	0.5193044025725871	0.6594974459219896	0.701880241540429	3573
0	0.725	Xa_ktcov	fold	0.0124311224305123	0.8186606583905195	0.0001385046871433	0.0001385046871433	0.0001385046871433	3573
0	0.725	Xa_ktcov	superfamily	0.3791276495388201	0.90380536222249	0.0873388297823738	0.1891712233677959	0.2254247356162182	3573
0	0.725	sym_max	family	0.7857603596007744	0.9541629584556274	0.4934556151592593	0.6569673805564246	0.6988734873242745	3834
0	0.725	sym_max	fold	0.0119597921963705	0.8186606583905531	0.0001870955520607	0.0001870955520607	0.0001870955520607	3834
0	0.725	sym_max	superfamily	0.3788979699220635	0.9038053622224927	0.0906160287618463	0.1567630851039946	0.2240185568321678	3834
0	0.725	sym_mean	family	0.7933034075398494	0.9541629584556284	0.4935904208620909	0.6732468950013313	0.7067903189297188	3894
0	0.725	sym_mean	fold	0.0147812426545674	0.8186606583905625	0.0001385046871433	0.0001385046871433	0.0001385046871433	3894
0	0.725	sym_mean	superfamily	0.391997687371078	0.903805362222495	0.0999511148378715	0.1629506668255921	0.2323864734836792	3894
0	0.725	sym_min	family	0.7945301322730277	0.954162958455629	0.521763194596462	0.6752294081515007	0.7101148461013513	3727
0	0.725	sym_min	fold	0.0160087527398237	0.8186606583905622	0.0001385046871433	0.0001385046871433	0.0001385046871433	3727
0	0.725	sym_min	superfamily	0.3947498658353321	0.9038053622224964	0.1080479061717729	0.172367386957811	0.2381740935439664	3727
1	0.725	Xa	family	0.7310928030320616	0.9614991793098964	0.4855087023264904	0.6088473793142766	0.6362963122273354	3610
1	0.725	Xa	fold	0.0028236189281357	0.8306613757832846	0.000194390763728	0.000194390763728	0.000194390763728	3610
1	0.725	Xa	superfamily	0.2794062248315763	0.9184131139049924	0.0876468246578642	0.1420946838941157	0.1811298592232171	3610
1	0.725	Xa_cov70	family	0.7574798193897824	0.9614991793099014	0.5932760701564556	0.6868618396382584	0.7092753131015929	4397
1	0.725	Xa_cov70	fold	0.0205932617577629	0.8306613757831923	0.0002591515482835	0.000362664558259	0.0005711646911811	4397
1	0.725	Xa_cov70	superfamily	0.3892869472295814	0.9184131139050412	0.1336666408037192	0.2263114215837419	0.2678195174491981	4397
1	0.725	Xa_ktcov	family	0.8006188289884433	0.9614991793098976	0.5469190509369147	0.6856055579439361	0.719872345285145	3796
1	0.725	Xa_ktcov	fold	0.0107926598448061	0.830661375783195	0.0001708878963782	0.0001708878963782	0.0001708878963782	3796
1	0.725	Xa_ktcov	superfamily	0.3878146737568136	0.918413113905002	0.0887250917454856	0.1939100254249904	0.2294980187842869	3796
1	0.725	sym_max	family	0.8035483076586604	0.9614991793098968	0.516711611227486	0.689135458907141	0.7259857096618794	4049
1	0.725	sym_max	fold	0.0107073870462497	0.8306613757832286	0.0002225942045478	0.0002225942045478	0.0002225942045478	4049
1	0.725	sym_max	superfamily	0.3908012993037594	0.9184131139050036	0.0913487327523303	0.2047714854451402	0.243472794940893	4049
1	0.725	sym_mean	family	0.8094934734513956	0.961499179309897	0.5430344005400222	0.6947943900310403	0.7326030808900318	4593
1	0.725	sym_mean	fold	0.0128642630997347	0.8306613757832361	0.0003403196406109	0.0003403196406109	0.0003403196406109	4593
1	0.725	sym_mean	superfamily	0.4019990706159743	0.9184131139050048	0.0996762287800519	0.2033992234604091	0.2505334922817771	4593
1	0.725	sym_min	family	0.8094193656437318	0.9614991793098968	0.5843946514849354	0.6957856897505326	0.7349022348831329	4967
1	0.725	sym_min	fold	0.0136643523166829	0.8306613757832398	0.000390421256189	0.000390421256189	0.0005015346959045	4967
1	0.725	sym_min	superfamily	0.4031118793137107	0.918413113905006	0.1135456945634252	0.2067805253150628	0.2522941646361537	4967
2	0.725	Xa	family	0.6648726002277099	0.9536124700015812	0.4261823599436931	0.5337246220010297	0.5564055896099311	3209
2	0.725	Xa	fold	0.0027568531815916	0.8704769921228206	0.0001565521209702	0.0001565521209702	0.0001565521209702	3209
2	0.725	Xa	superfamily	0.209061328283159	0.9271034943471488	0.0665647547890723	0.0903862328656069	0.1097876483465713	3209
2	0.725	Xa_cov70	family	0.7150031701765666	0.9536124700015906	0.5001410340901519	0.6162390900573244	0.646682666657619	2974
2	0.725	Xa_cov70	fold	0.0225932940703751	0.8704769921228009	0.0001073055928504	0.0001073055928504	0.0001073055928504	2974
2	0.725	Xa_cov70	superfamily	0.3282389933328792	0.927103494347104	0.0790278190327157	0.142378671698609	0.1897978645211019	2974
2	0.725	Xa_ktcov	family	0.7448817321038791	0.9536124700015816	0.4549336284287725	0.6050198824286308	0.6478821239846974	3082
2	0.725	Xa_ktcov	fold	0.0112613761754384	0.8704769921227767	0.0001073055928504	0.0001073055928504	0.0001073055928504	3082
2	0.725	Xa_ktcov	superfamily	0.3113038578052308	0.9271034943471396	0.0670060055963	0.1011877377909869	0.1650542373080369	3082
2	0.725	sym_max	family	0.7472104613258346	0.9536124700015808	0.4397948737523016	0.6079927077403798	0.6390589059237369	3313
2	0.725	sym_max	fold	0.0112839648095064	0.8704769921227831	0.0001614767737821	0.0001614767737821	0.0001614767737821	3313
2	0.725	sym_max	superfamily	0.3135101463117848	0.9271034943471416	0.0704589596661181	0.1038477978236117	0.1593168470313515	3313
2	0.725	sym_mean	family	0.7545445520481501	0.9536124700015822	0.462398275693765	0.6105322528435334	0.6490979534370609	3338
2	0.725	sym_mean	fold	0.0137635598858811	0.8704769921227943	0.0001073055928504	0.0001073055928504	0.0001073055928504	3338
2	0.725	sym_mean	superfamily	0.3236493649560781	0.9271034943471378	0.0774328506505802	0.1024534770184394	0.1616380423387491	3338
2	0.725	sym_min	family	0.7550750321946702	0.9536124700015804	0.4640320099930348	0.6140475491664492	0.6494536788263433	3169
2	0.725	sym_min	fold	0.0147497924849562	0.8704769921228016	0.0001073055928504	0.0001073055928504	0.0001073055928504	3169
2	0.725	sym_min	superfamily	0.3243797394477983	0.9271034943471362	0.0845509949520559	0.1111890983526004	0.1649176357736894	3169
3	0.725	Xa	family	0.7017220292573637	0.9498506766053214	0.4346784328863376	0.5529526695148749	0.5915551869298978	3796
3	0.725	Xa	fold	0.0026302994425554	0.8195665288485141	8.219298181525941e-05	8.219298181525941e-05	8.219298181525941e-05	3796
3	0.725	Xa	superfamily	0.2465294117107519	0.9028496086758488	0.0737232392756364	0.1004475447481682	0.1266964091622056	3796
3	0.725	Xa_cov70	family	0.7517717110045178	0.9498506766053256	0.5702537280135793	0.6563814308453494	0.6923649633608383	3560
3	0.725	Xa_cov70	fold	0.0225806533246377	0.8195665288484472	4.018323555412682e-05	4.018323555412682e-05	4.018323555412682e-05	3560
3	0.725	Xa_cov70	superfamily	0.371050620508979	0.9028496086758696	0.1045535934008798	0.181304915396489	0.2256064398424976	3560
3	0.725	Xa_ktcov	family	0.7780267296414636	0.9498506766053209	0.4734548454789448	0.6365453245783749	0.6817751788972205	3664
3	0.725	Xa_ktcov	fold	0.0103139829322856	0.8195665288484528	4.018323555412682e-05	4.018323555412682e-05	4.018323555412682e-05	3664
3	0.725	Xa_ktcov	superfamily	0.354409469796663	0.9028496086758516	0.0744919544708189	0.1374851063768645	0.1889386414694053	3664
3	0.725	sym_max	family	0.7789497309317843	0.9498506766053212	0.4801522953906824	0.6350512242089472	0.6753078863232759	3894
3	0.725	sym_max	fold	0.0101306584949826	0.8195665288484808	4.018323555412682e-05	4.018323555412682e-05	4.018323555412682e-05	3894
3	0.725	sym_max	superfamily	0.3551893268510659	0.9028496086758552	0.0776666322785469	0.1156401063729771	0.1842501433340704	3894
3	0.725	sym_mean	family	0.7863416846605168	0.9498506766053216	0.4755137340437715	0.6434955944097144	0.6862170250734285	3949
3	0.725	sym_mean	fold	0.0124699715585366	0.8195665288484797	4.018323555412682e-05	4.018323555412682e-05	4.018323555412682e-05	3949
3	0.725	sym_mean	superfamily	0.3662782533598747	0.9028496086758564	0.0856615275081551	0.1125483672713952	0.1870994611658758	3949
3	0.725	sym_min	family	0.7876586407667334	0.949850676605322	0.4943682141141431	0.6486081742772913	0.686001852807905	3779
3	0.725	sym_min	fold	0.0134124503860435	0.8195665288484761	4.018323555412682e-05	4.018323555412682e-05	4.018323555412682e-05	3779
3	0.725	sym_min	superfamily	0.3679394926498823	0.902849608675858	0.091741550027874	0.1283738189024787	0.1868250339721713	3779
4	0.725	Xa	family	0.6940451833009489	0.9546354697387552	0.4512318801037788	0.5613286871782632	0.5932038614832004	3834
4	0.725	Xa	fold	0.0028957842043342	0.8273859860138774	0.000136645563826	0.000136645563826	0.000136645563826	3834
4	0.725	Xa	superfamily	0.2405474236615218	0.9096331114719944	0.0926510861715215	0.1199250771624707	0.1405737207472037	3834
4	0.725	Xa_cov70	family	0.7459628093418844	0.9546354697387636	0.5753730625347088	0.6562034695156501	0.6876296670437567	3585
4	0.725	Xa_cov70	fold	0.0290626422247056	0.8273859860139021	0.000136645563826	0.000136645563826	0.000136645563826	3585
4	0.725	Xa_cov70	superfamily	0.3723394385952252	0.9096331114720404	0.1094819174829562	0.1885045173812211	0.2337769668715381	3585
4	0.725	Xa_ktcov	family	0.7800970742545966	0.9546354697387568	0.5805515466925044	0.6510802105937312	0.6882551815265409	3682
4	0.725	Xa_ktcov	fold	0.0139978789911477	0.8273859860138241	0.000136645563826	0.000136645563826	0.000136645563826	3682
4	0.725	Xa_ktcov	superfamily	0.3612622480685482	0.9096331114720024	0.1163194064430843	0.1762282148884726	0.201000248069282	3682
4	0.725	sym_max	family	0.7789547165862478	0.9546354697387552	0.5234343999093043	0.6394254185758711	0.6815910706455702	3933
4	0.725	sym_max	fold	0.0131169230048908	0.827385986013853	0.0001845842023686	0.0001845842023686	0.0001845842023686	3933
4	0.725	sym_max	superfamily	0.356298309393529	0.9096331114720022	0.1057952090320832	0.1600092232242952	0.1957511312184492	3933
4	0.725	sym_mean	family	0.7878965794376367	0.9546354697387566	0.5382338410212308	0.6533329934997545	0.693565956123508	3976
4	0.725	sym_mean	fold	0.0164483915050149	0.8273859860138534	0.000136645563826	0.000136645563826	0.000136645563826	3976
4	0.725	sym_mean	superfamily	0.3723016511332747	0.909633111472004	0.1116689285493634	0.1715705198537111	0.2049613452431559	3976
4	0.725	sym_min	family	0.7892751626324155	0.9546354697387572	0.5636221485193789	0.6580563499737613	0.6957425846348555	3807
4	0.725	sym_min	fold	0.0178058750614702	0.8273859860138523	0.000136645563826	0.000136645563826	0.000136645563826	3807
4	0.725	sym_min	superfamily	0.3764639923549287	0.9096331114720084	0.1198128148017632	0.1723640503331754	0.2083981465157286	3807
0	0.75	Xa	family	0.701065873856055	0.9541629584556268	0.4313305800787823	0.5608183540913185	0.595776082909756	3705
0	0.75	Xa	fold	0.0027664803840149	0.8186606583905575	0.0001826782007046	0.0001826782007046	0.0001826782007046	3705
0	0.75	Xa	superfamily	0.2573067978230708	0.9038053622224852	0.0854218087330213	0.1141463836120958	0.150172637744673	3705
0	0.75	Xa_cov70	family	0.7457519689044635	0.9541629584556344	0.5805945201336068	0.663329800194488	0.6958723730554452	3625
0	0.75	Xa_cov70	fold	0.0250060743094397	0.8186606583906364	0.0001385046871433	0.0001385046871433	0.0001385046871433	3625
0	0.75	Xa_cov70	superfamily	0.3808865461349427	0.9038053622225092	0.1176473725896787	0.2047851461577165	0.2550827769824615	3625
0	0.75	Xa_ktcov	family	0.7818345354095098	0.9541629584556288	0.5150719239878605	0.6556323159095858	0.6982212457516984	3778
0	0.75	Xa_ktcov	fold	0.0119095393333962	0.8186606583905195	0.0001385046871433	0.0001385046871433	0.0001385046871433	3778
0	0.75	Xa_ktcov	superfamily	0.3734943920147097	0.9038053622224892	0.0874213191649166	0.1833753308482745	0.222487200810542	3778
0	0.75	sym_max	family	0.7827994958262038	0.954162958455627	0.4901985416603297	0.652087074440521	0.6936788451704874	4049
0	0.75	sym_max	fold	0.011507426669373	0.8186606583905515	0.0001870955520607	0.0001870955520607	0.0001870955520607	4049
0	0.75	sym_max	superfamily	0.3732871432598146	0.9038053622224912	0.090871119670787	0.1539338793882337	0.2190524379010752	4049
0	0.75	sym_mean	family	0.7905170038698565	0.9541629584556278	0.4830106655102886	0.6677084129806172	0.7009130264994891	4105
0	0.75	sym_mean	fold	0.014241242901756	0.8186606583905619	0.0001466712190622	0.0001466712190622	0.0001466712190622	4105
0	0.75	sym_mean	superfamily	0.3865148738677602	0.903805362222494	0.0991989897763299	0.1565547761390665	0.22981074616152	4105
0	0.75	sym_min	family	0.7915505818296613	0.9541629584556284	0.5193363948805337	0.6702801585505868	0.7052798837111414	3925
0	0.75	sym_min	fold	0.0153577930513637	0.818660658390562	0.0001466712190622	0.0001466712190622	0.0001466712190622	3925
0	0.75	sym_min	superfamily	0.3889467459860877	0.9038053622224964	0.1084877209497564	0.1707729477966935	0.2313297055847879	3925
1	0.75	Xa	family	0.7182091051855984	0.9614991793098948	0.4673171222224028	0.5869340019038319	0.6178423135393883	3566
1	0.75	Xa	fold	0.0024425961271865	0.8306613757832813	0.000194390763728	0.000194390763728	0.000194390763728	3566
1	0.75	Xa	superfamily	0.2641854822766359	0.918413113904992	0.0867638081738065	0.1355537670400102	0.1681750972151124	3566
1	0.75	Xa_cov70	family	0.7566631640046371	0.9614991793099004	0.5971628240926232	0.6822422480686312	0.708988279467718	4213
1	0.75	Xa_cov70	fold	0.0203286969950348	0.8306613757831924	0.0001895215530069	0.0003786421286406	0.0005711646911811	4213
1	0.75	Xa_cov70	superfamily	0.3873606032034221	0.9184131139050414	0.1325153077168292	0.2235881652492608	0.2651260400035385	4213
1	0.75	Xa_ktcov	family	0.7962860444529409	0.9614991793098964	0.5458355872171277	0.6795118191996862	0.710204074092259	3766
1	0.75	Xa_ktcov	fold	0.0101705512039129	0.8306613757831898	0.0001708878963782	0.0001708878963782	0.0001708878963782	3766
1	0.75	Xa_ktcov	superfamily	0.3803054892412573	0.918413113905002	0.0887557170762546	0.1923136043149216	0.224518200136513	3766
1	0.75	sym_max	family	0.79942762807825	0.961499179309896	0.5153035733507163	0.6818974185980547	0.7129253570061364	4016
1	0.75	sym_max	fold	0.0101113242741723	0.8306613757832245	0.0002312843403746	0.0002312843403746	0.0002312843403746	4016
1	0.75	sym_max	superfamily	0.3832009139033314	0.9184131139050028	0.0918440783783571	0.1979819358240998	0.2333941356285014	4016
1	0.75	sym_mean	family	0.8056384627919728	0.9614991793098964	0.5448841291731592	0.6898533737413932	0.7207001849337503	4591
1	0.75	sym_mean	fold	0.0121524542175578	0.830661375783234	0.0002953576335069	0.0002953576335069	0.0002953576335069	4591
1	0.75	sym_mean	superfamily	0.3946692140516199	0.9184131139050048	0.0992735322668143	0.2018080134551677	0.2437778867338994	4591
1	0.75	sym_min	family	0.8053936373323319	0.9614991793098964	0.5749665509654271	0.6883526314800155	0.7254330710971257	5073
1	0.75	sym_min	fold	0.0128910992593161	0.8306613757832377	0.0004058559750456	0.0004058559750456	0.0004658059581165	5073
1	0.75	sym_min	superfamily	0.3956807533408562	0.9184131139050062	0.1145343479873812	0.1950159568894709	0.2432958184501968	5073
2	0.75	Xa	family	0.652204121596519	0.9536124700015808	0.401121297908148	0.5081069462753116	0.5447829368677456	3170
2	0.75	Xa	fold	0.0024258823061629	0.870476992122818	0.0001565521209702	0.0001565521209702	0.0001565521209702	3170
2	0.75	Xa	superfamily	0.1970972161300302	0.9271034943471492	0.0661673770887664	0.0870085551547855	0.1056552054982705	3170
2	0.75	Xa_cov70	family	0.7141524033515656	0.9536124700015906	0.4958300556655723	0.6137277528574278	0.6459339302371515	3106
2	0.75	Xa_cov70	fold	0.0224700344874294	0.8704769921228013	0.0001073055928504	0.0001073055928504	0.0001073055928504	3106
2	0.75	Xa_cov70	superfamily	0.3268089842068481	0.9271034943471042	0.0774936477383747	0.1422453432614611	0.1910156806764305	3106
2	0.75	Xa_ktcov	family	0.7404676938065623	0.9536124700015816	0.4516901084161332	0.5992310253404056	0.638827771060583	3237
2	0.75	Xa_ktcov	fold	0.0107271458558926	0.8704769921227756	0.0001073055928504	0.0001073055928504	0.0001073055928504	3237
2	0.75	Xa_ktcov	superfamily	0.3049253244751803	0.9271034943471392	0.0667406632529902	0.1003974807071665	0.157369083007947	3237
2	0.75	sym_max	family	0.7431087518936312	0.9536124700015808	0.4266137062447204	0.6028818490102513	0.637047916903172	3483
2	0.75	sym_max	fold	0.0108149448588883	0.8704769921227805	0.0001614767737821	0.0001614767737821	0.0001614767737821	3483
2	0.75	sym_max	superfamily	0.3073373251038168	0.9271034943471416	0.0706529096905607	0.1030073641252959	0.1582983633604966	3483
2	0.75	sym_mean	family	0.750562241339696	0.9536124700015816	0.4540721834821746	0.6036242721006759	0.6395813128822007	3495
2	0.75	sym_mean	fold	0.0132290484285234	0.870476992122792	0.000116409993007	0.000116409993007	0.000116409993007	3495
2	0.75	sym_mean	superfamily	0.3174096422741079	0.927103494347138	0.078093987436927	0.100812137390668	0.1598808746284706	3495
2	0.75	sym_min	family	0.7508291000971665	0.9536124700015804	0.4602322215537951	0.6070609912152998	0.6424759043120797	3318
2	0.75	sym_min	fold	0.0140981647584478	0.8704769921227992	0.000116409993007	0.000116409993007	0.000116409993007	3318
2	0.75	sym_min	superfamily	0.3177572550079726	0.9271034943471366	0.0844339852579823	0.1091378479214837	0.1606389902003708	3318
3	0.75	Xa	family	0.6890697116378933	0.9498506766053214	0.4153315381856112	0.5389727730913599	0.5732791674367461	3749
3	0.75	Xa	fold	0.0023316851817415	0.8195665288485121	8.219298181525941e-05	8.219298181525941e-05	8.219298181525941e-05	3749
3	0.75	Xa	superfamily	0.2325480535589111	0.902849608675847	0.0729324931377382	0.0962535234027468	0.1186931053020111	3749
3	0.75	Xa_cov70	family	0.7510421186780096	0.949850676605325	0.5700019038018568	0.6548130516023957	0.6887927448686506	3728
3	0.75	Xa_cov70	fold	0.0224177002863107	0.8195665288484475	4.018323555412682e-05	4.018323555412682e-05	4.018323555412682e-05	3728
3	0.75	Xa_cov70	superfamily	0.3695160638984596	0.90284960867587	0.1026037908092295	0.1811752639430394	0.2240499315695281	3728
3	0.75	Xa_ktcov	family	0.7739118216500465	0.9498506766053212	0.4712856339547456	0.6333096176323962	0.6726682749847762	3834
3	0.75	Xa_ktcov	fold	0.0098443028527421	0.8195665288484514	4.018323555412682e-05	4.018323555412682e-05	4.018323555412682e-05	3834
3	0.75	Xa_ktcov	superfamily	0.3476001389697862	0.9028496086758512	0.074255997040073	0.1305991677956995	0.1869005217311776	3834
3	0.75	sym_max	family	0.7748037223961173	0.9498506766053212	0.4751483807566495	0.6296677350467433	0.6696238849444829	4095
3	0.75	sym_max	fold	0.0096871936290265	0.8195665288484769	4.018323555412682e-05	4.018323555412682e-05	4.018323555412682e-05	4095
3	0.75	sym_max	superfamily	0.348167704635344	0.9028496086758536	0.0773364978529966	0.1119380463258979	0.1811070450351533	4095
3	0.75	sym_mean	family	0.7824815840149875	0.9498506766053209	0.4674632993169669	0.6382727022646908	0.6776530347142354	4151
3	0.75	sym_mean	fold	0.0119902037271122	0.8195665288484782	4.018323555412682e-05	4.018323555412682e-05	4.018323555412682e-05	4151
3	0.75	sym_mean	superfamily	0.3594600254779004	0.9028496086758568	0.0846799215134292	0.1097403903581579	0.1804589063017475	4151
3	0.75	sym_min	family	0.7837090589811095	0.949850676605322	0.4917979392215884	0.6439277151159396	0.6800013812114735	3960
3	0.75	sym_min	fold	0.0128481679568507	0.8195665288484721	4.018323555412682e-05	4.018323555412682e-05	4.018323555412682e-05	3960
3	0.75	sym_min	superfamily	0.3609495693672043	0.9028496086758572	0.0907153496441298	0.1210051102241896	0.1809981460726741	3960
4	0.75	Xa	family	0.6809046299061582	0.9546354697387548	0.4407985428126954	0.5373199394419831	0.5751973512187695	4014
4	0.75	Xa	fold	0.0024962684698356	0.8273859860138758	0.000136645563826	0.000136645563826	0.000136645563826	4014
4	0.75	Xa	superfamily	0.2264095911200359	0.9096331114719935	0.088034317898121	0.1091533060618162	0.1328280124335069	4014
4	0.75	Xa_cov70	family	0.7452563663355548	0.9546354697387625	0.576077208531804	0.6531429657838587	0.6854152962513623	3742
4	0.75	Xa_cov70	fold	0.0287593821372317	0.827385986013902	0.000136645563826	0.000136645563826	0.000136645563826	3742
4	0.75	Xa_cov70	superfamily	0.3706384465454554	0.9096331114720412	0.113055421182934	0.1935334026085369	0.2283023628796987	3742
4	0.75	Xa_ktcov	family	0.7756119433231101	0.9546354697387568	0.5725808092760399	0.6426554886583127	0.6787218943868184	3852
4	0.75	Xa_ktcov	fold	0.0131409943511909	0.827385986013821	0.000136645563826	0.000136645563826	0.000136645563826	3852
4	0.75	Xa_ktcov	superfamily	0.3536780084588308	0.9096331114720017	0.1125989096274857	0.1726658690197213	0.1980443178667814	3852
4	0.75	sym_max	family	0.7745706115286737	0.9546354697387548	0.523093742243231	0.6307460523929109	0.6731991018992842	4131
4	0.75	sym_max	fold	0.0123714121770528	0.8273859860138507	0.0001845842023686	0.0001845842023686	0.0001845842023686	4131
4	0.75	sym_max	superfamily	0.34884242981085	0.909633111472002	0.0995546230529619	0.1577653158923201	0.1912052419731121	4131
4	0.75	sym_mean	family	0.783731582594248	0.954635469738756	0.532868057926288	0.6493233275656776	0.6861910405135693	4179
4	0.75	sym_mean	fold	0.0155704128262189	0.8273859860138508	0.0001447024778667	0.0001447024778667	0.0001447024778667	4179
4	0.75	sym_mean	superfamily	0.3648716259058969	0.9096331114720024	0.1084728970639785	0.1689916693537432	0.1925436002457658	4179
4	0.75	sym_min	family	0.7849443181609278	0.9546354697387572	0.5556008356967108	0.6510519794550084	0.6884299373986982	4001
4	0.75	sym_min	fold	0.0167598107121602	0.8273859860138487	0.0001447024778667	0.0001447024778667	0.0001447024778667	4001
4	0.75	sym_min	superfamily	0.368799830624567	0.9096331114720084	0.1158932687481287	0.172076152422017	0.2021826102142205	4001
0	0.775	Xa	family	0.6883285157159515	0.9541629584556264	0.4141228101831442	0.5357328491683653	0.572835357767567	3678
0	0.775	Xa	fold	0.0024388945198369	0.8186606583905566	0.0001826782007046	0.0001826782007046	0.0001826782007046	3678
0	0.775	Xa	superfamily	0.2433289307740558	0.9038053622224852	0.085378327062559	0.1084703199684829	0.1398777737261159	3678
0	0.775	Xa_cov70	family	0.7453811410428637	0.9541629584556338	0.5817004513855539	0.6615998866536248	0.6946395374930848	3823
0	0.775	Xa_cov70	fold	0.0250152034371586	0.8186606583906367	0.0001687579758428	0.0001687579758428	0.0001687579758428	3823
0	0.775	Xa_cov70	superfamily	0.3799779110735177	0.9038053622225092	0.1175362124754436	0.2040543967079963	0.254615707934763	3823
0	0.775	Xa_ktcov	family	0.7782915385621509	0.9541629584556288	0.5122495257865642	0.6507197085365819	0.6891403436777639	3918
0	0.775	Xa_ktcov	fold	0.0113601520400934	0.8186606583905184	0.0001687579758428	0.0001687579758428	0.0001687579758428	3918
0	0.775	Xa_ktcov	superfamily	0.3671390192564035	0.9038053622224892	0.0869763166606103	0.1647516144093372	0.2166752519835061	3918
0	0.775	sym_max	family	0.7793475364456358	0.9541629584556272	0.4846661807934715	0.6484829647498487	0.6884133106202114	4238
0	0.775	sym_max	fold	0.0110210524997899	0.818660658390552	0.0002173488407602	0.0002173488407602	0.0002173488407602	4238
0	0.775	sym_max	superfamily	0.3669610902511219	0.9038053622224912	0.0902564431522061	0.148383337458019	0.2171331979520683	4238
0	0.775	sym_mean	family	0.7872267014517849	0.954162958455627	0.4796273176008811	0.660634332372937	0.6937265624024177	4328
0	0.775	sym_mean	fold	0.0136895380652071	0.818660658390563	0.0001952620839796	0.0001952620839796	0.0001952620839796	4328
0	0.775	sym_mean	superfamily	0.3802246872937094	0.903805362222494	0.0995207417685524	0.1557273304721201	0.2210879467094644	4328
0	0.775	sym_min	family	0.7880468741492118	0.954162958455628	0.5150664077720718	0.664276766391769	0.6963735750298641	4149
0	0.775	sym_min	fold	0.0147040522821964	0.8186606583905621	0.0001466712190622	0.0001466712190622	0.0001466712190622	4149
0	0.775	sym_min	superfamily	0.3823030056898479	0.903805362222496	0.1085335302602042	0.170120843799701	0.2276876912012757	4149
1	0.775	Xa	family	0.7039546313192748	0.961499179309894	0.4487591134361177	0.5681553062486009	0.5969081520069323	3531
1	0.775	Xa	fold	0.002114686655822	0.8306613757832785	0.000194390763728	0.000194390763728	0.000194390763728	3531
1	0.775	Xa	superfamily	0.2483887754640729	0.9184131139049918	0.0862894628940629	0.1223817948915865	0.1510197433809527	3531
1	0.775	Xa_cov70	family	0.7557335324616818	0.9614991793098998	0.6004796531801178	0.6765035537256756	0.7080653751027878	4009
1	0.775	Xa_cov70	fold	0.0200731345312823	0.830661375783193	0.0001795780322051	0.0004150892443616	0.0004305239632182	4009
1	0.775	Xa_cov70	superfamily	0.3853445239436672	0.9184131139050422	0.1318642660177045	0.2197653579183613	0.2628463484036493	4009
1	0.775	Xa_ktcov	family	0.7914624575819912	0.9614991793098958	0.5451886291915834	0.6724322929765474	0.6998989688609752	3732
1	0.775	Xa_ktcov	fold	0.0095308111108441	0.8306613757831857	0.0001795780322051	0.0001795780322051	0.0001795780322051	3732
1	0.775	Xa_ktcov	superfamily	0.3720393641493523	0.9184131139050008	0.0881549802340576	0.1823804301635265	0.2218130056101645	3732
1	0.775	sym_max	family	0.7947505656331315	0.9614991793098944	0.5131933251332746	0.6742121576044008	0.7030712822595596	3983
1	0.775	sym_max	fold	0.0095070500556068	0.8306613757832201	0.0002312843403746	0.0002312843403746	0.0002312843403746	3983
1	0.775	sym_max	superfamily	0.3748608026707745	0.9184131139050022	0.0906502737251906	0.1913810779483406	0.228001230157077	3983
1	0.775	sym_mean	family	0.8012153793624093	0.9614991793098951	0.5438268700110022	0.6854233621525864	0.7125272247116595	4591
1	0.775	sym_mean	fold	0.0114641392879901	0.8306613757832317	0.0002953576335069	0.0002953576335069	0.0002953576335069	4591
1	0.775	sym_mean	superfamily	0.3865496601264183	0.9184131139050042	0.0994885619576603	0.1887877400146023	0.2346525287182628	4591
1	0.775	sym_min	family	0.8008469338390503	0.9614991793098951	0.5664941182815176	0.6794167106132618	0.713895795085028	5018
1	0.775	sym_min	fold	0.0121520889624705	0.8306613757832356	0.0004058559750456	0.0004150892443616	0.0004658059581165	5018
1	0.775	sym_min	superfamily	0.3874177493243759	0.9184131139050056	0.113807687573862	0.1810839281892949	0.230730345720955	5018
2	0.775	Xa	family	0.6381708229336727	0.9536124700015812	0.3958321929597154	0.4871218287259649	0.5269794255204703	3144
2	0.775	Xa	fold	0.0021374322883515	0.8704769921228133	0.0001565521209702	0.0001565521209702	0.0001565521209702	3144
2	0.775	Xa	superfamily	0.184923485572073	0.9271034943471484	0.0665845446491898	0.0840625066459106	0.095331321344561	3144
2	0.775	Xa_cov70	family	0.7132229599998544	0.9536124700015904	0.4930301315603069	0.6113938107492178	0.6457528245402671	3256
2	0.775	Xa_cov70	fold	0.02235894890436	0.8704769921228022	0.0001410332570669	0.0001410332570669	0.0001410332570669	3256
2	0.775	Xa_cov70	superfamily	0.3253253365967348	0.927103494347104	0.076021637790821	0.1421404571436737	0.188864957658708	3256
2	0.775	Xa_ktcov	family	0.7355479825318011	0.9536124700015812	0.4509941975495835	0.5937247907086798	0.6305458259148952	3346
2	0.775	Xa_ktcov	fold	0.0101926517774981	0.870476992122773	0.0001410332570669	0.0001410332570669	0.0001410332570669	3346
2	0.775	Xa_ktcov	superfamily	0.2978763342160256	0.9271034943471392	0.0668732753067882	0.1004851914481562	0.1548056045081303	3346
2	0.775	sym_max	family	0.7385016273308195	0.9536124700015812	0.4226762481275997	0.5902407099733332	0.6290320646836147	3624
2	0.775	sym_max	fold	0.0103255759009075	0.8704769921227781	0.0001952044379986	0.0001952044379986	0.0001952044379986	3624
2	0.775	sym_max	superfamily	0.3005543846145969	0.9271034943471416	0.0702216021547437	0.0967238328368235	0.1530780395270668	3624
2	0.775	sym_mean	family	0.7459927549481401	0.9536124700015816	0.4438995782186855	0.5972402257778562	0.6369153664989278	3660
2	0.775	sym_mean	fold	0.0126880773011582	0.87047699212279	0.0001705811739387	0.0001705811739387	0.0001705811739387	3660
2	0.775	sym_mean	superfamily	0.310470794961325	0.9271034943471382	0.0784512728852913	0.0978915061134496	0.1529476497544918	3660
2	0.775	sym_min	family	0.7459997764974868	0.953612470001581	0.4458527043207823	0.6014813724780851	0.6371010047432974	3490
2	0.775	sym_min	fold	0.0134614857391137	0.8704769921227985	0.000116409993007	0.000116409993007	0.000116409993007	3490
2	0.775	sym_min	superfamily	0.3103342360227827	0.927103494347136	0.084283423085019	0.1078847273532904	0.1494004975716964	3490
3	0.775	Xa	family	0.6750036085217697	0.9498506766053214	0.3995764160822822	0.5098481676122132	0.5519940687607561	3715
3	0.775	Xa	fold	0.002073285143224	0.819566528848511	8.219298181525941e-05	8.219298181525941e-05	8.219298181525941e-05	3715
3	0.775	Xa	superfamily	0.2181078865302958	0.9028496086758452	0.0724905122371326	0.0876141709864566	0.1109043602022025	3715
3	0.775	Xa_cov70	family	0.7502058810046106	0.9498506766053242	0.5685508052092499	0.6539456496055839	0.6870154484725554	3917
3	0.775	Xa_cov70	fold	0.0222561089593102	0.819566528848448	4.018323555412682e-05	4.018323555412682e-05	4.018323555412682e-05	3917
3	0.775	Xa_cov70	superfamily	0.3678598842405931	0.90284960867587	0.1022673731161205	0.1830272929802326	0.2212214357044521	3917
3	0.775	Xa_ktcov	family	0.7693250438047393	0.9498506766053209	0.4695359928375925	0.6274809761784244	0.6672357131013341	3951
3	0.775	Xa_ktcov	fold	0.0093685505209543	0.8195665288484489	4.018323555412682e-05	4.018323555412682e-05	4.018323555412682e-05	3951
3	0.775	Xa_ktcov	superfamily	0.3401129480944572	0.902849608675852	0.0737529190016641	0.1240225612402275	0.1788679229041654	3951
3	0.775	sym_max	family	0.7701017071006356	0.9498506766053204	0.464876865516536	0.6243672366398494	0.6637145774660433	4261
3	0.775	sym_max	fold	0.0092420046759166	0.8195665288484743	4.018323555412682e-05	4.018323555412682e-05	4.018323555412682e-05	4261
3	0.775	sym_max	superfamily	0.3404715677649995	0.9028496086758524	0.07665575336342	0.1110975905553478	0.1718821051501991	4261
3	0.775	sym_mean	family	0.7781120309373598	0.9498506766053204	0.457140386813303	0.6277305978957953	0.6700718985283829	4349
3	0.775	sym_mean	fold	0.0115070412635128	0.8195665288484764	4.018323555412682e-05	4.018323555412682e-05	4.018323555412682e-05	4349
3	0.775	sym_mean	superfamily	0.3519599770924507	0.902849608675856	0.0849728610742351	0.1089071321776816	0.1776524393283258	4349
3	0.775	sym_min	family	0.7792478205018191	0.9498506766053214	0.4835975918611562	0.6368350035001059	0.6713334617145608	4173
3	0.775	sym_min	fold	0.0123112078096443	0.8195665288484684	4.018323555412682e-05	4.018323555412682e-05	4.018323555412682e-05	4173
3	0.775	sym_min	superfamily	0.353206353567323	0.9028496086758564	0.0913836152031411	0.1199915779114303	0.1762780083550181	4173
4	0.775	Xa	family	0.6665594665824907	0.9546354697387543	0.4267018350780933	0.5139633611022281	0.5519648624758889	4047
4	0.775	Xa	fold	0.0021836954518243	0.8273859860138723	0.0001447024778667	0.0001664927681134	0.0001664927681134	4047
4	0.775	Xa	superfamily	0.2120566643809807	0.9096331114719944	0.085281846793289	0.0984063052232919	0.122661167807912	4047
4	0.775	Xa_cov70	family	0.7444192255602524	0.9546354697387622	0.5797766591336986	0.6517497422671102	0.6824530442410565	3916
4	0.775	Xa_cov70	fold	0.0284688100363639	0.8273859860139028	0.0001664927681134	0.0001664927681134	0.0001664927681134	3916
4	0.775	Xa_cov70	superfamily	0.3688612507310382	0.9096331114720422	0.1160740582493816	0.1908887462794628	0.2272265078231884	3916
4	0.775	Xa_ktcov	family	0.7705688795197418	0.954635469738756	0.5621192309479344	0.6384715417780343	0.6698967928298553	4028
4	0.775	Xa_ktcov	fold	0.0122767217238671	0.8273859860138167	0.0001664927681134	0.0001664927681134	0.0001664927681134	4028
4	0.775	Xa_ktcov	superfamily	0.345302086258472	0.9096331114720022	0.1080301749373067	0.1650300754528178	0.194705830164127	4028
4	0.775	sym_max	family	0.7696385444863094	0.9546354697387543	0.5187232344939502	0.6248415553120035	0.6643639305955298	4346
4	0.775	sym_max	fold	0.0116173236446142	0.8273859860138463	0.0002144314066561	0.0002144314066561	0.0002144314066561	4346
4	0.775	sym_max	superfamily	0.3407048321908869	0.9096331114720024	0.0943945352259965	0.1552679887186858	0.1804621520498546	4346
4	0.775	sym_mean	family	0.7790102226256271	0.9546354697387556	0.5249432650910508	0.6406262893899601	0.6782606646576054	4389
4	0.775	sym_mean	fold	0.0147196100460454	0.8273859860138498	0.0001926411164094	0.0001926411164094	0.0001926411164094	4389
4	0.775	sym_mean	superfamily	0.3566901035545353	0.9096331114720034	0.1061209710498302	0.1677331036252915	0.1905895589011855	4389
4	0.775	sym_min	family	0.7800990114706099	0.9546354697387562	0.5463416300798983	0.6461870708679195	0.6776504937384541	4219
4	0.775	sym_min	fold	0.0157805841930433	0.8273859860138457	0.0001447024778667	0.0001447024778667	0.0001447024778667	4219
4	0.775	sym_min	superfamily	0.3602661010973509	0.9096331114720088	0.1105854045185964	0.1643372437333782	0.1974257704399278	4219
0	0.8	Xa	family	0.6741707985353204	0.9541629584556256	0.3917009015983529	0.5096471828975218	0.5551770723919129	3274
0	0.8	Xa	fold	0.0021228873724202	0.8186606583905564	0.0001129305477131	0.0001129305477131	0.0001129305477131	3274
0	0.8	Xa	superfamily	0.228747125908379	0.903805362222483	0.085330252895313	0.1032614628765269	0.1321622801949056	3274
0	0.8	Xa_cov70	family	0.7449260010057884	0.954162958455633	0.5754344998102079	0.6610957847063068	0.6924953836534556	3984
0	0.8	Xa_cov70	fold	0.0249844173540139	0.8186606583906367	0.0001687579758428	0.0001687579758428	0.0001687579758428	3984
0	0.8	Xa_cov70	superfamily	0.3789424760010165	0.9038053622225092	0.1170880537680026	0.2058220361926274	0.2547656288861251	3984
0	0.8	Xa_ktcov	family	0.7741693146697229	0.9541629584556282	0.4956802854609606	0.644365988598123	0.683075018125209	3899
0	0.8	Xa_ktcov	fold	0.0107812165676026	0.818660658390516	0.0001687579758428	0.0001687579758428	0.0001687579758428	3899
0	0.8	Xa_ktcov	superfamily	0.3599603540727681	0.903805362222488	0.0866307208818959	0.1633399435144501	0.2106649662098149	3899
0	0.8	sym_max	family	0.7753263676556104	0.9541629584556264	0.4807890488023014	0.6422833171535411	0.679497780282093	4219
0	0.8	sym_max	fold	0.0105094154112508	0.8186606583905512	0.0002173488407602	0.0002173488407602	0.0002173488407602	4219
0	0.8	sym_max	superfamily	0.3598743972641419	0.9038053622224916	0.0906477741815472	0.1383728793461613	0.2119940827785635	4219
0	0.8	sym_mean	family	0.7833578145297598	0.9541629584556268	0.4775108041604097	0.6544507936387389	0.6877431124021848	4565
0	0.8	sym_mean	fold	0.0131027126664333	0.8186606583905628	0.0001952620839796	0.0001952620839796	0.0001952620839796	4565
0	0.8	sym_mean	superfamily	0.3730461635970689	0.9038053622224932	0.0996281562897229	0.1507272676895779	0.2123034241708195	4565
0	0.8	sym_min	family	0.7839299570756662	0.9541629584556272	0.5116570920003821	0.659225651926417	0.6894207799700045	4370
0	0.8	sym_min	fold	0.0139899456290686	0.8186606583905637	0.000155348159226	0.000155348159226	0.000155348159226	4370
0	0.8	sym_min	superfamily	0.3748050114612979	0.903805362222496	0.1103075125035822	0.1636981506034837	0.2123745091764025	4370
1	0.8	Xa	family	0.6881369742769269	0.9614991793098928	0.4275882971648017	0.547401724030302	0.5760329953100715	3148
1	0.8	Xa	fold	0.0018132612424258	0.8306613757832753	0.0001201711826234	0.0001201711826234	0.0001201711826234	3148
1	0.8	Xa	superfamily	0.2322765419191251	0.9184131139049894	0.0861291202118212	0.1053250439263826	0.1370199740482122	3148
1	0.8	Xa_cov70	family	0.7547076611535478	0.961499179309899	0.5976889213021512	0.6750996921618029	0.7027817744618174	3854
1	0.8	Xa_cov70	fold	0.0198355930776766	0.8306613757831932	0.0001795780322051	0.0003156995444475	0.0004033101168132	3854
1	0.8	Xa_cov70	superfamily	0.3832136438745	0.9184131139050424	0.1312192760251409	0.2177242317953061	0.2611526475078455	3854
1	0.8	Xa_ktcov	family	0.7860317128515963	0.961499179309895	0.5429546774505063	0.6596154146333335	0.6933269202647838	3694
1	0.8	Xa_ktcov	fold	0.0088909321381184	0.8306613757831821	0.0001795780322051	0.0001795780322051	0.0001795780322051	3694
1	0.8	Xa_ktcov	superfamily	0.362894799519871	0.9184131139050008	0.0871796176706891	0.1674924566208358	0.2142816591324202	3694
1	0.8	sym_max	family	0.7895155529663372	0.9614991793098936	0.5087034298752574	0.6614118652018233	0.6968264477197949	3947
1	0.8	sym_max	fold	0.0089093592002613	0.830661375783217	0.0002312843403746	0.0002312843403746	0.0002312843403746	3947
1	0.8	sym_max	superfamily	0.3656766146549083	0.9184131139050024	0.0905476573334306	0.1806495812797747	0.2154191058249672	3947
1	0.8	sym_mean	family	0.7962582074589957	0.9614991793098938	0.5368398437144107	0.6764205251569835	0.7017757524134007	4597
1	0.8	sym_mean	fold	0.0107932705357749	0.8306613757832277	0.0003045909028229	0.0003045909028229	0.0003045909028229	4597
1	0.8	sym_mean	superfamily	0.3774940539434812	0.9184131139050048	0.0990625961381286	0.1766091078464078	0.2189741944112478	4597
1	0.8	sym_min	family	0.795705594636143	0.961499179309894	0.551417116688628	0.6752747476182742	0.702228952865625	4825
1	0.8	sym_min	fold	0.0113865886723096	0.8306613757832322	0.0003064662751315	0.0003701272372576	0.0003701272372576	4825
1	0.8	sym_min	superfamily	0.3783440795124939	0.918413113905006	0.1160054998865419	0.1708198370099906	0.2233851663452321	4825
2	0.8	Xa	family	0.6228824668283095	0.9536124700015816	0.3811171166766843	0.4667720741870521	0.5126866643613672	2828
2	0.8	Xa	fold	0.0018466925934435	0.8704769921228058	7.879444499162809e-05	7.879444499162809e-05	7.879444499162809e-05	2828
2	0.8	Xa	superfamily	0.1725779404042434	0.927103494347148	0.0668909920458222	0.0763009715337489	0.0859028292915481	2828
2	0.8	Xa_cov70	family	0.7122129258927772	0.9536124700015904	0.4902933901107965	0.6092070455827713	0.6427701836464327	3380
2	0.8	Xa_cov70	fold	0.0222465440157797	0.8704769921228022	0.0001410332570669	0.0001410332570669	0.0001410332570669	3380
2	0.8	Xa_cov70	superfamily	0.3237389885939037	0.9271034943471044	0.0768079530035844	0.1417708039884777	0.1865246235097706	3380
2	0.8	Xa_ktcov	family	0.7300220704286252	0.953612470001581	0.4488099325561996	0.5862227060039837	0.6219217179701063	3326
2	0.8	Xa_ktcov	fold	0.0096294878342687	0.8704769921227711	0.0001410332570669	0.0001410332570669	0.0001410332570669	3326
2	0.8	Xa_ktcov	superfamily	0.2901201512974404	0.9271034943471388	0.0670969149470794	0.1000375927693205	0.147437793793786	3326
2	0.8	sym_max	family	0.7332630089083433	0.9536124700015816	0.4211394170156267	0.5899140747226402	0.6186272943131729	3610
2	0.8	sym_max	fold	0.0098061165599062	0.8704769921227742	0.0001952044379986	0.0001952044379986	0.0001952044379986	3610
2	0.8	sym_max	superfamily	0.2931407574188965	0.9271034943471412	0.070706588858582	0.0962318280728953	0.1458964016055686	3610
2	0.8	sym_mean	family	0.7407890327104716	0.9536124700015812	0.4416834582122536	0.5884981186788463	0.6321663856288743	3840
2	0.8	sym_mean	fold	0.0121040142762713	0.8704769921227881	0.0001705811739387	0.0001705811739387	0.0001705811739387	3840
2	0.8	sym_mean	superfamily	0.3027660786034517	0.9271034943471388	0.0792234237512362	0.0938785994242841	0.1454413215591647	3840
2	0.8	sym_min	family	0.7404944222689894	0.9536124700015812	0.4353975248940798	0.5865468224736123	0.6279381105276428	3650
2	0.8	sym_min	fold	0.012795436543943	0.8704769921227967	0.0001260834181734	0.0001260834181734	0.0001260834181734	3650
2	0.8	sym_min	superfamily	0.3022942042481054	0.9271034943471356	0.0849345651588934	0.1034033334060412	0.1422277124047578	3650
3	0.8	Xa	family	0.6594743828131227	0.9498506766053212	0.3793373554621496	0.4850430429532346	0.5344746717688224	3309
3	0.8	Xa	fold	0.001830266102851	0.8195665288485067	4.018323555412682e-05	4.018323555412682e-05	4.018323555412682e-05	3309
3	0.8	Xa	superfamily	0.2032793416981555	0.902849608675844	0.072036922799535	0.0823476876619548	0.0984191776628013	3309
3	0.8	Xa_cov70	family	0.749284264969747	0.9498506766053236	0.5647603451069949	0.6521919120087162	0.6863409210757149	4083
3	0.8	Xa_cov70	fold	0.0220983943282837	0.8195665288484484	4.018323555412682e-05	4.018323555412682e-05	4.018323555412682e-05	4083
3	0.8	Xa_cov70	superfamily	0.3660885401013681	0.90284960867587	0.1012994150444226	0.1802193746111266	0.2201822018647405	4083
3	0.8	Xa_ktcov	family	0.7641694609857843	0.9498506766053212	0.4658660225600633	0.6205161346212188	0.6596621316008839	3910
3	0.8	Xa_ktcov	fold	0.0088955420387312	0.8195665288484464	4.018323555412682e-05	4.018323555412682e-05	4.018323555412682e-05	3910
3	0.8	Xa_ktcov	superfamily	0.3318904682376896	0.9028496086758516	0.0731592622708685	0.1188012511948951	0.1715794520570025	3910
3	0.8	sym_max	family	0.7648381565883828	0.9498506766053202	0.4545947892786295	0.6148942229289523	0.6550585196358867	4230
3	0.8	sym_max	fold	0.0088001278351214	0.8195665288484719	4.018323555412682e-05	4.018323555412682e-05	4.018323555412682e-05	4230
3	0.8	sym_max	superfamily	0.3321293556601863	0.9028496086758512	0.0770636434422252	0.1091305500580183	0.1664433817219173	4230
3	0.8	sym_mean	family	0.7731621112130905	0.9498506766053202	0.4502332945909058	0.6198330139091435	0.6628496591791837	4574
3	0.8	sym_mean	fold	0.0110362706863085	0.8195665288484726	4.018323555412682e-05	4.018323555412682e-05	4.018323555412682e-05	4574
3	0.8	sym_mean	superfamily	0.3436593929616082	0.9028496086758544	0.0847033404508241	0.106367405299362	0.17274036081569	4574
3	0.8	sym_min	family	0.7741811572672938	0.9498506766053212	0.469104969431042	0.6218331852028656	0.6620784817377446	4380
3	0.8	sym_min	fold	0.0117546506858665	0.8195665288484661	4.8435149998277857e-05	4.8435149998277857e-05	4.8435149998277857e-05	4380
3	0.8	sym_min	superfamily	0.3448351609903179	0.9028496086758566	0.0920243270611422	0.1203899788138034	0.1704210504306064	4380
4	0.8	Xa	family	0.6507151399925527	0.954635469738754	0.4027545582553515	0.4926259808452395	0.5322331173461057	3873
4	0.8	Xa	fold	0.0019118330225579	0.8273859860138679	0.0001447024778667	0.0001447024778667	0.0001447024778667	3873
4	0.8	Xa	superfamily	0.1976358080593828	0.9096331114719916	0.0825234435548836	0.0942706758978743	0.1123071119608889	3873
4	0.8	Xa_cov70	family	0.7435147027448931	0.9546354697387616	0.5770773755198515	0.6491660719764618	0.6789250383512337	4073
4	0.8	Xa_cov70	fold	0.0281619059331371	0.8273859860139028	0.0001664927681134	0.0001664927681134	0.0001664927681134	4073
4	0.8	Xa_cov70	superfamily	0.3669239426285255	0.909633111472042	0.1159589893912726	0.1882516662901945	0.2280141311168141	4073
4	0.8	Xa_ktcov	family	0.764950916050619	0.9546354697387552	0.5473605009298566	0.6253478432471198	0.6654298378901057	4228
4	0.8	Xa_ktcov	fold	0.0114025609906362	0.8273859860138135	0.0001664927681134	0.0001664927681134	0.0001664927681134	4228
4	0.8	Xa_ktcov	superfamily	0.3361932851459615	0.909633111472002	0.1045037186719902	0.1549702362786419	0.1851571589829778	4228
4	0.8	sym_max	family	0.7641963065609179	0.9546354697387542	0.5018231527832974	0.6167891264329621	0.6561714789042575	4461
4	0.8	sym_max	fold	0.0108977089478391	0.8273859860138425	0.0002315523489927	0.0002315523489927	0.0002315523489927	4461
4	0.8	sym_max	superfamily	0.3318628546303047	0.9096331114720017	0.0909062365558272	0.1555598221236482	0.1718708464142378	4461
4	0.8	sym_mean	family	0.7737271481822486	0.9546354697387548	0.5140703260983803	0.6276618867767465	0.6697667383155501	4611
4	0.8	sym_mean	fold	0.0138640641430242	0.8273859860138485	0.0001926411164094	0.0001926411164094	0.0001926411164094	4611
4	0.8	sym_mean	superfamily	0.3477084274708007	0.9096331114720042	0.1018649421032303	0.160214367226847	0.184297654857108	4611
4	0.8	sym_min	family	0.7746401105490986	0.954635469738756	0.5324068013368732	0.6342015579074808	0.6710509341780083	4417
4	0.8	sym_min	fold	0.0147760861003207	0.8273859860138449	0.0001447024778667	0.0001447024778667	0.0001447024778667	4417
4	0.8	sym_min	superfamily	0.3509857504203012	0.9096331114720092	0.1085850467313621	0.1554661962380695	0.1859632166758769	4417
0	0.825	Xa	family	0.658452239644819	0.954162958455626	0.3759417063106349	0.4888100957161923	0.5334904644093929	2815
0	0.825	Xa	fold	0.0018844898319184	0.8186606583905566	0.0001129305477131	0.0001129305477131	0.0001129305477131	2815
0	0.825	Xa	superfamily	0.2139463673663574	0.903805362222483	0.0816092884717444	0.0932630778747191	0.1169288091001516	2815
0	0.825	Xa_cov70	family	0.7443959493443598	0.954162958455633	0.5703218720623987	0.6583478308882108	0.6908803122997295	3883
0	0.825	Xa_cov70	fold	0.0249263591743224	0.8186606583906367	0.0001687579758428	0.0001725247095574	0.0001725247095574	3883
0	0.825	Xa_cov70	superfamily	0.3777978062486788	0.9038053622225094	0.1162213518212681	0.2046020304768557	0.2500841231354187	3883
0	0.825	Xa_ktcov	family	0.7694237396253741	0.9541629584556276	0.4936503639667824	0.6390530207957736	0.6760643976127824	3868
0	0.825	Xa_ktcov	fold	0.0101526394899116	0.8186606583905148	0.0001466712190622	0.0001466712190622	0.0001466712190622	3868
0	0.825	Xa_ktcov	superfamily	0.3519351060394011	0.9038053622224878	0.0857269484930432	0.1596790553626004	0.2032197661737559	3868
0	0.825	sym_max	family	0.7707071354946986	0.9541629584556264	0.4754383931041876	0.634563533069905	0.6703974180035756	4202
0	0.825	sym_max	fold	0.0099682383505324	0.8186606583905494	0.0001952620839796	0.0001952620839796	0.0001952620839796	4202
0	0.825	sym_max	superfamily	0.3520815968589972	0.903805362222492	0.0908021472630574	0.1341292460983608	0.2017284531975124	4202
0	0.825	sym_mean	family	0.7788326299144814	0.9541629584556264	0.4758957464888464	0.6478697520701099	0.6792473533853142	4826
0	0.825	sym_mean	fold	0.0125086364820439	0.8186606583905631	0.00025582333513	0.00025582333513	0.00025582333513	4826
0	0.825	sym_mean	superfamily	0.3649756745345576	0.9038053622224942	0.1001988514654357	0.1421334719249406	0.2007263406765524	4826
0	0.825	sym_min	family	0.7792174276984851	0.9541629584556268	0.4765468614219079	0.6536212883240847	0.6792664652668186	4594
0	0.825	sym_min	fold	0.0132786927110138	0.8186606583905649	0.000155348159226	0.000155348159226	0.000155348159226	4594
0	0.825	sym_min	superfamily	0.3664328028796913	0.9038053622224956	0.1133205460426542	0.1626632158200154	0.2040273252060344	4594
1	0.825	Xa	family	0.6708058562323083	0.961499179309892	0.3884601035117857	0.516104498836359	0.5519738686464124	2729
1	0.825	Xa	fold	0.0015990821975496	0.8306613757832696	0.0001201711826234	0.0001201711826234	0.0001201711826234	2729
1	0.825	Xa	superfamily	0.2161243063772054	0.9184131139049888	0.0821393970713078	0.100969763201716	0.126659004884194	2729
1	0.825	Xa_cov70	family	0.7536180047731654	0.9614991793098984	0.5946082153877378	0.6724084936278804	0.7008607172580187	3670
1	0.825	Xa_cov70	fold	0.0195557721310628	0.8306613757831935	0.0001795780322051	0.0002234228104955	0.0002639932362779	3670
1	0.825	Xa_cov70	superfamily	0.3809697690830595	0.9184131139050432	0.1318828632920824	0.2127942349644202	0.258094942674359	3670
1	0.825	Xa_ktcov	family	0.7799814878791526	0.9614991793098944	0.5177512558464642	0.647132805752249	0.6874750763153747	3659
1	0.825	Xa_ktcov	fold	0.0082514909797807	0.8306613757831779	0.0001560751648552	0.0001560751648552	0.0001560751648552	3659
1	0.825	Xa_ktcov	superfamily	0.3529423166374658	0.9184131139049992	0.0861101293570928	0.1607217091100361	0.2078729832481177	3659
1	0.825	sym_max	family	0.7836421068148101	0.9614991793098931	0.4998199455644869	0.6480100332297367	0.6861582259726736	3911
1	0.825	sym_max	fold	0.0083039090684838	0.8306613757832134	0.0002077814730248	0.0002077814730248	0.0002077814730248	3911
1	0.825	sym_max	superfamily	0.3557720465221913	0.9184131139050022	0.0906766235126598	0.1683301016904334	0.2063280913288137	3911
1	0.825	sym_mean	family	0.7906178351378562	0.9614991793098931	0.4919689600767367	0.6660524245077074	0.6923348679676526	4620
1	0.825	sym_mean	fold	0.0101329729506901	0.8306613757832254	0.0002965227543297	0.0002965227543297	0.0002965227543297	4620
1	0.825	sym_mean	superfamily	0.367609766025685	0.9184131139050048	0.09963367125946	0.1617593159697369	0.2045402959300557	4620
1	0.825	sym_min	family	0.789895460970966	0.9614991793098934	0.5430239594431501	0.6650356661782905	0.6963833373966654	4598
1	0.825	sym_min	fold	0.0106429912707507	0.830661375783229	0.0002058788599537	0.0002058788599537	0.0002058788599537	4598
1	0.825	sym_min	superfamily	0.3684031032986544	0.9184131139050064	0.1143147471234334	0.1670568343848795	0.2043550776762322	4598
2	0.825	Xa	family	0.6061487717797441	0.9536124700015818	0.3494138547200931	0.4437038346882831	0.4902448479003113	2450
2	0.825	Xa	fold	0.0016387694755415	0.8704769921228033	7.879444499162809e-05	7.879444499162809e-05	7.879444499162809e-05	2450
2	0.825	Xa	superfamily	0.1602344416653067	0.927103494347148	0.0660485387863559	0.0694459472422677	0.0810357480578424	2450
2	0.825	Xa_cov70	family	0.7111199410412984	0.9536124700015908	0.4905888780127023	0.6082634867237462	0.6385833674710765	3294
2	0.825	Xa_cov70	fold	0.0221101967411913	0.8704769921228032	0.0001410332570669	0.0001410332570669	0.0001452325734182	3294
2	0.825	Xa_cov70	superfamily	0.3220656879949768	0.9271034943471044	0.0760133771645643	0.1412376675920057	0.1868069783824716	3294
2	0.825	Xa_ktcov	family	0.7237836820949536	0.9536124700015808	0.4454494437509025	0.5734507364030396	0.6084852128242683	3302
2	0.825	Xa_ktcov	fold	0.0090307110936829	0.870476992122768	0.000116409993007	0.000116409993007	0.000116409993007	3302
2	0.825	Xa_ktcov	superfamily	0.281703789555389	0.9271034943471388	0.0672373741627203	0.099191537438505	0.1378351457298369	3302
2	0.825	sym_max	family	0.7273742460196156	0.9536124700015816	0.417561653995332	0.57267031647964	0.6114596727798175	3580
2	0.825	sym_max	fold	0.0092668950829389	0.870476992122772	0.0001705811739387	0.0001705811739387	0.0001705811739387	3580
2	0.825	sym_max	superfamily	0.2852543437693625	0.9271034943471412	0.0716319606244114	0.0924311495454497	0.1377412212546263	3580
2	0.825	sym_mean	family	0.7349353762904605	0.9536124700015814	0.433655611892241	0.5762052558639488	0.6231883371789864	4042
2	0.825	sym_mean	fold	0.0115460124654337	0.8704769921227856	0.0002380974550154	0.0002380974550154	0.0002380974550154	4042
2	0.825	sym_mean	superfamily	0.2943016923174032	0.9271034943471388	0.0798781606125669	0.0890273951094826	0.1385785518627073	4042
2	0.825	sym_min	family	0.7343222867224318	0.9536124700015816	0.4345303699629207	0.579309981714449	0.6226360785614212	3833
2	0.825	sym_min	fold	0.0121222730502124	0.870476992122795	0.0001260834181734	0.0001260834181734	0.0001260834181734	3833
2	0.825	sym_min	superfamily	0.2935727181582074	0.9271034943471348	0.0872455011630237	0.0972007852633559	0.1408602909306843	3833
3	0.825	Xa	family	0.6424461478276517	0.9498506766053212	0.363897887588947	0.4694297739910532	0.5109100517576667	2860
3	0.825	Xa	fold	0.0016373965170746	0.8195665288485047	4.018323555412682e-05	4.018323555412682e-05	4.018323555412682e-05	2860
3	0.825	Xa	superfamily	0.1884923220635929	0.9028496086758424	0.0677388121981551	0.0748801636783891	0.0899302910808001	2860
3	0.825	Xa_cov70	family	0.7482933597492629	0.949850676605324	0.5602575624608278	0.6495821801274797	0.6801917508150435	4272
3	0.825	Xa_cov70	fold	0.0219296629291436	0.8195665288484494	4.376546197949471e-05	4.376546197949471e-05	4.376546197949471e-05	4272
3	0.825	Xa_cov70	superfamily	0.3642258875550144	0.9028496086758708	0.1004018784852594	0.1771094601082238	0.2201935480831343	4272
3	0.825	Xa_ktcov	family	0.758350612479308	0.9498506766053209	0.4641447567908745	0.6046320540210269	0.6519904156707155	3875
3	0.825	Xa_ktcov	fold	0.0084296745244266	0.8195665288484416	4.018323555412682e-05	4.018323555412682e-05	4.018323555412682e-05	3875
3	0.825	Xa_ktcov	superfamily	0.3229523320544251	0.902849608675851	0.0723542202153473	0.1131169599462756	0.1647122861736718	3875
3	0.825	sym_max	family	0.7589547621147862	0.9498506766053196	0.4471558581959911	0.605247289444637	0.6415044091307845	4203
3	0.825	sym_max	fold	0.0083711888031706	0.8195665288484698	4.018323555412682e-05	4.018323555412682e-05	4.018323555412682e-05	4203
3	0.825	sym_max	superfamily	0.3231741635227342	0.9028496086758508	0.0771788072080633	0.1081330310253273	0.1566414578907078	4203
3	0.825	sym_mean	family	0.7675999768834331	0.9498506766053196	0.4489842399016848	0.602574196952709	0.6548693881219573	4815
3	0.825	sym_mean	fold	0.0105998051287153	0.8195665288484679	9.777799288666516e-05	9.777799288666516e-05	9.777799288666516e-05	4815
3	0.825	sym_mean	superfamily	0.3346843880810283	0.9028496086758544	0.0851520610158338	0.1046746967563038	0.163712835015762	4815
3	0.825	sym_min	family	0.7685391442749122	0.9498506766053209	0.4586582814574662	0.6076496261367229	0.6534948532167209	4588
3	0.825	sym_min	fold	0.0112257475085894	0.8195665288484646	4.8435149998277857e-05	4.8435149998277857e-05	4.8435149998277857e-05	4588
3	0.825	sym_min	superfamily	0.3356946889367506	0.902849608675857	0.095427545074578	0.1173077725484391	0.1630894452284646	4588
4	0.825	Xa	family	0.6334055608683892	0.9546354697387528	0.3766289252727804	0.4680006017335842	0.5117782309143911	3392
4	0.825	Xa	fold	0.0016846095924055	0.8273859860138644	0.0001114147014351	0.0001114147014351	0.0001114147014351	3392
4	0.825	Xa	superfamily	0.1834436299610748	0.9096331114719916	0.0788663846781205	0.085872058580332	0.09960884782934	3392
4	0.825	Xa_cov70	family	0.7425247422503911	0.9546354697387608	0.5754303063692583	0.646602739621016	0.6765542320747171	3960
4	0.825	Xa_cov70	fold	0.0278332735074005	0.8273859860139031	0.0001664927681134	0.0001702089416438	0.0001702089416438	3960
4	0.825	Xa_cov70	superfamily	0.3648500820602567	0.9096331114720422	0.1148505155159202	0.1863240162678096	0.2224049103773805	3960
4	0.825	Xa_ktcov	family	0.7587208932604573	0.9546354697387548	0.5275682409444103	0.6202747184299112	0.6577087879326382	4436
4	0.825	Xa_ktcov	fold	0.010575558555036	0.8273859860138109	0.0001702089416438	0.0001702089416438	0.0001702089416438	4436
4	0.825	Xa_ktcov	superfamily	0.3263758260862402	0.9096331114720012	0.1002135764190848	0.146997971690369	0.178757337433663	4436
4	0.825	sym_max	family	0.7580659787420212	0.9546354697387536	0.4870730596916184	0.6108508569447033	0.6456679284780734	4305
4	0.825	sym_max	fold	0.0101769440629271	0.8273859860138412	0.0002144314066561	0.0002144314066561	0.0002144314066561	4305
4	0.825	sym_max	superfamily	0.3224531962849385	0.9096331114720012	0.0877550663839712	0.1526780766007083	0.1675992071528474	4305
4	0.825	sym_mean	family	0.7678744424581505	0.954635469738754	0.5029140012433253	0.6136126033188323	0.6571130557947502	4822
4	0.825	sym_mean	fold	0.0130102334791959	0.8273859860138464	0.0002134782322765	0.0002134782322765	0.0002134782322765	4822
4	0.825	sym_mean	superfamily	0.3379862882637333	0.9096331114720048	0.096585911806826	0.147523283849781	0.1746718426189236	4822
4	0.825	sym_min	family	0.7685443587101206	0.954635469738755	0.5223438831134355	0.6277459707771953	0.6572472396443627	4608
4	0.825	sym_min	fold	0.013821071263635	0.8273859860138428	0.0001447024778667	0.0001447024778667	0.0001447024778667	4608
4	0.825	sym_min	superfamily	0.3409972424960737	0.9096331114720088	0.1052709742608948	0.1465942392621627	0.1775688852802733	4608
0	0.85	Xa	family	0.6411031234099017	0.9541629584556258	0.3575203620316053	0.4652171994287485	0.5085158492669896	2413
0	0.85	Xa	fold	0.0016545042083415	0.8186606583905556	7.067762169802986e-05	7.067762169802986e-05	7.067762169802986e-05	2413
0	0.85	Xa	superfamily	0.198886526138983	0.9038053622224816	0.0737073455228193	0.0848916226677925	0.1055908608747202	2413
0	0.85	Xa_cov70	family	0.743812883897194	0.9541629584556324	0.5649707100382471	0.6582741556122726	0.687964243076127	3706
0	0.85	Xa_cov70	fold	0.0248816886293243	0.8186606583906366	0.0001466712190622	0.0001957063855174	0.0001957063855174	3706
0	0.85	Xa_cov70	superfamily	0.3765091867155141	0.9038053622225098	0.1158449965916813	0.2038258397230783	0.2503023407990595	3706
0	0.85	Xa_ktcov	family	0.764008289755311	0.9541629584556274	0.4864444324132988	0.6273339001552086	0.6632570316525526	3857
0	0.85	Xa_ktcov	fold	0.009542381064413	0.8186606583905132	0.0001466712190622	0.0001466712190622	0.0001466712190622	3857
0	0.85	Xa_ktcov	superfamily	0.3430887429052152	0.903805362222488	0.0853893544271113	0.1521230597947674	0.1953881282685028	3857
0	0.85	sym_max	family	0.7654980467615434	0.9541629584556264	0.4632887143501605	0.6308035161715131	0.6582031756495766	4206
0	0.85	sym_max	fold	0.0094483140077094	0.8186606583905492	0.0001952620839796	0.0001952620839796	0.0001952620839796	4206
0	0.85	sym_max	superfamily	0.3434159064837607	0.903805362222491	0.0898208336983863	0.1316063751618695	0.1895969440739418	4206
0	0.85	sym_mean	family	0.7736480265754573	0.9541629584556264	0.4739759982412117	0.6350755128275125	0.6713075835100287	4720
0	0.85	sym_mean	fold	0.0118784601601045	0.8186606583905616	0.0002337365783494	0.0002337365783494	0.0002337365783494	4720
0	0.85	sym_mean	superfamily	0.3561340683418349	0.9038053622224922	0.1005673199787462	0.1429264524752575	0.1873079975693701	4720
0	0.85	sym_min	family	0.7738350219822642	0.9541629584556264	0.4723056545805343	0.6374594567210162	0.6726646663548831	4414
0	0.85	sym_min	fold	0.0125431424089043	0.8186606583905643	0.000155348159226	0.000155348159226	0.000155348159226	4414
0	0.85	sym_min	superfamily	0.3570683400092115	0.9038053622224952	0.1138591533343782	0.1441825612082947	0.1900329745903511	4414
1	0.85	Xa	family	0.6521478532814102	0.9614991793098916	0.3701872192216914	0.4965243029883884	0.5292880245227145	2356
1	0.85	Xa	fold	0.0013958984113363	0.8306613757832648	7.520917551941337e-05	7.520917551941337e-05	7.520917551941337e-05	2356
1	0.85	Xa	superfamily	0.1998423889609281	0.9184131139049873	0.0740381350213383	0.0945062091011426	0.1109805900588937	2356
1	0.85	Xa_cov70	family	0.7524317196010367	0.9614991793098978	0.5889735965074203	0.6722507077875134	0.6982772953352797	3506
1	0.85	Xa_cov70	fold	0.0193360064398838	0.8306613757831945	0.0001560751648552	0.0002141895411795	0.0002234228104955	3506
1	0.85	Xa_cov70	superfamily	0.3785723299395571	0.9184131139050432	0.129905235530728	0.2100904240998346	0.2522046739281621	3506
1	0.85	Xa_ktcov	family	0.773168841704689	0.9614991793098944	0.4881924491506865	0.6346794679561156	0.6733377378651961	3637
1	0.85	Xa_ktcov	fold	0.0076608146852744	0.8306613757831739	0.0001560751648552	0.0001560751648552	0.0001560751648552	3637
1	0.85	Xa_ktcov	superfamily	0.3423787834418572	0.9184131139049984	0.0855544498037758	0.1509912095081246	0.1932345715840651	3637
1	0.85	sym_max	family	0.7770991126001421	0.9614991793098928	0.4864751237449046	0.6356945983795231	0.6716024292637979	3862
1	0.85	sym_max	fold	0.0077517887252618	0.8306613757832078	0.0002077814730248	0.0002077814730248	0.0002077814730248	3862
1	0.85	sym_max	superfamily	0.345037154011	0.918413113905	0.0902932198741811	0.1508215235743898	0.1940136610264246	3862
1	0.85	sym_mean	family	0.7842604972391759	0.9614991793098924	0.4912805292991803	0.6482171261189451	0.6802485713629942	4366
1	0.85	sym_mean	fold	0.0094923573640228	0.8306613757832227	0.0002170147423408	0.0002170147423408	0.0002170147423408	4366
1	0.85	sym_mean	superfamily	0.3569273169311489	0.9184131139050038	0.0996639284051766	0.1488181480071506	0.1960308891156697	4366
1	0.85	sym_min	family	0.7833749625658741	0.9614991793098928	0.5238918001626477	0.6521966594430066	0.6806597533221974	4126
1	0.85	sym_min	fold	0.0098696851917819	0.8306613757832261	0.0001653084341712	0.0001653084341712	0.0001653084341712	4126
1	0.85	sym_min	superfamily	0.3574644891167446	0.918413113905006	0.1086147911227237	0.165791918056558	0.1946016656214416	4126
2	0.85	Xa	family	0.5880767584388823	0.9536124700015816	0.3330849836730853	0.4072151398297285	0.4637924886347059	2123
2	0.85	Xa	fold	0.0014525976813209	0.8704769921228013	7.879444499162809e-05	7.879444499162809e-05	7.879444499162809e-05	2123
2	0.85	Xa	superfamily	0.1479145350646922	0.9271034943471486	0.0586217785838796	0.0664144271239574	0.076739823582556	2123
2	0.85	Xa_cov70	family	0.7099747872760903	0.9536124700015904	0.4899142438256401	0.6057613148050582	0.6360407540474563	3142
2	0.85	Xa_cov70	fold	0.0219883567071911	0.8704769921228038	0.000116409993007	0.0001710765003552	0.0001710765003552	3142
2	0.85	Xa_cov70	superfamily	0.3203202312961115	0.9271034943471042	0.0758300349648398	0.1411086634544839	0.185881307117877	3142
2	0.85	Xa_ktcov	family	0.7168125389589105	0.9536124700015812	0.4388535297955585	0.5617208183406377	0.6017407553728268	3285
2	0.85	Xa_ktcov	fold	0.0084725252550116	0.8704769921227675	0.000116409993007	0.000116409993007	0.000116409993007	3285
2	0.85	Xa_ktcov	superfamily	0.2727206155606351	0.9271034943471388	0.0674863214800533	0.0989503114093883	0.1260537681354534	3285
2	0.85	sym_max	family	0.7208263093390772	0.953612470001582	0.4150809549510385	0.5595243229005259	0.5967810635461588	3533
2	0.85	sym_max	fold	0.0087647486716148	0.8704769921227686	0.0001705811739387	0.0001705811739387	0.0001705811739387	3533
2	0.85	sym_max	superfamily	0.2766311188923557	0.9271034943471406	0.0711635901030344	0.0866424151168205	0.1275057671534163	3533
2	0.85	sym_mean	family	0.7283428537897295	0.953612470001582	0.4212068331234452	0.5652735977532725	0.6123062514088311	3945
2	0.85	sym_mean	fold	0.0109474471380193	0.8704769921227837	0.0002038007657892	0.0002038007657892	0.0002038007657892	3945
2	0.85	sym_mean	superfamily	0.2854312109313506	0.9271034943471388	0.0802752623470297	0.0874085755344375	0.13430668412469	3945
2	0.85	sym_min	family	0.7274207206712151	0.9536124700015812	0.4376654469312057	0.557206755014753	0.6129504792058329	3690
2	0.85	sym_min	fold	0.0114390136554513	0.8704769921227957	0.0001260834181734	0.0001260834181734	0.0001260834181734	3690
2	0.85	sym_min	superfamily	0.2840734647496506	0.9271034943471348	0.0837277466328053	0.0937149535278575	0.1354386776735284	3690
3	0.85	Xa	family	0.6240655381666979	0.9498506766053212	0.3440228737650101	0.4372851445809788	0.4883562607376782	2458
3	0.85	Xa	fold	0.0014370987575226	0.8195665288485005	0.0	0.0	0.0	2458
3	0.85	Xa	superfamily	0.1736476400040294	0.9028496086758412	0.0628878128202146	0.0709121005413087	0.0824890369174945	2458
3	0.85	Xa_cov70	family	0.7472193577942442	0.949850676605324	0.5545019120039424	0.6480558076388369	0.6804795901181673	4456
3	0.85	Xa_cov70	fold	0.0217736358984943	0.81956652884845	6.581162146461467e-05	6.581162146461467e-05	6.581162146461467e-05	4456
3	0.85	Xa_cov70	superfamily	0.3622020564173302	0.9028496086758704	0.099660757993926	0.1752645453427755	0.2184823634259961	4456
3	0.85	Xa_ktcov	family	0.7518819770896726	0.9498506766053206	0.460354443436938	0.5948280475975166	0.6393710512611412	3856
3	0.85	Xa_ktcov	fold	0.0079830399557458	0.8195665288484365	4.018323555412682e-05	4.018323555412682e-05	4.018323555412682e-05	3856
3	0.85	Xa_ktcov	superfamily	0.3134126952327331	0.9028496086758504	0.0716800661284378	0.1102015334064952	0.1533899202274289	3856
3	0.85	sym_max	family	0.7524563483560931	0.9498506766053196	0.4335877263333073	0.5880075044955138	0.6283106729927947	4150
3	0.85	sym_max	fold	0.0079604179792028	0.819566528848466	4.018323555412682e-05	4.018323555412682e-05	4.018323555412682e-05	4150
3	0.85	sym_max	superfamily	0.3134617912956537	0.90284960867585	0.0760571858644619	0.1022875576652467	0.1489576577586963	4150
3	0.85	sym_mean	family	0.7613746435688977	0.9498506766053202	0.4290346188185582	0.5972555519635643	0.6476115498748869	4647
3	0.85	sym_mean	fold	0.0101345479268617	0.8195665288484654	6.852120531194784e-05	6.852120531194784e-05	6.852120531194784e-05	4647
3	0.85	sym_mean	superfamily	0.3250711502540618	0.9028496086758532	0.0853866478841434	0.1039101975341258	0.1530291140492439	4647
3	0.85	sym_min	family	0.7622697912729443	0.9498506766053209	0.4498119806783286	0.5906956528817076	0.6467927011329984	4351
3	0.85	sym_min	fold	0.0106977754086093	0.819566528848462	4.8435149998277857e-05	4.8435149998277857e-05	4.8435149998277857e-05	4351
3	0.85	sym_min	superfamily	0.3257709709705059	0.9028496086758566	0.0930311899000185	0.116380393614712	0.1515576382491822	4351
4	0.85	Xa	family	0.6147043566528866	0.9546354697387518	0.3512808875281017	0.4381308037616911	0.4863455753786925	2896
4	0.85	Xa	fold	0.0014822509819045	0.8273859860138623	0.0001114147014351	0.0001114147014351	0.0001114147014351	2896
4	0.85	Xa	superfamily	0.1695582123327182	0.9096331114719896	0.075438735836493	0.0819848926845125	0.090542442823742	2896
4	0.85	Xa_cov70	family	0.7414586981295097	0.9546354697387603	0.5755987715089353	0.6417654723106729	0.6749092958429694	3787
4	0.85	Xa_cov70	fold	0.027508634830646	0.8273859860139032	0.0001447024778667	0.0001702089416438	0.0001702089416438	3787
4	0.85	Xa_cov70	superfamily	0.3626187316224973	0.9096331114720416	0.113845417854885	0.1795734910182362	0.2188682922205159	3787
4	0.85	Xa_ktcov	family	0.7518088723180893	0.954635469738755	0.5045428454692553	0.6045359324394609	0.6452817482729899	4648
4	0.85	Xa_ktcov	fold	0.0097714443320881	0.8273859860138065	0.0001702089416438	0.0001702089416438	0.0001702089416438	4648
4	0.85	Xa_ktcov	superfamily	0.3159269950408589	0.9096331114720012	0.0973248875842382	0.1381434434308645	0.1665261951903143	4648
4	0.85	sym_max	family	0.7513160116853393	0.9546354697387528	0.4781993488876992	0.5978538581044172	0.6301666004379638	4178
4	0.85	sym_max	fold	0.0095141032888364	0.8273859860138388	0.0001926411164094	0.0001926411164094	0.0001926411164094	4178
4	0.85	sym_max	superfamily	0.3123945490865987	0.9096331114720004	0.084060283447819	0.1409293943720609	0.1644123737281411	4178
4	0.85	sym_mean	family	0.7613092785218519	0.9546354697387536	0.4997169965690531	0.6052460492674879	0.6486097167386644	4908
4	0.85	sym_mean	fold	0.0122085565016	0.8273859860138453	0.0002134782322765	0.0002643222428521	0.0002643222428521	4908
4	0.85	sym_mean	superfamily	0.3276014911589761	0.9096331114720052	0.0932479086627805	0.1344900145501441	0.1671307170965667	4908
4	0.85	sym_min	family	0.7619199348015183	0.9546354697387548	0.5107040411902809	0.6057179805860147	0.6483894433503109	4784
4	0.85	sym_min	fold	0.0129095538042175	0.8273859860138383	0.0001484186513972	0.0001484186513972	0.0001484186513972	4784
4	0.85	sym_min	superfamily	0.3301348884605041	0.9096331114720092	0.0996720039867155	0.1324800394877803	0.1637789181448234	4784
0	0.875	Xa	family	0.6219275602274191	0.954162958455626	0.3439833989991825	0.4327678764906173	0.4812036274296424	2046
0	0.875	Xa	fold	0.001411973547055	0.8186606583905559	0.0	0.0	0.0	2046
0	0.875	Xa	superfamily	0.1839378837647136	0.9038053622224804	0.0737470763117339	0.0830495458286418	0.0950282569231228	2046
0	0.875	Xa_cov70	family	0.7431030388560715	0.954162958455632	0.5638156892365018	0.6548254736809118	0.6868094486744922	3528
0	0.875	Xa_cov70	fold	0.0247815303541126	0.8186606583906372	0.000121097079632	0.0002050507826169	0.0002050507826169	3528
0	0.875	Xa_cov70	superfamily	0.3751010943864256	0.9038053622225104	0.1133047732920381	0.2036971794135246	0.2476373046486017	3528
0	0.875	Xa_ktcov	family	0.7578618128123952	0.9541629584556272	0.4718147649488821	0.6157957443489395	0.6531427509336291	3843
0	0.875	Xa_ktcov	fold	0.0089368619249293	0.8186606583905104	0.0001466712190622	0.0001466712190622	0.0001466712190622	3843
0	0.875	Xa_ktcov	superfamily	0.3334286437191904	0.9038053622224878	0.0860692440560864	0.1386175970746827	0.1851923347058785	3843
0	0.875	sym_max	family	0.7595020816565942	0.9541629584556264	0.4568479579046799	0.6148794422426204	0.6445886341105275	4192
0	0.875	sym_max	fold	0.0089232828350404	0.8186606583905469	0.0001952620839796	0.0001952620839796	0.0001952620839796	4192
0	0.875	sym_max	superfamily	0.3340254042053255	0.9038053622224904	0.0866912010588928	0.1226507569951655	0.1797365870200118	4192
0	0.875	sym_mean	family	0.7678086056004244	0.9541629584556262	0.4710724049425495	0.6210994273210051	0.6585844146543276	4167
0	0.875	sym_mean	fold	0.0112499867771055	0.81866065839056	0.0001952620839796	0.0001952620839796	0.0001952620839796	4167
0	0.875	sym_mean	superfamily	0.3464021601162024	0.9038053622224912	0.0982006502747185	0.1288704215701683	0.1789631384876415	4167
0	0.875	sym_min	family	0.7677230064994467	0.9541629584556268	0.4676266006116498	0.6232476590280772	0.6649167894528047	3883
0	0.875	sym_min	fold	0.0118199189048184	0.8186606583905642	0.0001466712190622	0.0001466712190622	0.0001466712190622	3883
0	0.875	sym_min	superfamily	0.3468968538701829	0.9038053622224954	0.1126693708209879	0.1393981455114567	0.1754147652647623	3883
1	0.875	Xa	family	0.6315075295394411	0.9614991793098911	0.3629903735777673	0.4638623294003001	0.4984387021625557	1991
1	0.875	Xa	fold	0.001170830223112	0.8306613757832608	0.0	0.0	0.0	1991
1	0.875	Xa	superfamily	0.1839040596492683	0.9184131139049856	0.0727053132536092	0.0830448970210455	0.0963265564546349	1991
1	0.875	Xa_cov70	family	0.7511381914122294	0.9614991793098976	0.5745258866106864	0.671058733951522	0.6953601862840316	3334
1	0.875	Xa_cov70	fold	0.0190727381350581	0.830661375783195	0.0001288613184502	0.0002141895411795	0.0002141895411795	3334
1	0.875	Xa_cov70	superfamily	0.376139326805117	0.9184131139050444	0.1288355159526665	0.2084653761981103	0.2502619605363932	3334
1	0.875	Xa_ktcov	family	0.7657228974061854	0.9614991793098944	0.4837915308610132	0.6192491659779635	0.6633578730699786	3620
1	0.875	Xa_ktcov	fold	0.0071020591024776	0.8306613757831701	0.0001560751648552	0.0001560751648552	0.0001560751648552	3620
1	0.875	Xa_ktcov	superfamily	0.331058347473167	0.9184131139049978	0.0859315884590293	0.1451617725601314	0.1800156204271741	3620
1	0.875	sym_max	family	0.7697433879927539	0.9614991793098924	0.4696418889518937	0.6241921027941499	0.654678319465225	3741
1	0.875	sym_max	fold	0.0072237732825302	0.8306613757832031	0.0002077814730248	0.0002077814730248	0.0002077814730248	3741
1	0.875	sym_max	superfamily	0.3337070004028969	0.918413113905	0.090624405157499	0.1317833073345445	0.1842241044286084	3741
1	0.875	sym_mean	family	0.7771600840550972	0.9614991793098911	0.4900613838876237	0.6288455583060026	0.6710097737226418	3897
1	0.875	sym_mean	fold	0.0089039385374656	0.8306613757832206	0.0002077814730248	0.0002077814730248	0.0002077814730248	3897
1	0.875	sym_mean	superfamily	0.3454861226658832	0.918413113905004	0.1006097730601026	0.1337130482307159	0.1904011036738742	3897
1	0.875	sym_min	family	0.7761646283570455	0.9614991793098914	0.5012205569320295	0.6312741538703983	0.6704840841409877	3673
1	0.875	sym_min	fold	0.0092014556063262	0.8306613757832237	0.0001560751648552	0.0001560751648552	0.0001560751648552	3673
1	0.875	sym_min	superfamily	0.3458853419838219	0.918413113905006	0.1041387886100751	0.1392879296268256	0.1904431768103587	3673
2	0.875	Xa	family	0.5682420864383338	0.9536124700015816	0.3106024079321808	0.3807759015205795	0.4356650418770733	1810
2	0.875	Xa	fold	0.0012471165849088	0.8704769921227997	0.0	0.0	0.0	1810
2	0.875	Xa	superfamily	0.1358245474201643	0.9271034943471486	0.0576160715657833	0.0611943765436406	0.0705738133405222	1810
2	0.875	Xa_cov70	family	0.7087186780368728	0.9536124700015904	0.4872296884502027	0.6029231659108998	0.629666274865228	2998
2	0.875	Xa_cov70	fold	0.0218417588439761	0.8704769921228054	8.789884514822376e-05	0.0001814940351498	0.0001814940351498	2998
2	0.875	Xa_cov70	superfamily	0.3185664085433727	0.9271034943471044	0.0757504087380783	0.1407662026111982	0.1850211515228159	2998
2	0.875	Xa_ktcov	family	0.7091004064202642	0.9536124700015818	0.4209261360811058	0.5473446056647701	0.587515672805879	3266
2	0.875	Xa_ktcov	fold	0.0079251292752276	0.8704769921227654	0.000116409993007	0.000116409993007	0.000116409993007	3266
2	0.875	Xa_ktcov	superfamily	0.2631590687361546	0.9271034943471388	0.0690823634338598	0.0972893174688825	0.1253271862197014	3266
2	0.875	sym_max	family	0.7135542984410361	0.9536124700015822	0.4093932631319559	0.5472663119993899	0.5893957564398944	3427
2	0.875	sym_max	fold	0.0082672959355146	0.8704769921227667	0.0001705811739387	0.0001705811739387	0.0001705811739387	3427
2	0.875	sym_max	superfamily	0.2674623882076469	0.9271034943471405	0.069256223649708	0.0871500680266	0.1194726047056637	3427
2	0.875	sym_mean	family	0.7210182351789466	0.9536124700015826	0.4100278061636461	0.546040708292652	0.5958342163348042	3509
2	0.875	sym_mean	fold	0.0103692708704763	0.8704769921227811	0.0001705811739387	0.0001705811739387	0.0001705811739387	3509
2	0.875	sym_mean	superfamily	0.2757603854909594	0.9271034943471383	0.0777811661653068	0.0857094402468461	0.1217713182403999	3509
2	0.875	sym_min	family	0.7197280039162638	0.9536124700015812	0.4295913777097082	0.5406841744780527	0.596416836540127	3263
2	0.875	sym_min	fold	0.0107921981505189	0.8704769921227923	0.000116409993007	0.000116409993007	0.000116409993007	3263
2	0.875	sym_min	superfamily	0.274129971872496	0.9271034943471343	0.0813419387196989	0.0945201456483598	0.1284326331594532	3263
3	0.875	Xa	family	0.6039186647264764	0.9498506766053214	0.3223060633148913	0.4045788241866928	0.4583818371210525	2087
3	0.875	Xa	fold	0.0012847822070139	0.8195665288484976	0.0	0.0	0.0	2087
3	0.875	Xa	superfamily	0.1591825907249953	0.9028496086758396	0.0617972314569646	0.0654113409079261	0.073594353374009	2087
3	0.875	Xa_cov70	family	0.7460282171311906	0.9498506766053232	0.5563526230813153	0.6454556520412447	0.6739499887941687	4676
3	0.875	Xa_cov70	fold	0.02158964884078	0.819566528848451	7.46982985583158e-05	7.46982985583158e-05	7.46982985583158e-05	4676
3	0.875	Xa_cov70	superfamily	0.360086204050406	0.9028496086758712	0.0973620161384917	0.1737097952998717	0.2145852787227885	4676
3	0.875	Xa_ktcov	family	0.7447834514735387	0.9498506766053209	0.4469740381463141	0.579418378063124	0.6211505320971198	3843
3	0.875	Xa_ktcov	fold	0.0075516640540638	0.8195665288484331	4.018323555412682e-05	4.018323555412682e-05	4.018323555412682e-05	3843
3	0.875	Xa_ktcov	superfamily	0.303183671564656	0.9028496086758486	0.0721260706940585	0.1074384095244053	0.1372759267210604	3843
3	0.875	sym_max	family	0.7452061665000018	0.9498506766053196	0.4241849386726578	0.5743857065554233	0.6174453935640267	4018
3	0.875	sym_max	fold	0.0075683078816933	0.8195665288484633	4.018323555412682e-05	4.018323555412682e-05	4.018323555412682e-05	4018
3	0.875	sym_max	superfamily	0.3032379031803206	0.902849608675848	0.0729824395230196	0.0947371672672561	0.1316535723339369	4018
3	0.875	sym_mean	family	0.7544974344862856	0.9498506766053196	0.4233272475389465	0.5852687519265746	0.6297783352797274	4109
3	0.875	sym_mean	fold	0.009690704660471	0.8195665288484646	4.018323555412682e-05	4.018323555412682e-05	4.018323555412682e-05	4109
3	0.875	sym_mean	superfamily	0.3147220721246514	0.9028496086758524	0.0827699874618878	0.1030340945871873	0.135976822595515	4109
3	0.875	sym_min	family	0.7552922415347024	0.9498506766053212	0.4471499457355728	0.5829394112933499	0.6346288566364147	3831
3	0.875	sym_min	fold	0.0101972415499345	0.8195665288484606	4.018323555412682e-05	4.018323555412682e-05	4.018323555412682e-05	3831
3	0.875	sym_min	superfamily	0.3151929584526128	0.9028496086758556	0.0885168430040607	0.1009663759047432	0.1421412063211133	3831
4	0.875	Xa	family	0.5942902541544804	0.9546354697387524	0.3362831063971873	0.4045096699245881	0.4540051294366898	2446
4	0.875	Xa	fold	0.0013050511715582	0.8273859860138588	6.972892878933148e-05	6.972892878933148e-05	6.972892878933148e-05	2446
4	0.875	Xa	superfamily	0.1560528899921906	0.9096331114719886	0.0699916225333189	0.0767630615961388	0.0815629939086563	2446
4	0.875	Xa_cov70	family	0.740271104026608	0.95463546973876	0.5696443782641705	0.6420530572817011	0.6733207132689402	3619
4	0.875	Xa_cov70	fold	0.0271596854842429	0.8273859860139031	0.0001194716154759	0.0001702089416438	0.0001702089416438	3619
4	0.875	Xa_cov70	superfamily	0.3602897456669925	0.9096331114720424	0.111892670270433	0.1819750665493842	0.2176762776200561	3619
4	0.875	Xa_ktcov	family	0.7441727170388148	0.9546354697387543	0.4769460817138305	0.5909917749998003	0.6304415584755843	4468
4	0.875	Xa_ktcov	fold	0.0090235104119425	0.8273859860138024	0.0001702089416438	0.0001702089416438	0.0001702089416438	4468
4	0.875	Xa_ktcov	superfamily	0.3048440036677765	0.909633111472001	0.0959370425407833	0.1310743212395603	0.1553314014046147	4468
4	0.875	sym_max	family	0.743868384267556	0.9546354697387528	0.4576105565935841	0.5825129409659925	0.6166749454351672	4056
4	0.875	sym_max	fold	0.0088904759277031	0.827385986013836	0.0001926411164094	0.0001926411164094	0.0001926411164094	4056
4	0.875	sym_max	superfamily	0.3017574746700109	0.9096331114720008	0.081473305435545	0.1295565673732627	0.1535997022912999	4056
4	0.875	sym_mean	family	0.7540381743563664	0.954635469738754	0.494135949321638	0.5945967606842327	0.6358880259400823	4733
4	0.875	sym_mean	fold	0.0114395864088222	0.8273859860138428	0.0002134782322765	0.0002134782322765	0.0002845069327648	4733
4	0.875	sym_mean	superfamily	0.3166436193835817	0.909633111472005	0.0908434328367878	0.1267976301126914	0.1574624334747576	4733
4	0.875	sym_min	family	0.7545114801143736	0.9546354697387546	0.4846046326641284	0.5980051400363401	0.6398303947271862	4616
4	0.875	sym_min	fold	0.0120357489722643	0.8273859860138374	0.0001447024778667	0.0001585109963535	0.0002526242975617	4616
4	0.875	sym_min	superfamily	0.3187428785567197	0.9096331114720096	0.096255224344	0.1241032956930771	0.1529040928440662	4616
0	0.9	Xa	family	0.6008328383258161	0.9541629584556254	0.3233289923927377	0.401375875844931	0.4498976936719362	1702
0	0.9	Xa	fold	0.0012611387293413	0.8186606583905557	0.0	0.0	0.0	1702
0	0.9	Xa	superfamily	0.169332118685838	0.9038053622224776	0.0697025098032552	0.0777677360577091	0.0853469158603337	1702
0	0.9	Xa_cov70	family	0.7423167916933385	0.9541629584556314	0.5599351816295317	0.653624414123606	0.6847454908791332	3345
0	0.9	Xa_cov70	fold	0.0247013664430973	0.8186606583906372	0.000121097079632	0.0001957063855174	0.0002137277227807	3345
0	0.9	Xa_cov70	superfamily	0.3735471457226244	0.9038053622225106	0.1129708189563012	0.200334768774204	0.2429380608601847	3345
0	0.9	Xa_ktcov	family	0.7510266788128194	0.954162958455628	0.4598242608265785	0.6037729935699678	0.6362450107390177	3582
0	0.9	Xa_ktcov	fold	0.008348808549719	0.8186606583905097	0.000121097079632	0.000121097079632	0.000121097079632	3582
0	0.9	Xa_ktcov	superfamily	0.3229891784508777	0.9038053622224874	0.0860913819101092	0.1258950384843112	0.1656302655408145	3582
0	0.9	sym_max	family	0.7527888067254338	0.9541629584556254	0.4287262523005747	0.5938100666430207	0.633256264943064	3955
0	0.9	sym_max	fold	0.0084128342826838	0.818660658390546	0.0001952620839796	0.0001952620839796	0.0001952620839796	3955
0	0.9	sym_max	superfamily	0.3238664139589141	0.90380536222249	0.0816436139101125	0.1217005248029231	0.1686665819104474	3955
0	0.9	sym_mean	family	0.7611755579085874	0.9541629584556264	0.4666732005323775	0.6073126550662055	0.6459317451784449	3671
0	0.9	sym_mean	fold	0.0106113579272428	0.8186606583905608	0.0001466712190622	0.0001466712190622	0.0001466712190622	3671
0	0.9	sym_mean	superfamily	0.3358862020181049	0.9038053622224916	0.0942753831631042	0.1214944785245485	0.1660396417944088	3671
0	0.9	sym_min	family	0.76086489058608	0.9541629584556272	0.467562328547235	0.6048963151177044	0.6487822263572592	3418
0	0.9	sym_min	fold	0.011076844398999	0.818660658390565	0.0001466712190622	0.0001466712190622	0.0001466712190622	3418
0	0.9	sym_min	superfamily	0.3358694990134603	0.9038053622224944	0.1080704330926974	0.1352474313415658	0.1633961056420073	3418
1	0.9	Xa	family	0.6091064638281505	0.9614991793098908	0.3337346994018209	0.4270058409871117	0.469034110971189	1659
1	0.9	Xa	fold	0.0010288760633296	0.8306613757832579	0.0	0.0	0.0	1659
1	0.9	Xa	superfamily	0.1683979064129697	0.9184131139049836	0.0646433195889354	0.0788815808423092	0.090209056914191	1659
1	0.9	Xa_cov70	family	0.7497802759044208	0.961499179309897	0.5716014832670501	0.6667224682578913	0.6931411494826628	3160
1	0.9	Xa_cov70	fold	0.018848865815291	0.8306613757831951	0.0001288613184502	0.0002042460203776	0.0002042460203776	3160
1	0.9	Xa_cov70	superfamily	0.3735373236066549	0.918413113905045	0.1285171426660016	0.2076605829043551	0.2492014054384564	3160
1	0.9	Xa_ktcov	family	0.7574609023154879	0.9614991793098936	0.4622360321477049	0.6014757319859084	0.6466186820295875	3312
1	0.9	Xa_ktcov	fold	0.0065788356735151	0.8306613757831668	0.0001288613184502	0.0001288613184502	0.0001288613184502	3312
1	0.9	Xa_ktcov	superfamily	0.3190208719920263	0.9184131139049972	0.0856672248905193	0.1405443087839743	0.1636972735778558	3312
1	0.9	sym_max	family	0.7616011386212267	0.9614991793098918	0.4518277381384415	0.6075893327729359	0.6412545798966343	3597
1	0.9	sym_max	fold	0.0067432221020011	0.8306613757832	0.0002077814730248	0.0002077814730248	0.0002077814730248	3597
1	0.9	sym_max	superfamily	0.3217007064304343	0.918413113904999	0.0901116220110834	0.1239190673299412	0.1735917112377692	3597
1	0.9	sym_mean	family	0.7692497113514604	0.9614991793098908	0.4785324734221449	0.6182410970046717	0.64771183224111	3450
1	0.9	sym_mean	fold	0.0083273094449566	0.8306613757832181	0.0001560751648552	0.0001560751648552	0.0001560751648552	3450
1	0.9	sym_mean	superfamily	0.333430851412243	0.9184131139050042	0.1010856480276591	0.121812153399238	0.1773036446103491	3450
1	0.9	sym_min	family	0.7681641247496445	0.9614991793098914	0.4776212068581694	0.6147228591459077	0.6496868939115776	3254
1	0.9	sym_min	fold	0.0085572638362497	0.8306613757832235	0.0001560751648552	0.0001560751648552	0.0001560751648552	3254
1	0.9	sym_min	superfamily	0.3336291213912813	0.9184131139050068	0.1024480977093882	0.1386954239736474	0.1764605045794281	3254
2	0.9	Xa	family	0.5465564659973757	0.9536124700015824	0.2863000562520629	0.3531219779049205	0.4003294576496639	1523
2	0.9	Xa	fold	0.0010950710490319	0.8704769921227986	0.0	0.0	0.0	1523
2	0.9	Xa	superfamily	0.1243248368296525	0.9271034943471482	0.0515867885949119	0.0562235677957994	0.0632934404898588	1523
2	0.9	Xa_cov70	family	0.707370130060255	0.95361247000159	0.4925091808174408	0.6014468920350998	0.6287492477485668	2851
2	0.9	Xa_cov70	fold	0.0217068256752094	0.8704769921228062	8.789884514822376e-05	0.0001710765003552	0.0001710765003552	2851
2	0.9	Xa_cov70	superfamily	0.316684152300061	0.9271034943471042	0.0754633179471004	0.1393691278967556	0.1829506256297137	2851
2	0.9	Xa_ktcov	family	0.7006896685098697	0.9536124700015816	0.4145616331699379	0.5328143378591241	0.5764265206315179	3031
2	0.9	Xa_ktcov	fold	0.0074018434029032	0.870476992122762	8.789884514822376e-05	8.789884514822376e-05	8.789884514822376e-05	3031
2	0.9	Xa_ktcov	superfamily	0.2530091724063955	0.9271034943471388	0.0691958490070214	0.092008874406247	0.1176404909719319	3031
2	0.9	sym_max	family	0.7055504299529166	0.9536124700015818	0.3814531160789579	0.5318914077493273	0.5778898785679114	3312
2	0.9	sym_max	fold	0.0077921770056291	0.8704769921227616	0.0001705811739387	0.0001705811739387	0.0001705811739387	3312
2	0.9	sym_max	superfamily	0.2577845078969891	0.9271034943471406	0.0650678293840322	0.0858107852738188	0.1053816048149723	3312
2	0.9	sym_mean	family	0.712912903306657	0.9536124700015832	0.4041704052503662	0.5373192055718617	0.5811329724474492	3118
2	0.9	sym_mean	fold	0.0097827185082819	0.8704769921227791	0.000116409993007	0.000116409993007	0.000116409993007	3118
2	0.9	sym_mean	superfamily	0.2656185238749052	0.9271034943471382	0.0750373434575607	0.083186326669603	0.1159337545737704	3118
2	0.9	sym_min	family	0.711248594012081	0.953612470001582	0.4200268866300081	0.5205333765826405	0.5827115916381245	2885
2	0.9	sym_min	fold	0.0101565006651502	0.8704769921227897	0.000116409993007	0.000116409993007	0.000116409993007	2885
2	0.9	sym_min	superfamily	0.2635003747126209	0.9271034943471338	0.0804266940081213	0.0948495780593356	0.1139516782807085	2885
3	0.9	Xa	family	0.582089064347674	0.9498506766053214	0.2951668989776726	0.3768553495155654	0.4289757600259153	1748
3	0.9	Xa	fold	0.0011566928407278	0.8195665288484949	0.0	0.0	0.0	1748
3	0.9	Xa	superfamily	0.1453088641937823	0.9028496086758372	0.0549591005830811	0.0620380008325385	0.0669422833966083	1748
3	0.9	Xa_cov70	family	0.7447423543594882	0.9498506766053236	0.5539029826499147	0.6427695618850591	0.6726222517435818	4502
3	0.9	Xa_cov70	fold	0.0214116261001425	0.8195665288484525	6.581162146461467e-05	6.581162146461467e-05	6.581162146461467e-05	4502
3	0.9	Xa_cov70	superfamily	0.3578049072561642	0.9028496086758716	0.0967715701744806	0.1676769835632452	0.2132587284194509	4502
3	0.9	Xa_ktcov	family	0.7369492648203863	0.9498506766053212	0.4381928731869196	0.5593453351825568	0.6078712877544005	3542
3	0.9	Xa_ktcov	fold	0.0071480544396539	0.8195665288484298	4.018323555412682e-05	4.018323555412682e-05	4.018323555412682e-05	3542
3	0.9	Xa_ktcov	superfamily	0.292316230372818	0.902849608675847	0.0716904641730669	0.100920166323221	0.1276333612079001	3542
3	0.9	sym_max	family	0.7372052607041094	0.9498506766053202	0.4130065222354765	0.5596960532301823	0.6053211120351908	3859
3	0.9	sym_max	fold	0.0071988083192989	0.8195665288484594	4.018323555412682e-05	4.018323555412682e-05	4.018323555412682e-05	3859
3	0.9	sym_max	superfamily	0.2924256473942336	0.902849608675847	0.0683453355311602	0.0933073711666957	0.1151704649352296	3859
3	0.9	sym_mean	family	0.7468368195990711	0.9498506766053202	0.4200978005030816	0.5650825755944685	0.6126182211375344	3623
3	0.9	sym_mean	fold	0.0092808512728215	0.8195665288484622	4.018323555412682e-05	4.018323555412682e-05	4.018323555412682e-05	3623
3	0.9	sym_mean	superfamily	0.3038361097887518	0.9028496086758512	0.0787975736607187	0.0983949938639397	0.1241449927152209	3623
3	0.9	sym_min	family	0.7475982635087353	0.9498506766053212	0.4446096408793378	0.5625134881952583	0.6173367746760093	3384
3	0.9	sym_min	fold	0.0097161572630237	0.8195665288484577	4.018323555412682e-05	4.018323555412682e-05	4.018323555412682e-05	3384
3	0.9	sym_min	superfamily	0.3039258952112865	0.902849608675854	0.0872170688592132	0.0996494150084109	0.1262249297365296	3384
4	0.9	Xa	family	0.5720446925155465	0.9546354697387518	0.3017861482571223	0.378462096981871	0.4243514267728559	2057
4	0.9	Xa	fold	0.0011406453463501	0.8273859860138544	0.0	0.0	0.0	2057
4	0.9	Xa	superfamily	0.143229415176954	0.9096331114719876	0.0628735915585678	0.0715136933047542	0.0758403942918878	2057
4	0.9	Xa_cov70	family	0.7389979954533806	0.9546354697387592	0.563641396708315	0.6372141832650631	0.6721090812582488	3442
4	0.9	Xa_cov70	fold	0.0268016174278352	0.8273859860139047	0.0001194716154759	0.0001702089416438	0.0001702089416438	3442
4	0.9	Xa_cov70	superfamily	0.3577826557653402	0.9096331114720428	0.1103455947495269	0.1809121768079116	0.2130631429402997	3442
4	0.9	Xa_ktcov	family	0.7358123149166705	0.954635469738755	0.4554165206912703	0.570804939626354	0.6167340850866834	4304
4	0.9	Xa_ktcov	fold	0.0083148539099822	0.8273859860137979	0.0001702089416438	0.0001702089416438	0.0001702089416438	4304
4	0.9	Xa_ktcov	superfamily	0.2931624209524457	0.9096331114720012	0.0933251265210229	0.1215093499229441	0.1454507847218714	4304
4	0.9	sym_max	family	0.735654403977667	0.9546354697387532	0.4412115188784759	0.570295722110129	0.6072059581849006	3902
4	0.9	sym_max	fold	0.0082822740541687	0.827385986013831	0.0001926411164094	0.0001926411164094	0.0001926411164094	3902
4	0.9	sym_max	superfamily	0.2905873861969564	0.909633111472	0.0787779721219408	0.1176875008446852	0.1448343832127091	3902
4	0.9	sym_mean	family	0.7460585448847292	0.9546354697387536	0.4634188727451568	0.5799474892530333	0.6190087832100837	4513
4	0.9	sym_mean	fold	0.0107082345957271	0.8273859860138386	0.0001963572899398	0.0001963572899398	0.0001963572899398	4513
4	0.9	sym_mean	superfamily	0.3050356679999607	0.909633111472005	0.0881107909343716	0.115424761714938	0.1398971517958195	4513
4	0.9	sym_min	family	0.7463440761604584	0.9546354697387543	0.4631398297589358	0.5829072409877786	0.6221829445916135	4201
4	0.9	sym_min	fold	0.0112007046894489	0.8273859860138343	0.0001447024778667	0.0001447024778667	0.0001447024778667	4201
4	0.9	sym_min	superfamily	0.3067341940778821	0.9096331114720102	0.0949142953469681	0.1193840121615882	0.1403357711376388	4201
0	0.925	Xa	family	0.5777544324871781	0.9541629584556248	0.303778660738257	0.3654286885012686	0.4159628381821684	1405
0	0.925	Xa	fold	0.0011123818654862	0.8186606583905532	0.0	0.0	0.0	1405
0	0.925	Xa	superfamily	0.1550417928250278	0.9038053622224748	0.0619615637629202	0.070428275264834	0.0766943351525051	1405
0	0.925	Xa_cov70	family	0.7414431058611127	0.9541629584556316	0.5580627861964098	0.6498980570297344	0.6828590127985977	3179
0	0.925	Xa_cov70	fold	0.0245962623816515	0.8186606583906372	0.000121097079632	0.0001957063855174	0.0002137277227807	3179
0	0.925	Xa_cov70	superfamily	0.3718775011177579	0.9038053622225104	0.1105475389577534	0.1990280125782167	0.2404558705664631	3179
0	0.925	Xa_ktcov	family	0.7433325667106159	0.9541629584556276	0.4445990145455957	0.5873980860816669	0.6220508365326933	3128
0	0.925	Xa_ktcov	fold	0.0077875820708153	0.8186606583905078	7.884415361691986e-05	7.884415361691986e-05	7.884415361691986e-05	3128
0	0.925	Xa_ktcov	superfamily	0.3117703860785561	0.9038053622224864	0.0860405018863979	0.1204690936108764	0.155469490684346	3128
0	0.925	sym_max	family	0.7452000839096815	0.954162958455626	0.4238409814560672	0.5767019294494808	0.6207321357912273	3452
0	0.925	sym_max	fold	0.0079015995598204	0.8186606583905454	0.0001530091579645	0.0001530091579645	0.0001530091579645	3452
0	0.925	sym_max	superfamily	0.313142085724752	0.90380536222249	0.0776110407266727	0.1151073150334972	0.151834680566309	3452
0	0.925	sym_mean	family	0.7537547060976346	0.9541629584556256	0.4392387371336817	0.5851831991587341	0.6301050891062494	3188
0	0.925	sym_mean	fold	0.010003236163469	0.818660658390562	7.884415361691986e-05	7.884415361691986e-05	7.884415361691986e-05	3188
0	0.925	sym_mean	superfamily	0.3246871010267738	0.9038053622224916	0.0895234771241768	0.116121433130792	0.1466365881597652	3188
0	0.925	sym_min	family	0.7531686022808273	0.954162958455627	0.4595106727383531	0.5848923427832734	0.6290749583982672	2947
0	0.925	sym_min	fold	0.0103728368781118	0.8186606583905655	5.675739683628554e-05	5.675739683628554e-05	5.675739683628554e-05	2947
0	0.925	sym_min	superfamily	0.324139647285848	0.903805362222494	0.1040613138475316	0.1275443110400016	0.1473391261198661	2947
1	0.925	Xa	family	0.5851215875158234	0.9614991793098902	0.3136573083903014	0.3897111158838647	0.4409118824112576	1369
1	0.925	Xa	fold	0.0009109170782706	0.8306613757832555	0.0	0.0	0.0	1369
1	0.925	Xa	superfamily	0.1534573826396049	0.9184131139049816	0.0574306660882545	0.0703084793502392	0.0823028282686768	1369
1	0.925	Xa_cov70	family	0.7482912435700463	0.9614991793098968	0.5676025688808247	0.6597840330087644	0.6892537439120249	3010
1	0.925	Xa_cov70	fold	0.0185678183244639	0.8306613757831958	0.0001288613184502	0.0002042460203776	0.0002042460203776	3010
1	0.925	Xa_cov70	superfamily	0.3708063722356265	0.9184131139050454	0.1265944110760787	0.2058312297314819	0.245430207883137	3010
1	0.925	Xa_ktcov	family	0.7484038474024421	0.9614991793098928	0.434240561387951	0.5871982217719728	0.623912397252676	2907
1	0.925	Xa_ktcov	fold	0.0060946197663705	0.8306613757831629	8.389931134623634e-05	8.389931134623634e-05	8.389931134623634e-05	2907
1	0.925	Xa_ktcov	superfamily	0.3064452515371231	0.9184131139049972	0.0854076104578089	0.1217612927791127	0.1504363442607742	2907
1	0.925	sym_max	family	0.752610645285275	0.9614991793098911	0.4355693992567768	0.5877393247247015	0.6219396941246387	3199
1	0.925	sym_max	fold	0.0062832694675513	0.8306613757831953	0.0001628194659208	0.0001628194659208	0.0001628194659208	3199
1	0.925	sym_max	superfamily	0.3092616280123278	0.9184131139049988	0.0901430029993785	0.1155521094806253	0.1569223644960443	3199
1	0.925	sym_mean	family	0.7605938120519024	0.9614991793098904	0.4556067467512787	0.5959235787396279	0.6312938545367839	3003
1	0.925	sym_mean	fold	0.007797098475402	0.8306613757832156	8.389931134623634e-05	8.389931134623634e-05	8.389931134623634e-05	3003
1	0.925	sym_mean	superfamily	0.3208471695685693	0.9184131139050038	0.1019878579250924	0.1144965828821841	0.1613883915795541	3003
1	0.925	sym_min	family	0.7593146787282871	0.961499179309891	0.4710896507281051	0.5893148982809423	0.6317547848541815	2797
1	0.925	sym_min	fold	0.0079333260763926	0.8306613757832211	6.039644399641966e-05	6.039644399641966e-05	6.039644399641966e-05	2797
1	0.925	sym_min	superfamily	0.3207230111404417	0.9184131139050068	0.1005736735985683	0.1290977095995247	0.1537409216704873	2797
2	0.925	Xa	family	0.5232318079321403	0.9536124700015828	0.2685644141206667	0.323490058072897	0.3649047487383694	1273
2	0.925	Xa	fold	0.0009864287947096	0.8704769921227948	0.0	0.0	0.0	1273
2	0.925	Xa	superfamily	0.1131760009253345	0.9271034943471484	0.0457559662061751	0.0529545350054087	0.0570328833065832	1273
2	0.925	Xa_cov70	family	0.7059284278698076	0.95361247000159	0.4990138344566769	0.5999177276627348	0.6279016418001069	2717
2	0.925	Xa_cov70	fold	0.0215625488606727	0.870476992122807	8.789884514822376e-05	0.0001710765003552	0.0001710765003552	2717
2	0.925	Xa_cov70	superfamily	0.3147282312228877	0.9271034943471044	0.0752881285815857	0.1386170091259466	0.1752447643349088	2717
2	0.925	Xa_ktcov	family	0.6914131343503314	0.953612470001582	0.4012839057041413	0.5072027165222446	0.5608072242347714	2669
2	0.925	Xa_ktcov	fold	0.0069230840318561	0.8704769921227583	8.789884514822376e-05	8.789884514822376e-05	8.789884514822376e-05	2669
2	0.925	Xa_ktcov	superfamily	0.2424254463639513	0.9271034943471388	0.0695145960839873	0.0857335763347103	0.1019615327254879	2669
2	0.925	sym_max	family	0.6966554182284727	0.953612470001582	0.3733477418893265	0.5159027727323762	0.5614764971033072	2960
2	0.925	sym_max	fold	0.0073562173607332	0.8704769921227582	0.0001705811739387	0.0001705811739387	0.0001705811739387	2960
2	0.925	sym_max	superfamily	0.2475879566417802	0.9271034943471408	0.0615249042390762	0.0844021680746801	0.0969022341430227	2960
2	0.925	sym_mean	family	0.7039473341540677	0.9536124700015828	0.3956396690927068	0.5197148327229315	0.569043815601063	2718
2	0.925	sym_mean	fold	0.0092568024069297	0.8704769921227754	8.789884514822376e-05	8.789884514822376e-05	8.789884514822376e-05	2718
2	0.925	sym_mean	superfamily	0.2550541794667327	0.9271034943471372	0.0722969485622309	0.0829955724569549	0.1042498704359173	2718
2	0.925	sym_min	family	0.7019681011083976	0.9536124700015824	0.4042857253728879	0.507937569555106	0.5683899362906816	2503
2	0.925	sym_min	fold	0.0095448044758128	0.8704769921227877	6.327558108834e-05	6.327558108834e-05	6.327558108834e-05	2503
2	0.925	sym_min	superfamily	0.2524354017750113	0.9271034943471342	0.0791147505809584	0.0847670903041366	0.1076074624445336	2503
3	0.925	Xa	family	0.5586669562365245	0.9498506766053212	0.2800038503194858	0.3525389225426552	0.3952171683954921	1433
3	0.925	Xa	fold	0.0010518278757575	0.8195665288484916	0.0	0.0	0.0	1433
3	0.925	Xa	superfamily	0.1318502315776912	0.9028496086758354	0.0489937873502872	0.0555169998024752	0.0595115147034762	1433
3	0.925	Xa_cov70	family	0.7433452920222333	0.9498506766053232	0.5508368976948904	0.6414101342145703	0.6707414870167739	4332
3	0.925	Xa_cov70	fold	0.0212153287311954	0.8195665288484518	6.581162146461467e-05	6.581162146461467e-05	6.581162146461467e-05	4332
3	0.925	Xa_cov70	superfamily	0.3553920612518451	0.9028496086758718	0.0954625394808949	0.1576108686255206	0.2086668699873373	4332
3	0.925	Xa_ktcov	family	0.7283154691511201	0.9498506766053216	0.4084074834312269	0.5355780674989802	0.592711674042216	3095
3	0.925	Xa_ktcov	fold	0.0067378351807239	0.8195665288484245	0.0	0.0	0.0	3095
3	0.925	Xa_ktcov	superfamily	0.2809823028081069	0.9028496086758464	0.0712158953576518	0.0959340097626512	0.1144155119193844	3095
3	0.925	sym_max	family	0.7284296943500082	0.9498506766053212	0.4041090374111855	0.5429115022842578	0.5891101872817497	3399
3	0.925	sym_max	fold	0.0068170268905366	0.8195665288484569	0.0	0.0	0.0	3399
3	0.925	sym_max	superfamily	0.2811969532050568	0.902849608675846	0.065366467169661	0.091809260048182	0.1108766322584424	3399
3	0.925	sym_mean	family	0.7384377039832951	0.9498506766053206	0.4084034416557691	0.5484903968352627	0.599356649877692	3152
3	0.925	sym_mean	fold	0.0088514075552882	0.819566528848459	0.0	0.0	0.0	3152
3	0.925	sym_mean	superfamily	0.2924662274218225	0.9028496086758506	0.073856435357117	0.0946170964298544	0.1107583145206868	3152
3	0.925	sym_min	family	0.739128699785863	0.9498506766053212	0.4191269124140675	0.5484407930141041	0.6030901075916011	2919
3	0.925	sym_min	fold	0.0092379591451036	0.819566528848455	0.0	0.0	0.0	2919
3	0.925	sym_min	superfamily	0.2922626931062501	0.9028496086758544	0.0853077675090925	0.09331350261638	0.1169412907891983	2919
4	0.925	Xa	family	0.5482580197861513	0.9546354697387516	0.2864040816619972	0.3433745263819909	0.3923506985761418	1702
4	0.925	Xa	fold	0.0010062316204661	0.8273859860138506	0.0	0.0	0.0	1702
4	0.925	Xa	superfamily	0.1310555176960854	0.9096331114719856	0.0586167271671941	0.0645112584259812	0.0683943102032078	1702
4	0.925	Xa_cov70	family	0.7375987691749355	0.95463546973876	0.5550209489195065	0.6329914129617124	0.67061585337686	3284
4	0.925	Xa_cov70	fold	0.0264216587536877	0.8273859860139039	0.0001194716154759	0.0001702089416438	0.0001702089416438	3284
4	0.925	Xa_cov70	superfamily	0.3551669984318574	0.9096331114720438	0.1084827111920634	0.1793448412969845	0.2089322266602281	3284
4	0.925	Xa_ktcov	family	0.7266989397084038	0.9546354697387552	0.4379807650693739	0.5454407314338799	0.5976460975512748	3904
4	0.925	Xa_ktcov	fold	0.0077219946099636	0.8273859860137949	0.0001447024778667	0.0001447024778667	0.0001702089416438	3904
4	0.925	Xa_ktcov	superfamily	0.2811298499683404	0.9096331114720004	0.0902785234763648	0.1110764318072274	0.1337122052135138	3904
4	0.925	sym_max	family	0.7266247842147592	0.9546354697387524	0.4377601198162905	0.5510725228909213	0.5907501342796723	3757
4	0.925	sym_max	fold	0.0077286355994153	0.8273859860138283	0.0001509553437636	0.0001509553437636	0.0001509553437636	3757
4	0.925	sym_max	superfamily	0.2789814047004085	0.909633111472	0.0745516469788308	0.1069535619294261	0.1314151020583017	3757
4	0.925	sym_mean	family	0.7372788264378114	0.9546354697387532	0.4342114112915485	0.5618916228280701	0.6024915046988342	3915
4	0.925	sym_mean	fold	0.0100727862961905	0.8273859860138357	0.0001447024778667	0.0001447024778667	0.0001926411164094	3915
4	0.925	sym_mean	superfamily	0.2930115287433179	0.9096331114720042	0.0842369341951655	0.1039783646804528	0.1309354761317331	3915
4	0.925	sym_min	family	0.7374645220340804	0.9546354697387543	0.4332991396861305	0.5637223802582898	0.6008144406971379	3652
4	0.925	sym_min	fold	0.0104732574241534	0.8273859860138314	0.0001447024778667	0.0001447024778667	0.0001447024778667	3652
4	0.925	sym_min	superfamily	0.2942555478367613	0.9096331114720108	0.0930511416327104	0.1095505909684085	0.1291488582719419	3652
0	0.95	Xa	family	0.5527963437676602	0.9541629584556252	0.2693223738204912	0.33702120991972	0.3874256516442625	1151
0	0.95	Xa	fold	0.0010083953807187	0.8186606583905522	0.0	0.0	0.0	1151
0	0.95	Xa	superfamily	0.1412563210765376	0.903805362222474	0.0544739311506191	0.0638642852296364	0.0688724975346047	1151
0	0.95	Xa_cov70	family	0.7404754827633846	0.9541629584556318	0.5601888855617186	0.6481519771363167	0.680883497104157	3025
0	0.95	Xa_cov70	fold	0.0244384819825423	0.8186606583906382	7.884415361691986e-05	0.0001957063855174	0.0001957063855174	3025
0	0.95	Xa_cov70	superfamily	0.3700870744810219	0.9038053622225102	0.1107730872103996	0.1956422710104819	0.2354906743628181	3025
0	0.95	Xa_ktcov	family	0.7347502543074437	0.9541629584556276	0.4279548320679278	0.567862978496902	0.6090995659217447	2688
0	0.95	Xa_ktcov	fold	0.0072625678383166	0.8186606583905078	7.884415361691986e-05	7.884415361691986e-05	7.884415361691986e-05	2688
0	0.95	Xa_ktcov	superfamily	0.2998859698201507	0.9038053622224852	0.0864653843730562	0.1126198120885925	0.1442511477986456	2688
0	0.95	sym_max	family	0.73679692620631	0.9541629584556264	0.4106358488756508	0.561944170883025	0.6053622903333541	2991
0	0.95	sym_max	fold	0.0074255081763081	0.8186606583905437	7.884415361691986e-05	7.884415361691986e-05	7.884415361691986e-05	2991
0	0.95	sym_max	superfamily	0.3016456267371569	0.9038053622224884	0.0740869794507921	0.103601708975112	0.1352818273805708	2991
0	0.95	sym_mean	family	0.7454240552200135	0.9541629584556256	0.4196544467708429	0.57277908818996	0.6134322003152733	2753
0	0.95	sym_mean	fold	0.0094466543517163	0.8186606583905619	7.884415361691986e-05	7.884415361691986e-05	7.884415361691986e-05	2753
0	0.95	sym_mean	superfamily	0.3127818486702143	0.9038053622224904	0.0867214525205609	0.1115603908584433	0.134616949814761	2753
0	0.95	sym_min	family	0.7446579553736172	0.9541629584556262	0.4371493883485937	0.5675029781442726	0.6142832837521248	2527
0	0.95	sym_min	fold	0.0097333148812355	0.8186606583905657	5.675739683628554e-05	5.675739683628554e-05	5.675739683628554e-05	2527
0	0.95	sym_min	superfamily	0.3118051575475304	0.9038053622224936	0.1004641829218688	0.1243407068969342	0.1392579698197659	2527
1	0.95	Xa	family	0.5593653380417137	0.961499179309889	0.2733343083682771	0.3524734504081037	0.4084373566464217	1121
1	0.95	Xa	fold	0.0008239868634724	0.8306613757832518	0.0	0.0	0.0	1121
1	0.95	Xa	superfamily	0.1391145861780614	0.91841311390498	0.0504512900997901	0.0634811518253272	0.0717154333226161	1121
1	0.95	Xa_cov70	family	0.7467606484380888	0.9614991793098968	0.5683538418362567	0.6565335659988486	0.686881180939453	2855
1	0.95	Xa_cov70	fold	0.018290467034581	0.8306613757831965	8.389931134623634e-05	0.0002042460203776	0.0002042460203776	2855
1	0.95	Xa_cov70	superfamily	0.3680312145212054	0.918413113905046	0.1263378552404654	0.2051851145872193	0.2390277891440661	2855
1	0.95	Xa_ktcov	family	0.738483779313362	0.961499179309892	0.4057389379716423	0.5684106816135226	0.6061875511653757	2498
1	0.95	Xa_ktcov	fold	0.00564786579259	0.8306613757831592	7.520917551941337e-05	7.520917551941337e-05	7.520917551941337e-05	2498
1	0.95	Xa_ktcov	superfamily	0.2934255253528022	0.9184131139049964	0.0853101794174697	0.1176120872498275	0.1427578997458311	2498
1	0.95	sym_max	family	0.7427432764291209	0.9614991793098911	0.4220791843858145	0.5677855817514895	0.6078885333341787	2788
1	0.95	sym_max	fold	0.005843490636702	0.8306613757831934	8.389931134623634e-05	8.389931134623634e-05	8.389931134623634e-05	2788
1	0.95	sym_max	superfamily	0.2962994305435512	0.9184131139049984	0.0898671932798888	0.1062876298146081	0.1350526764899632	2788
1	0.95	sym_mean	family	0.7510125833155833	0.9614991793098904	0.4323984366457342	0.5764589234929484	0.6156342209231652	2599
1	0.95	sym_mean	fold	0.0072969108373786	0.8306613757832128	6.039644399641966e-05	6.039644399641966e-05	6.039644399641966e-05	2599
1	0.95	sym_mean	superfamily	0.3076440099347958	0.9184131139050028	0.0990616880788554	0.1095167633523157	0.1486696873234536	2599
1	0.95	sym_min	family	0.749656607377934	0.9614991793098904	0.4591266855707621	0.5682842214395237	0.6167450070903118	2425
1	0.95	sym_min	fold	0.0073922960050359	0.830661375783218	6.039644399641966e-05	6.039644399641966e-05	6.039644399641966e-05	2425
1	0.95	sym_min	superfamily	0.3074115146013695	0.9184131139050076	0.0976808453231827	0.1236521821633253	0.1413142397330359	2425
2	0.95	Xa	family	0.4978166727427066	0.9536124700015832	0.2396437359790443	0.2943528014141943	0.3377858848240349	1057
2	0.95	Xa	fold	0.0008933315605578	0.8704769921227925	0.0	0.0	0.0	1057
2	0.95	Xa	superfamily	0.1024645028430382	0.9271034943471484	0.0404714372382612	0.0464490084675955	0.0502478603491426	1057
2	0.95	Xa_cov70	family	0.7044039315306865	0.95361247000159	0.5036566957962402	0.5965367005831624	0.6272674775296845	2571
2	0.95	Xa_cov70	fold	0.0213963528738727	0.8704769921228072	8.789884514822376e-05	0.0001710765003552	0.0001710765003552	2571
2	0.95	Xa_cov70	superfamily	0.3127700158133272	0.9271034943471042	0.0749895300648406	0.1354702559917849	0.1737053095353706	2571
2	0.95	Xa_ktcov	family	0.6812059827438807	0.9536124700015822	0.3718438897473394	0.4882907356061612	0.5486690743475505	2268
2	0.95	Xa_ktcov	fold	0.0064656315508191	0.8704769921227539	7.879444499162809e-05	7.879444499162809e-05	7.879444499162809e-05	2268
2	0.95	Xa_ktcov	superfamily	0.2314663767612717	0.927103494347139	0.0694272423520455	0.0806636680392076	0.0932002612435885	2268
2	0.95	sym_max	family	0.6868577217030019	0.9536124700015824	0.3694302624321192	0.4944118168594889	0.5496145219745335	2563
2	0.95	sym_max	fold	0.0069171023547187	0.870476992122753	8.789884514822376e-05	8.789884514822376e-05	8.789884514822376e-05	2563
2	0.95	sym_max	superfamily	0.2369366676945835	0.9271034943471408	0.0586663358982801	0.0814834566478536	0.0914260872450997	2563
2	0.95	sym_mean	family	0.6940963575453207	0.9536124700015828	0.3873307811524947	0.4944783233875	0.5535821948951638	2347
2	0.95	sym_mean	fold	0.0087727934529521	0.8704769921227735	8.789884514822376e-05	8.789884514822376e-05	8.789884514822376e-05	2347
2	0.95	sym_mean	superfamily	0.2440218675119947	0.9271034943471372	0.0699417240874555	0.0814189612984125	0.093563726249808	2347
2	0.95	sym_min	family	0.6918136655050375	0.9536124700015824	0.384823924690641	0.4832025352428507	0.5502953386928153	2140
2	0.95	sym_min	fold	0.0089819834360059	0.8704769921227845	6.327558108834e-05	6.327558108834e-05	6.327558108834e-05	2140
2	0.95	sym_min	superfamily	0.241154991157103	0.9271034943471328	0.0781843983791013	0.0793634243470334	0.1005344240263052	2140
3	0.95	Xa	family	0.5335634086213885	0.9498506766053212	0.2522405102119479	0.3232344642221236	0.3671345947517273	1167
3	0.95	Xa	fold	0.0009619244851557	0.8195665288484864	0.0	0.0	0.0	1167
3	0.95	Xa	superfamily	0.1189451621637988	0.9028496086758327	0.0426028260540404	0.0492206432412253	0.0534431891676755	1167
3	0.95	Xa_cov70	family	0.7418893468957755	0.949850676605323	0.5470097950520275	0.6357591980587958	0.6669952117422103	4143
3	0.95	Xa_cov70	fold	0.0210025296307243	0.819566528848452	6.581162146461467e-05	6.581162146461467e-05	6.581162146461467e-05	4143
3	0.95	Xa_cov70	superfamily	0.3529249767226349	0.902849608675871	0.0954610517305157	0.1519922128681769	0.2062782116898512	4143
3	0.95	Xa_ktcov	family	0.7188501056367629	0.9498506766053216	0.388130680088155	0.5158017084834788	0.5792755421369165	2659
3	0.95	Xa_ktcov	fold	0.0063789720702738	0.8195665288484216	0.0	0.0	0.0	2659
3	0.95	Xa_ktcov	superfamily	0.269248489705663	0.9028496086758452	0.0713322210708669	0.0852255757167257	0.1055983092106905	2659
3	0.95	sym_max	family	0.7187706485694313	0.9498506766053209	0.3965049670107377	0.5167896161472728	0.5751038163997025	2930
3	0.95	sym_max	fold	0.0064978952865363	0.8195665288484532	0.0	0.0	0.0	2930
3	0.95	sym_max	superfamily	0.2695184721418116	0.9028496086758456	0.061421213744835	0.0867934715911427	0.1004034997314523	2930
3	0.95	sym_mean	family	0.7292521790032547	0.9498506766053206	0.3966697193425721	0.5248228630418691	0.5823884036238698	2710
3	0.95	sym_mean	fold	0.0084954966840361	0.8195665288484563	0.0	0.0	0.0	2710
3	0.95	sym_mean	superfamily	0.280656745693256	0.9028496086758504	0.071302380953115	0.0870264965576377	0.1009512016881861	2710
3	0.95	sym_min	family	0.7299155953921523	0.9498506766053214	0.3976742367840107	0.5330954506186261	0.584434250707612	2526
3	0.95	sym_min	fold	0.0088197576775453	0.8195665288484538	0.0	0.0	0.0	2526
3	0.95	sym_min	superfamily	0.280224542209411	0.9028496086758538	0.0823304087559388	0.0852873273554209	0.1069081160941602	2526
4	0.95	Xa	family	0.5228601204050507	0.9546354697387508	0.2576783756332185	0.3132021593852316	0.357937750588596	1371
4	0.95	Xa	fold	0.0009176140135576	0.8273859860138447	0.0	0.0	0.0	1371
4	0.95	Xa	superfamily	0.1195115985257175	0.9096331114719852	0.0525549642977526	0.0601470362618681	0.0623546164230577	1371
4	0.95	Xa_cov70	family	0.7361450590017522	0.9546354697387602	0.5474480450367784	0.6305983157118302	0.6676135308246269	3129
4	0.95	Xa_cov70	fold	0.0260206441730029	0.8273859860139041	7.778584283011557e-05	0.0001702089416438	0.0001702089416438	3129
4	0.95	Xa_cov70	superfamily	0.352439446505662	0.9096331114720444	0.1079641688252891	0.1787029065598799	0.204400411860926	3129
4	0.95	Xa_ktcov	family	0.7166350301107773	0.9546354697387548	0.42265487216319	0.5227821279718435	0.5788052706867197	3369
4	0.95	Xa_ktcov	fold	0.0071660936396904	0.8273859860137917	7.778584283011557e-05	7.778584283011557e-05	7.778584283011557e-05	3369
4	0.95	Xa_ktcov	superfamily	0.2686681943415765	0.9096331114720002	0.0877686587878256	0.1034401758480228	0.126471478876685	3369
4	0.95	sym_max	family	0.7167472133923181	0.9546354697387516	0.4098538573503804	0.534344305301343	0.5746457765034276	3623
4	0.95	sym_max	fold	0.0072555119280174	0.8273859860138261	0.0001509553437636	0.0001509553437636	0.0001509553437636	3623
4	0.95	sym_max	superfamily	0.2670234949181532	0.9096331114719992	0.0713377176816737	0.1000560169580033	0.1170154671099443	3623
4	0.95	sym_mean	family	0.7276286622417563	0.9546354697387534	0.4136590915849224	0.543956364145551	0.5861611733425817	3392
4	0.95	sym_mean	fold	0.0094650168214355	0.8273859860138326	7.778584283011557e-05	7.778584283011557e-05	7.778584283011557e-05	3392
4	0.95	sym_mean	superfamily	0.2805890911276766	0.9096331114720048	0.0820005598912009	0.0970985937843907	0.1210987613069166	3392
4	0.95	sym_min	family	0.7277073054073552	0.954635469738754	0.410659587329834	0.544194338624326	0.5904564072751579	3138
4	0.95	sym_min	fold	0.009803687849062	0.8273859860138318	5.5995552583449486e-05	5.5995552583449486e-05	5.5995552583449486e-05	3138
4	0.95	sym_min	superfamily	0.2814368070104311	0.909633111472012	0.0919593066473144	0.0944435512252285	0.1205698216411572	3138
0	0.975	Xa	family	0.5260572281487625	0.9541629584556248	0.2388618211699677	0.3050968245660626	0.3545566656730424	928
0	0.975	Xa	fold	0.0009175626935558	0.8186606583905521	0.0	0.0	0.0	928
0	0.975	Xa	superfamily	0.1278505279988231	0.9038053622224724	0.0488757781110913	0.0552312267670614	0.0603736102305775	928
0	0.975	Xa_cov70	family	0.7393942073852475	0.954162958455632	0.5478067281951525	0.6433268204549752	0.6786652893011441	2894
0	0.975	Xa_cov70	fold	0.0242856243492367	0.8186606583906383	7.884415361691986e-05	7.884415361691986e-05	0.0001248638133465	2894
0	0.975	Xa_cov70	superfamily	0.3682263908166414	0.9038053622225104	0.1108853507634246	0.195041950292318	0.2298851275804909	2894
0	0.975	Xa_ktcov	family	0.7252080728577979	0.9541629584556276	0.397300797213436	0.5344960519056118	0.5937409955740415	2297
0	0.975	Xa_ktcov	fold	0.0067891585838625	0.8186606583905066	7.067762169802986e-05	7.067762169802986e-05	7.067762169802986e-05	2297
0	0.975	Xa_ktcov	superfamily	0.2874244342565359	0.9038053622224848	0.0852932622436084	0.1096197826508075	0.1304840497115685	2297
0	0.975	sym_max	family	0.7273626581589695	0.9541629584556262	0.3852825468592342	0.5218787072868102	0.5909940691743215	2551
0	0.975	sym_max	fold	0.0069914495921709	0.8186606583905424	7.067762169802986e-05	7.067762169802986e-05	7.067762169802986e-05	2551
0	0.975	sym_max	superfamily	0.2896136193775592	0.903805362222488	0.0710459314643958	0.0988196116558639	0.1240512056164174	2551
0	0.975	sym_mean	family	0.73620192177821	0.954162958455626	0.4165528760518981	0.5466173819797784	0.5994865113749877	2341
0	0.975	sym_mean	fold	0.0089436993346115	0.8186606583905623	4.859086491739553e-05	4.859086491739553e-05	4.859086491739553e-05	2341
0	0.975	sym_mean	superfamily	0.3001860814945254	0.9038053622224904	0.0831455906167501	0.1063227411280985	0.1240797562041585	2341
0	0.975	sym_min	family	0.7352542631347756	0.9541629584556266	0.4039499402463873	0.5428692542813885	0.5991639909477997	2142
0	0.975	sym_min	fold	0.0091481713173063	0.818660658390565	4.859086491739553e-05	4.859086491739553e-05	4.859086491739553e-05	2142
0	0.975	sym_min	superfamily	0.2987483159959451	0.9038053622224932	0.0918198255814213	0.1109374383151152	0.131238503486791	2142
1	0.975	Xa	family	0.531897083790814	0.9614991793098884	0.2391883490426355	0.3169975863450241	0.3783796769037053	894
1	0.975	Xa	fold	0.0007457997391346	0.8306613757832494	0.0	0.0	0.0	894
1	0.975	Xa	superfamily	0.125229660395538	0.918413113904979	0.0453471785162578	0.050934642045735	0.0613233471931445	894
1	0.975	Xa_cov70	family	0.7450503166436842	0.9614991793098968	0.566468179121468	0.654463042634016	0.6844103469962837	2701
1	0.975	Xa_cov70	fold	0.0180352924059968	0.8306613757831969	8.389931134623634e-05	8.389931134623634e-05	0.0001288613184502	2701
1	0.975	Xa_cov70	superfamily	0.3651675723680335	0.9184131139050462	0.1264593156831731	0.2036745088265435	0.2312498564387796	2701
1	0.975	Xa_ktcov	family	0.7276089822254472	0.9614991793098916	0.3886519657170729	0.5367094688858101	0.5907043580798103	2132
1	0.975	Xa_ktcov	fold	0.0052549393774578	0.8306613757831542	7.520917551941337e-05	7.520917551941337e-05	7.520917551941337e-05	2132
1	0.975	Xa_ktcov	superfamily	0.2800513878966972	0.9184131139049956	0.0843865751449846	0.1058359345028023	0.1313919732685109	2132
1	0.975	sym_max	family	0.731951660277129	0.961499179309891	0.4042126569897798	0.5371093164447163	0.5903325741457269	2401
1	0.975	sym_max	fold	0.0054583982865807	0.830661375783187	7.520917551941337e-05	7.520917551941337e-05	7.520917551941337e-05	2401
1	0.975	sym_max	superfamily	0.2828682904544243	0.9184131139049988	0.0892995219349534	0.0960693476256049	0.1222570935392024	2401
1	0.975	sym_mean	family	0.7405240874038636	0.9614991793098902	0.4211336087058377	0.552893255129725	0.5986812327205274	2216
1	0.975	sym_mean	fold	0.0068609492606815	0.8306613757832102	5.1706308169596696e-05	5.1706308169596696e-05	5.1706308169596696e-05	2216
1	0.975	sym_mean	superfamily	0.2939391812294576	0.9184131139050036	0.0920645965517916	0.1039210671047978	0.1293874759226269	2216
1	0.975	sym_min	family	0.7391600286545102	0.9614991793098904	0.4356460387833373	0.5532121589597453	0.600362578278732	2042
1	0.975	sym_min	fold	0.0069107697266747	0.830661375783215	5.1706308169596696e-05	5.1706308169596696e-05	5.1706308169596696e-05	2042
1	0.975	sym_min	superfamily	0.2935956046631289	0.9184131139050078	0.0894184519749308	0.1156643139949476	0.1348976086753236	2042
2	0.975	Xa	family	0.4706585089405518	0.9536124700015832	0.1940460406295917	0.264663019581824	0.3051083670479445	866
2	0.975	Xa	fold	0.0008008819949473	0.8704769921227877	0.0	0.0	0.0	866
2	0.975	Xa	superfamily	0.0920365128594423	0.9271034943471478	0.0344803474142378	0.0372409561879152	0.0434444546804578	866
2	0.975	Xa_cov70	family	0.7027456646110104	0.9536124700015904	0.4977429186875865	0.5887595992993992	0.6248060509545085	2423
2	0.975	Xa_cov70	fold	0.0212290345634718	0.8704769921228077	8.789884514822376e-05	8.789884514822376e-05	9.20981614995218e-05	2423
2	0.975	Xa_cov70	superfamily	0.310794326744161	0.9271034943471044	0.0753323283246279	0.1315660680425275	0.1728142450005778	2423
2	0.975	Xa_ktcov	family	0.6701056112932229	0.9536124700015826	0.3496909563624771	0.4585058491608618	0.5267911603361908	1949
2	0.975	Xa_ktcov	fold	0.0060613101372499	0.8704769921227506	7.879444499162809e-05	7.879444499162809e-05	7.879444499162809e-05	1949
2	0.975	Xa_ktcov	superfamily	0.2202129357937398	0.9271034943471383	0.0685576239248306	0.0727831225625907	0.0863970703132056	1949
2	0.975	sym_max	family	0.6760793139045317	0.9536124700015824	0.3646539317739953	0.4697357322843837	0.5311409572033619	2180
2	0.975	sym_max	fold	0.0065187276721971	0.870476992122749	7.879444499162809e-05	7.879444499162809e-05	7.879444499162809e-05	2180
2	0.975	sym_max	superfamily	0.2260041083508195	0.9271034943471405	0.05618761235164	0.0767211119294405	0.0800791892375385	2180
2	0.975	sym_mean	family	0.6833125915616028	0.9536124700015828	0.3640447601832902	0.4658408327517268	0.5381761687930933	1989
2	0.975	sym_mean	fold	0.008314596066773	0.8704769921227711	5.417118093174431e-05	5.417118093174431e-05	5.417118093174431e-05	1989
2	0.975	sym_mean	superfamily	0.2324883375681537	0.9271034943471372	0.0672518260026566	0.0775548638608803	0.0836542738832944	1989
2	0.975	sym_min	family	0.680714864461446	0.9536124700015826	0.370229741526527	0.4570252229729373	0.5331667449778221	1837
2	0.975	sym_min	fold	0.0084395807559571	0.8704769921227823	5.417118093174431e-05	5.417118093174431e-05	5.417118093174431e-05	1837
2	0.975	sym_min	superfamily	0.2294722723285009	0.9271034943471324	0.0724351035978186	0.0774686455632049	0.0868057016835068	1837
3	0.975	Xa	family	0.5070177487093184	0.9498506766053209	0.228144019181411	0.2795352199725694	0.328458176547321	922
3	0.975	Xa	fold	0.0008832663960703	0.8195665288484815	0.0	0.0	0.0	922
3	0.975	Xa	superfamily	0.1065185422420689	0.9028496086758306	0.037061398655604	0.042730820305904	0.0447881799450884	922
3	0.975	Xa_cov70	family	0.7402569266814326	0.949850676605323	0.5316538737028504	0.6301810156372661	0.6649399265233583	3946
3	0.975	Xa_cov70	fold	0.0207973482968705	0.8195665288484527	6.581162146461467e-05	6.581162146461467e-05	6.581162146461467e-05	3946
3	0.975	Xa_cov70	superfamily	0.350365970798506	0.9028496086758712	0.0954538857618405	0.1523629437143549	0.2057105281564742	3946
3	0.975	Xa_ktcov	family	0.7085774944832466	0.9498506766053224	0.3653771434770358	0.4900443826172592	0.5613093516871848	2274
3	0.975	Xa_ktcov	fold	0.0060474104091388	0.8195665288484173	0.0	0.0	0.0	2274
3	0.975	Xa_ktcov	superfamily	0.2570933489001528	0.9028496086758444	0.0707588667604581	0.0769043296138433	0.0971418609455656	2274
3	0.975	sym_max	family	0.70830529942893	0.9498506766053206	0.373814300652195	0.4902016556970934	0.5597525809992762	2521
3	0.975	sym_max	fold	0.00620373758527	0.8195665288484492	0.0	0.0	0.0	2521
3	0.975	sym_max	superfamily	0.257402323638477	0.9028496086758454	0.0591061070034617	0.0797363184211006	0.0871779901385166	2521
3	0.975	sym_mean	family	0.7192052505419743	0.9498506766053212	0.384309245249791	0.5023853711979164	0.5650752206688124	2315
3	0.975	sym_mean	fold	0.0081682030913632	0.8195665288484534	0.0	0.0	0.0	2315
3	0.975	sym_mean	superfamily	0.2683384024693074	0.9028496086758492	0.0681121516266219	0.0829291118414364	0.0907856285028633	2315
3	0.975	sym_min	family	0.7198860951416918	0.949850676605322	0.3846424240344529	0.4999513780558339	0.5652631159460679	2146
3	0.975	sym_min	fold	0.0084347138640538	0.8195665288484523	0.0	0.0	0.0	2146
3	0.975	sym_min	superfamily	0.2676805840018457	0.9028496086758532	0.0743263551144617	0.082252590964181	0.0994279635119219	2146
4	0.975	Xa	family	0.4960907818055072	0.9546354697387504	0.2257587582676486	0.284214700750154	0.3234622840277128	1079
4	0.975	Xa	fold	0.0008348130337283	0.8273859860138406	0.0	0.0	0.0	1079
4	0.975	Xa	superfamily	0.1084169179748141	0.9096331114719832	0.0462169248109581	0.0533043113182192	0.05660760269011	1079
4	0.975	Xa_cov70	family	0.7345300096689321	0.95463546973876	0.5459926005010456	0.6255918878779364	0.6662052530538524	2966
4	0.975	Xa_cov70	fold	0.0256009063773876	0.8273859860139043	7.778584283011557e-05	7.778584283011557e-05	0.0001231877890063	2966
4	0.975	Xa_cov70	superfamily	0.3496323478672504	0.9096331114720448	0.10663042932696	0.1699436643247496	0.1996962368563165	2966
4	0.975	Xa_ktcov	family	0.7056870892207752	0.9546354697387543	0.3941103658678834	0.4982652715478868	0.5624967742067305	2862
4	0.975	Xa_ktcov	fold	0.00666105866327	0.827385986013787	7.778584283011557e-05	7.778584283011557e-05	7.778584283011557e-05	2862
4	0.975	Xa_ktcov	superfamily	0.2560445744862054	0.9096331114719995	0.0853689760223883	0.1011231844874063	0.1175178586634396	2862
4	0.975	sym_max	family	0.7059669116827275	0.954635469738752	0.3928263390709736	0.5008605219454711	0.5584140772971918	3078
4	0.975	sym_max	fold	0.0067908257004198	0.8273859860138221	7.778584283011557e-05	7.778584283011557e-05	7.778584283011557e-05	3078
4	0.975	sym_max	superfamily	0.2548143434695702	0.9096331114719992	0.0683854554084349	0.0927356841648561	0.1084235390475555	3078
4	0.975	sym_mean	family	0.717073180401926	0.9546354697387532	0.3938141247269113	0.515528985063205	0.5671803054937589	2878
4	0.975	sym_mean	fold	0.0089331202242005	0.8273859860138312	7.778584283011557e-05	7.778584283011557e-05	7.778584283011557e-05	2878
4	0.975	sym_mean	superfamily	0.2678593854831443	0.9096331114720048	0.0791227873182316	0.0905786685006995	0.1082265153405517	2878
4	0.975	sym_min	family	0.7170626460550519	0.954635469738754	0.3966317089000967	0.5210278114657212	0.5685688526626249	2657
4	0.975	sym_min	fold	0.0091729331779808	0.8273859860138294	5.5995552583449486e-05	5.5995552583449486e-05	5.5995552583449486e-05	2657
4	0.975	sym_min	superfamily	0.2684235303811281	0.9096331114720124	0.0873418931624316	0.092318508067834	0.1105343761050608	2657
0	1.0	Xa	family	0.4972403648770537	0.9541629584556252	0.2062371460054369	0.2814334381268179	0.3201011051299406	756
0	1.0	Xa	fold	0.0008391137571221	0.8186606583905518	0.0	0.0	0.0	756
0	1.0	Xa	superfamily	0.1154065615607545	0.903805362222471	0.0434414074764719	0.0466117477763964	0.053116674781984	756
0	1.0	Xa_cov70	family	0.7381964875478354	0.9541629584556324	0.5330286250831782	0.6395987973996324	0.6765498010063874	2737
0	1.0	Xa_cov70	fold	0.0241197447819125	0.818660658390639	7.884415361691986e-05	7.884415361691986e-05	7.884415361691986e-05	2737
0	1.0	Xa_cov70	superfamily	0.3661884654529557	0.9038053622225106	0.1091805917012001	0.192366108121312	0.2239001726286867	2737
0	1.0	Xa_ktcov	family	0.7146543547639341	0.954162958455628	0.3683990399397103	0.5097981658094152	0.5714903829112101	1932
0	1.0	Xa_ktcov	fold	0.0063602550536802	0.8186606583905053	4.859086491739553e-05	4.859086491739553e-05	4.859086491739553e-05	1932
0	1.0	Xa_ktcov	superfamily	0.2745396863587919	0.903805362222484	0.0834929725241102	0.0970301568346017	0.1190983130298555	1932
0	1.0	sym_max	family	0.7169085889250064	0.9541629584556264	0.3611676781273936	0.4886626847810846	0.5715670227240645	2171
0	1.0	sym_max	fold	0.0066004148263731	0.8186606583905408	4.859086491739553e-05	4.859086491739553e-05	4.859086491739553e-05	2171
0	1.0	sym_max	superfamily	0.2770853054876843	0.9038053622224868	0.0665502298012002	0.0907871316953986	0.1138793170856495	2171
0	1.0	sym_mean	family	0.7260234237547533	0.9541629584556262	0.3822374483814952	0.5125052145622369	0.5766856689556675	1973
0	1.0	sym_mean	fold	0.0084866783971065	0.818660658390562	4.859086491739553e-05	4.859086491739553e-05	4.859086491739553e-05	1973
0	1.0	sym_mean	superfamily	0.2872944143413267	0.9038053622224892	0.080372086900906	0.1012759906647604	0.1165222606470581	1973
0	1.0	sym_min	family	0.7249171800282456	0.9541629584556266	0.3896726881666821	0.5086164701977877	0.5802738738372997	1808
0	1.0	sym_min	fold	0.0086440699001253	0.8186606583905641	4.859086491739553e-05	4.859086491739553e-05	4.859086491739553e-05	1808
0	1.0	sym_min	superfamily	0.2854086947220752	0.9038053622224924	0.0837183106360743	0.1014038982386949	0.117897106705213	1808
1	1.0	Xa	family	0.5024589780562891	0.961499179309888	0.2014544106125205	0.2858045196290824	0.3392593735209068	723
1	1.0	Xa	fold	0.0006840510792799	0.8306613757832453	0.0	0.0	0.0	723
1	1.0	Xa	superfamily	0.1124399279986516	0.9184131139049782	0.0408885961255567	0.0472795456479525	0.0503867327281637	723
1	1.0	Xa_cov70	family	0.7432344216626176	0.9614991793098971	0.5630453808218849	0.6489096143023998	0.6830341805840366	2549
1	1.0	Xa_cov70	fold	0.0177274670611311	0.8306613757831972	8.389931134623634e-05	8.389931134623634e-05	8.389931134623634e-05	2549
1	1.0	Xa_cov70	superfamily	0.3621842438483457	0.9184131139050468	0.1252264905827859	0.2016145834014458	0.2261941439002255	2549
1	1.0	Xa_ktcov	family	0.7157883417129568	0.9614991793098911	0.3793665169626826	0.5077077322263887	0.5697481911553152	1785
1	1.0	Xa_ktcov	fold	0.0048638755222796	0.8306613757831492	0.0	0.0	0.0	1785
1	1.0	Xa_ktcov	superfamily	0.2663366232210973	0.9184131139049952	0.0777733568271101	0.0922813205725776	0.1173018756298227	1785
1	1.0	sym_max	family	0.7201416082024326	0.9614991793098908	0.3798033321606315	0.512051725509432	0.5680272641747425	2037
1	1.0	sym_max	fold	0.0051168393556686	0.8306613757831839	5.1706308169596696e-05	5.1706308169596696e-05	5.1706308169596696e-05	2037
1	1.0	sym_max	superfamily	0.2691839517492781	0.9184131139049982	0.0822010923614429	0.0923085776776525	0.1112785519550331	2037
1	1.0	sym_mean	family	0.7291176284477052	0.9614991793098898	0.4010604506119012	0.5204506858708945	0.581976398016516	1866
1	1.0	sym_mean	fold	0.0064857971223313	0.8306613757832076	5.1706308169596696e-05	5.1706308169596696e-05	5.1706308169596696e-05	1866
1	1.0	sym_mean	superfamily	0.2801288453884756	0.9184131139050032	0.0846709904240274	0.0992798000953511	0.1127295512163361	1866
1	1.0	sym_min	family	0.7277727378662777	0.9614991793098904	0.4003252661089294	0.5166929623023508	0.5826649133196087	1733
1	1.0	sym_min	fold	0.0064997947464261	0.830661375783211	5.1706308169596696e-05	5.1706308169596696e-05	5.1706308169596696e-05	1733
1	1.0	sym_min	superfamily	0.2795969237945668	0.9184131139050088	0.0826389327045069	0.1035109742410049	0.1281221245612716	1733
2	1.0	Xa	family	0.4413117799084336	0.9536124700015832	0.1672294141416408	0.217940486112458	0.2543331812233916	704
2	1.0	Xa	fold	0.0007340384309149	0.8704769921227834	0.0	0.0	0.0	704
2	1.0	Xa	superfamily	0.0825063880517537	0.9271034943471474	0.031792857510251	0.032996852615415	0.0368601706818396	704
2	1.0	Xa_cov70	family	0.7009984166048514	0.9536124700015908	0.4805368987091285	0.5851425429359349	0.6219145949597432	2289
2	1.0	Xa_cov70	fold	0.0210530546614204	0.8704769921228093	8.789884514822376e-05	8.789884514822376e-05	8.789884514822376e-05	2289
2	1.0	Xa_cov70	superfamily	0.3086783468160859	0.9271034943471044	0.0746065978783257	0.1363638094400272	0.1710392206656626	2289
2	1.0	Xa_ktcov	family	0.6579055680823076	0.9536124700015828	0.3225671800544213	0.4315694375229275	0.498595226424064	1643
2	1.0	Xa_ktcov	fold	0.0056468543022761	0.8704769921227484	0.0	0.0	0.0	1643
2	1.0	Xa_ktcov	superfamily	0.2087994288359654	0.927103494347138	0.0633929096224793	0.0687088252125567	0.0819534546297539	1643
2	1.0	sym_max	family	0.6642773453843672	0.9536124700015832	0.3359488397381364	0.4352431237004727	0.5030101161482305	1867
2	1.0	sym_max	fold	0.0061623618583548	0.8704769921227443	5.417118093174431e-05	5.417118093174431e-05	5.417118093174431e-05	1867
2	1.0	sym_max	superfamily	0.214833646967602	0.9271034943471406	0.0536385235171502	0.0729353430996867	0.0761259924764621	1867
2	1.0	sym_mean	family	0.6715863325481543	0.9536124700015826	0.3321498321528518	0.4400729963104352	0.51687145736856	1695
2	1.0	sym_mean	fold	0.0079138985739597	0.8704769921227689	5.417118093174431e-05	5.417118093174431e-05	5.417118093174431e-05	1695
2	1.0	sym_mean	superfamily	0.2210725011021565	0.9271034943471366	0.0640904508101519	0.0703267468451551	0.0805591092448754	1695
2	1.0	sym_min	family	0.6687280206035102	0.9536124700015824	0.3499254178125167	0.4517992485709402	0.5152931077415827	1561
2	1.0	sym_min	fold	0.0079856252422328	0.8704769921227787	5.417118093174431e-05	5.417118093174431e-05	5.417118093174431e-05	1561
2	1.0	sym_min	superfamily	0.217640469625632	0.9271034943471324	0.0675697534372183	0.0714477155600676	0.0806549496177073	1561
3	1.0	Xa	family	0.4785486951174221	0.9498506766053214	0.1793996120392741	0.2472029919342358	0.2932745175360386	737
3	1.0	Xa	fold	0.0008153728910334	0.8195665288484767	0.0	0.0	0.0	737
3	1.0	Xa	superfamily	0.0950459943889157	0.9028496086758292	0.0335757835035233	0.0350642855584617	0.0398143944256478	737
3	1.0	Xa_cov70	family	0.7385225049092998	0.9498506766053232	0.5188079173318876	0.6242083267020976	0.6636682646771419	3783
3	1.0	Xa_cov70	fold	0.0205712156583553	0.8195665288484533	4.376546197949471e-05	4.376546197949471e-05	4.376546197949471e-05	3783
3	1.0	Xa_cov70	superfamily	0.3476438018866007	0.9028496086758716	0.0944700681063467	0.1522636142724397	0.1972880891412527	3783
3	1.0	Xa_ktcov	family	0.6974641201145731	0.9498506766053224	0.3376855069940774	0.460540899829506	0.5378495616149608	1922
3	1.0	Xa_ktcov	fold	0.0057396578519217	0.8195665288484142	0.0	0.0	0.0	1922
3	1.0	Xa_ktcov	superfamily	0.2446803535204006	0.9028496086758434	0.0651348955820727	0.0741732931164788	0.0878438320590613	1922
3	1.0	sym_max	family	0.6969014080470102	0.9498506766053206	0.3502439117027302	0.4578652033570974	0.5354575697478534	2140
3	1.0	sym_max	fold	0.0059290640509142	0.819566528848446	0.0	0.0	0.0	2140
3	1.0	sym_max	superfamily	0.2450351498901086	0.9028496086758432	0.0549213321966972	0.0743387106995256	0.0790298875713815	2140
3	1.0	sym_mean	family	0.708348161515237	0.9498506766053212	0.3447664530844601	0.4718189171184052	0.5479561211185167	1959
3	1.0	sym_mean	fold	0.0078655162764838	0.8195665288484518	0.0	0.0	0.0	1959
3	1.0	sym_mean	superfamily	0.2558194048207005	0.9028496086758484	0.0660093544416811	0.0757586890173787	0.0864900643154258	1959
3	1.0	sym_min	family	0.7091100912785417	0.9498506766053216	0.3597311750229213	0.4731912147795752	0.5432134682609838	1829
3	1.0	sym_min	fold	0.0080814462212453	0.8195665288484506	0.0	0.0	0.0	1829
3	1.0	sym_min	superfamily	0.2549349095404231	0.9028496086758536	0.0677854632687978	0.0775717707627181	0.0898115070768499	1829
4	1.0	Xa	family	0.4675070532031632	0.9546354697387504	0.183025624186008	0.2497905511237347	0.2933173121974041	846
4	1.0	Xa	fold	0.0007692192946272	0.8273859860138371	0.0	0.0	0.0	846
4	1.0	Xa	superfamily	0.0981733792927041	0.909633111471982	0.0427210349291286	0.047104725278689	0.0514708939727346	846
4	1.0	Xa_cov70	family	0.732792736087846	0.9546354697387603	0.5436088249908549	0.6219652850666968	0.6625156345213393	2809
4	1.0	Xa_cov70	fold	0.0251587366868603	0.8273859860139042	7.778584283011557e-05	7.778584283011557e-05	7.778584283011557e-05	2809
4	1.0	Xa_cov70	superfamily	0.346672562830108	0.9096331114720452	0.1061177844703447	0.1606459800477829	0.1951862186843377	2809
4	1.0	Xa_ktcov	family	0.693870591105227	0.954635469738754	0.3656437317491621	0.4719263546295809	0.5381488539320293	2406
4	1.0	Xa_ktcov	fold	0.0062182933477845	0.8273859860137857	6.972892878933148e-05	6.972892878933148e-05	6.972892878933148e-05	2406
4	1.0	Xa_ktcov	superfamily	0.2431938899917024	0.9096331114719988	0.0793826700767736	0.086883269231825	0.1052914817171468	2406
4	1.0	sym_max	family	0.6941347211548313	0.9546354697387518	0.3609851358131384	0.4716334448840646	0.5361156257847365	2564
4	1.0	sym_max	fold	0.0063992644065972	0.8273859860138183	6.972892878933148e-05	6.972892878933148e-05	6.972892878933148e-05	2564
4	1.0	sym_max	superfamily	0.2423359431898538	0.909633111472	0.0635021286223391	0.0860614014206576	0.099370767541343	2564
4	1.0	sym_mean	family	0.7056353046843749	0.9546354697387536	0.3580203264541747	0.4844314929906828	0.5502491654527752	2410
4	1.0	sym_mean	fold	0.0084488265696074	0.8273859860138274	5.5995552583449486e-05	5.5995552583449486e-05	5.5995552583449486e-05	2410
4	1.0	sym_mean	superfamily	0.2550068181159135	0.9096331114720057	0.0763464725142795	0.0884715004195637	0.0995220363614543	2410
4	1.0	sym_min	family	0.7056304567966902	0.9546354697387543	0.3736328312523339	0.4801686314741961	0.5492951418781015	2225
4	1.0	sym_min	fold	0.0086313954422446	0.8273859860138274	5.5995552583449486e-05	5.5995552583449486e-05	5.5995552583449486e-05	2225
4	1.0	sym_min	superfamily	0.2551083532738482	0.9096331114720132	0.0799285638777439	0.088945474831149	0.1007129077905683	2225
0	1.1	Xa	family	0.3702873818834067	0.9541629584556248	0.1052680366854294	0.1507026359509302	0.1805970262669361	255
0	1.1	Xa	fold	0.0006220892334514	0.8186606583905498	0.0	0.0	0.0	255
0	1.1	Xa	superfamily	0.072186495585613	0.9038053622224652	0.0126589620895959	0.0257241656020725	0.0289385001911054	255
0	1.1	Xa_cov70	family	0.7325113938593553	0.9541629584556326	0.5073645685486334	0.6228832453642849	0.6656323028469645	2154
0	1.1	Xa_cov70	fold	0.0233166950741325	0.8186606583906402	7.884415361691986e-05	7.884415361691986e-05	7.884415361691986e-05	2154
0	1.1	Xa_cov70	superfamily	0.356846908525709	0.9038053622225114	0.1090206682828658	0.1664747261660117	0.2051562527230536	2154
0	1.1	Xa_ktcov	family	0.6601643092631139	0.9541629584556284	0.2579000159158224	0.3833216318138516	0.4425308088952071	906
0	1.1	Xa_ktcov	fold	0.0049925782517223	0.8186606583905007	0.0	0.0	0.0	906
0	1.1	Xa_ktcov	superfamily	0.2211053423473748	0.9038053622224804	0.0516606532609051	0.0606116180804413	0.0766805925496368	906
0	1.1	sym_max	family	0.662778001981016	0.9541629584556274	0.2398944009328645	0.3663787382807493	0.4483924102451225	929
0	1.1	sym_max	fold	0.0053549619715092	0.8186606583905344	0.0	0.0	0.0	929
0	1.1	sym_max	superfamily	0.2247712600740956	0.9038053622224828	0.0545440823015164	0.0585235323635245	0.0806639615517046	929
0	1.1	sym_mean	family	0.6735297191829883	0.9541629584556264	0.2781920499400491	0.3856394544949968	0.4632510634351338	914
0	1.1	sym_mean	fold	0.0070573212746723	0.8186606583905588	0.0	0.0	0.0	914
0	1.1	sym_mean	superfamily	0.2333980150011613	0.903805362222488	0.0564714471890141	0.0655856889949362	0.0785036524086158	914
0	1.1	sym_min	family	0.6723438765218521	0.9541629584556272	0.2938935028367369	0.3969706908563038	0.4548049524646577	842
0	1.1	sym_min	fold	0.0070312182468356	0.8186606583905613	0.0	0.0	0.0	842
0	1.1	sym_min	superfamily	0.230522043968955	0.9038053622224936	0.0546742473218681	0.0695385195171769	0.0853334274786882	842
1	1.1	Xa	family	0.368263314158979	0.961499179309889	0.0859078330309912	0.1377402646915276	0.1710215408590415	248
1	1.1	Xa	fold	0.0005106261088933	0.8306613757832293	0.0	0.0	0.0	248
1	1.1	Xa	superfamily	0.0683639774072296	0.918413113904973	0.0124003388759536	0.0235918243581781	0.0288136719369994	248
1	1.1	Xa_cov70	family	0.734978946395113	0.9614991793098968	0.5337942446081958	0.6302494222275639	0.6690117265193187	1967
1	1.1	Xa_cov70	fold	0.0166742187172648	0.8306613757831981	8.389931134623634e-05	8.389931134623634e-05	8.389931134623634e-05	1967
1	1.1	Xa_cov70	superfamily	0.3493158941554656	0.9184131139050484	0.123311998578512	0.1761796376872477	0.2099015839396951	1967
1	1.1	Xa_ktcov	family	0.6570528725405292	0.9614991793098908	0.2628720598598473	0.3855781824300685	0.445062737244544	803
1	1.1	Xa_ktcov	fold	0.00378584973415	0.830661375783134	0.0	0.0	0.0	803
1	1.1	Xa_ktcov	superfamily	0.2107401417574686	0.918413113904996	0.0506537530334133	0.069898108202932	0.077023132419713	803
1	1.1	sym_max	family	0.6611250324916071	0.9614991793098916	0.2547955545902627	0.3785318996270393	0.4552391845447802	854
1	1.1	sym_max	fold	0.0040501387575792	0.8306613757831712	0.0	0.0	0.0	854
1	1.1	sym_max	superfamily	0.2134689518418421	0.918413113904996	0.0514616195673261	0.0620233658671607	0.0749184176587643	854
1	1.1	sym_mean	family	0.6725958886249472	0.961499179309891	0.2522688051463544	0.3988871113344919	0.4718350143858933	852
1	1.1	sym_mean	fold	0.005270399051516	0.8306613757831969	0.0	0.0	0.0	852
1	1.1	sym_mean	superfamily	0.223455625692616	0.9184131139050036	0.0547254791954973	0.0635305366639076	0.0787111247009407	852
1	1.1	sym_min	family	0.6718215435425071	0.9614991793098908	0.2550608018146788	0.4068850934246971	0.4687497944435648	782
1	1.1	sym_min	fold	0.0051894534187299	0.8306613757831971	0.0	0.0	0.0	782
1	1.1	sym_min	superfamily	0.2227807905524507	0.9184131139050112	0.0573752162447449	0.0661720324298572	0.0796900201918231	782
2	1.1	Xa	family	0.3089834931597018	0.9536124700015836	0.0802708514185392	0.1012673036433493	0.1243475001379158	247
2	1.1	Xa	fold	0.0005452563408039	0.8704769921227666	0.0	0.0	0.0	247
2	1.1	Xa	superfamily	0.0489019524462642	0.9271034943471476	0.0190473380474649	0.0190473380474649	0.0194124875242071	247
2	1.1	Xa_cov70	family	0.6931865725796258	0.953612470001591	0.4452287971545105	0.570387945826373	0.6087602065048315	1764
2	1.1	Xa_cov70	fold	0.0203799205801616	0.8704769921228105	8.789884514822376e-05	8.789884514822376e-05	8.789884514822376e-05	1764
2	1.1	Xa_cov70	superfamily	0.2996300126666933	0.9271034943471048	0.0886883609115294	0.1157224592857095	0.1546190765960451	1764
2	1.1	Xa_ktcov	family	0.5971171607947049	0.9536124700015824	0.2025197831805954	0.2985285933047047	0.3939769097003341	814
2	1.1	Xa_ktcov	fold	0.0044576724782022	0.8704769921227367	0.0	0.0	0.0	814
2	1.1	Xa_ktcov	superfamily	0.1630156046094493	0.9271034943471366	0.0403667555016824	0.04752737461265	0.0592844167403985	814
2	1.1	sym_max	family	0.6045307298635209	0.953612470001584	0.2102373370827329	0.3042599314441552	0.3807656296304847	908
2	1.1	sym_max	fold	0.0049680495924133	0.8704769921227311	0.0	0.0	0.0	908
2	1.1	sym_max	superfamily	0.1694458884802982	0.92710349434714	0.0437690440296377	0.0470423230442727	0.0513483311093409	908
2	1.1	sym_mean	family	0.6128874043118407	0.9536124700015828	0.2199496801154638	0.3019997143438478	0.3878715813712587	834
2	1.1	sym_mean	fold	0.006583692579302	0.8704769921227608	0.0	0.0	0.0	834
2	1.1	sym_mean	superfamily	0.174528976887595	0.927103494347136	0.0452735156811413	0.0478407241173491	0.0547520755877371	834
2	1.1	sym_min	family	0.6096676980299081	0.9536124700015832	0.2092292812118553	0.3127089223919262	0.3953043155635561	769
2	1.1	sym_min	fold	0.0065261608283272	0.8704769921227665	0.0	0.0	0.0	769
2	1.1	sym_min	superfamily	0.1707381143108183	0.9271034943471298	0.0422942837192713	0.0446490812365936	0.0557731561692481	769
3	1.1	Xa	family	0.3526624779019552	0.9498506766053212	0.0878688302987175	0.1136041147373761	0.1557309653956388	210
3	1.1	Xa	fold	0.0006154772642146	0.8195665288484614	0.0	0.0	0.0	210
3	1.1	Xa	superfamily	0.0557270727384049	0.902849608675822	0.0065099208739733	0.0176183447902983	0.0184868257563701	210
3	1.1	Xa_cov70	family	0.7304656697932994	0.9498506766053252	0.4937290679556667	0.6040367761835719	0.6485452113689846	3076
3	1.1	Xa_cov70	fold	0.0196718193117514	0.8195665288484554	0.0	0.0	0.0	3076
3	1.1	Xa_cov70	superfamily	0.335665838033178	0.902849608675872	0.0944324333986717	0.1387705576829591	0.1779586104143917	3076
3	1.1	Xa_ktcov	family	0.6423146667442335	0.9498506766053232	0.243307927573724	0.3460749762942095	0.4117904547392308	865
3	1.1	Xa_ktcov	fold	0.0047199062517658	0.8195665288483982	0.0	0.0	0.0	865
3	1.1	Xa_ktcov	superfamily	0.1942746924940066	0.9028496086758394	0.0413061517932234	0.0475558252894201	0.0587739419948923	865
3	1.1	sym_max	family	0.6405812042010258	0.9498506766053216	0.2307371711601838	0.3340362304014907	0.4118764224926999	888
3	1.1	sym_max	fold	0.0050222086015931	0.8195665288484304	0.0	0.0	0.0	888
3	1.1	sym_max	superfamily	0.1948620664927641	0.9028496086758394	0.0430345249667644	0.0463111872382935	0.0509450054353708	888
3	1.1	sym_mean	family	0.6549642970804569	0.9498506766053224	0.2395148011444051	0.345413100501542	0.4276279458430463	883
3	1.1	sym_mean	fold	0.0068700807934	0.8195665288484385	0.0	0.0	0.0	883
3	1.1	sym_mean	superfamily	0.2048625983752726	0.9028496086758464	0.0438231167546209	0.0470025568370009	0.0549953743786579	883
3	1.1	sym_min	family	0.6563962725534721	0.9498506766053224	0.2335906981545901	0.3647658233395592	0.4315025047904835	813
3	1.1	sym_min	fold	0.0069001488440687	0.81956652884844	0.0	0.0	0.0	813
3	1.1	sym_min	superfamily	0.2034543716645899	0.9028496086758536	0.0431048557844353	0.0455867020333859	0.0547248886300727	813
4	1.1	Xa	family	0.3406413987689025	0.9546354697387504	0.088681071920222	0.1150320926054124	0.1543513109714811	260
4	1.1	Xa	fold	0.0005813993434958	0.8273859860138223	0.0	0.0	0.0	260
4	1.1	Xa	superfamily	0.0625997434874044	0.9096331114719772	0.0245913222407499	0.025871543741918	0.026405717142822	260
4	1.1	Xa_cov70	family	0.724779191062914	0.9546354697387606	0.5173537177518317	0.606531106552262	0.6527490500898803	2212
4	1.1	Xa_cov70	fold	0.0235126644249216	0.8273859860139066	7.778584283011557e-05	7.778584283011557e-05	7.778584283011557e-05	2212
4	1.1	Xa_cov70	superfamily	0.3336022118970136	0.9096331114720464	0.1018543962789174	0.1458357088067348	0.1734503419199966	2212
4	1.1	Xa_ktcov	family	0.635434475480609	0.9546354697387548	0.2558638674180399	0.3505501934219854	0.418083949977903	1044
4	1.1	Xa_ktcov	fold	0.004827799963398	0.8273859860137697	0.0	0.0	0.0	1044
4	1.1	Xa_ktcov	superfamily	0.1927501611198789	0.909633111471998	0.0518660347375167	0.0596850461372515	0.0703120770045433	1044
4	1.1	sym_max	family	0.6356000280247174	0.9546354697387532	0.244751519555199	0.3423453019120946	0.410403467883233	1043
4	1.1	sym_max	fold	0.005133956067495	0.8273859860138044	0.0	0.0	0.0	1043
4	1.1	sym_max	superfamily	0.1930358769487905	0.9096331114719984	0.0535135338672122	0.0572168268067137	0.0628861446268273	1043
4	1.1	sym_mean	family	0.6493471551645841	0.9546354697387548	0.2547029629025386	0.3521563533473317	0.4298013497268524	1044
4	1.1	sym_mean	fold	0.0069449223965262	0.8273859860138147	0.0	0.0	0.0	1044
4	1.1	sym_mean	superfamily	0.2038019190835336	0.9096331114720068	0.0558615379953583	0.0586847617326717	0.0650217147008488	1044
4	1.1	sym_min	family	0.6499856661333602	0.9546354697387552	0.2478087231841642	0.3586011087156219	0.4314539900164189	961
4	1.1	sym_min	fold	0.00693368041501	0.8273859860138145	0.0	0.0	0.0	961
4	1.1	sym_min	superfamily	0.2032117916719932	0.9096331114720172	0.055262044133797	0.0557070814378792	0.0672726426038076	961
0	1.2	Xa	family	0.233731696736774	0.9541629584556236	0.0342731213365799	0.0416204345823501	0.0593314377412713	44
0	1.2	Xa	fold	0.0004904252807938	0.8186606583905456	0.0	0.0	0.0	44
0	1.2	Xa	superfamily	0.0398714887396104	0.9038053622224616	0.0019177510889476	0.0104488212596362	0.0104488212596362	44
0	1.2	Xa_cov70	family	0.7247406901038758	0.9541629584556328	0.47001043345333	0.6131245569524555	0.6499440977042198	1724
0	1.2	Xa_cov70	fold	0.0221954608470928	0.8186606583906413	5.675739683628554e-05	5.675739683628554e-05	7.884415361691986e-05	1724
0	1.2	Xa_cov70	superfamily	0.3458730290529343	0.9038053622225112	0.0971204426735357	0.1429786018603213	0.1820511269739576	1724
0	1.2	Xa_ktcov	family	0.5841402590155973	0.9541629584556268	0.1268605613712892	0.2473158621894998	0.3008779570481789	341
0	1.2	Xa_ktcov	fold	0.0040770497966507	0.8186606583904937	0.0	0.0	0.0	341
0	1.2	Xa_ktcov	superfamily	0.1689577771443056	0.903805362222476	0.0329343531734519	0.0367826832597924	0.045456775879259	341
0	1.2	sym_max	family	0.587575850666084	0.9541629584556264	0.1393106952340102	0.2283257955347582	0.3047247108325057	310
0	1.2	sym_max	fold	0.0045205766348584	0.818660658390527	0.0	0.0	0.0	310
0	1.2	sym_max	superfamily	0.1731948916027654	0.9038053622224796	0.029100393575073	0.0366660691031919	0.0429580070167163	310
0	1.2	sym_mean	family	0.6004642057783347	0.9541629584556268	0.1368039281501832	0.2480559680458173	0.3091801459394809	312
0	1.2	sym_mean	fold	0.0060969353003812	0.8186606583905569	0.0	0.0	0.0	312
0	1.2	sym_mean	superfamily	0.180410392098929	0.9038053622224876	0.030964773214782	0.0357420907123893	0.0433695653468873	312
0	1.2	sym_min	family	0.5999023193576645	0.9541629584556268	0.1328068383347328	0.2665130541009133	0.3120177918039403	293
0	1.2	sym_min	fold	0.005930022351262	0.8186606583905569	0.0	0.0	0.0	293
0	1.2	sym_min	superfamily	0.177106792721997	0.9038053622224946	0.0316910278775414	0.0357290165289332	0.0412966397112978	293
1	1.2	Xa	family	0.2182947010366213	0.961499179309888	0.0124809925223575	0.0327705873379694	0.0467246246236081	46
1	1.2	Xa	fold	0.0004061740141584	0.8306613757832058	0.0	0.0	0.0	46
1	1.2	Xa	superfamily	0.0370256470945756	0.9184131139049644	0.001914536921181	0.010011800056931	0.0107103690581604	46
1	1.2	Xa_cov70	family	0.724788122254139	0.9614991793098968	0.5023849388899531	0.6140566465373989	0.6491033736126932	1529
1	1.2	Xa_cov70	fold	0.0156779709235809	0.8306613757831992	6.039644399641966e-05	6.039644399641966e-05	8.389931134623634e-05	1529
1	1.2	Xa_cov70	superfamily	0.3351856840360479	0.9184131139050504	0.1054561567834604	0.1533015080592484	0.1856995866327014	1529
1	1.2	Xa_ktcov	family	0.5771391980175102	0.9614991793098896	0.1255420255998357	0.2290898418505167	0.2941654931364365	314
1	1.2	Xa_ktcov	fold	0.0030675371949283	0.8306613757831202	0.0	0.0	0.0	314
1	1.2	Xa_ktcov	superfamily	0.1576448089734544	0.9184131139049958	0.0311390711997549	0.0348744423650013	0.0447175237376164	314
1	1.2	sym_max	family	0.580705879410243	0.9614991793098896	0.141965471519519	0.2221533658685538	0.2973912496827984	255
1	1.2	sym_max	fold	0.003373647911747	0.8306613757831598	0.0	0.0	0.0	255
1	1.2	sym_max	superfamily	0.1602669238522012	0.9184131139049948	0.0277967268056811	0.0382574520231145	0.0418854444690076	255
1	1.2	sym_mean	family	0.5956080987174085	0.961499179309891	0.1419737816532037	0.2446264969532375	0.3030331371339081	257
1	1.2	sym_mean	fold	0.0044949648735929	0.8306613757831851	0.0	0.0	0.0	257
1	1.2	sym_mean	superfamily	0.1693740862536668	0.918413113905005	0.0297387754300277	0.0369826274637977	0.0421695019045265	257
1	1.2	sym_min	family	0.5964028919612129	0.9614991793098904	0.1387523379415872	0.2568313579792334	0.309279325626879	278
1	1.2	sym_min	fold	0.0043276866046143	0.8306613757831868	0.0	0.0	0.0	278
1	1.2	sym_min	superfamily	0.1689292289870869	0.9184131139050152	0.0301540553462113	0.0366347223126021	0.0410787603642952	278
2	1.2	Xa	family	0.1743384221123868	0.9536124700015848	0.0335561025347008	0.0335561025347008	0.0405252832299457	40
2	1.2	Xa	fold	0.0004310226788523	0.8704769921227468	0.0	0.0	0.0	40
2	1.2	Xa	superfamily	0.025541006344898	0.9271034943471502	0.000457351629776	0.0103804470427372	0.0103804470427372	40
2	1.2	Xa_cov70	family	0.6838192877944939	0.9536124700015922	0.411552468057577	0.5509821830116899	0.5953946503103011	1366
2	1.2	Xa_cov70	fold	0.0194880792125875	0.8704769921228133	6.327558108834e-05	6.327558108834e-05	8.789884514822376e-05	1366
2	1.2	Xa_cov70	superfamily	0.2897745166588015	0.9271034943471046	0.0727753039770242	0.1025715847503831	0.1441543476902974	1366
2	1.2	Xa_ktcov	family	0.512790405211272	0.9536124700015832	0.101391892691796	0.1579814301846925	0.2336266186584856	325
2	1.2	Xa_ktcov	fold	0.0036288515469654	0.870476992122724	0.0	0.0	0.0	325
2	1.2	Xa_ktcov	superfamily	0.1201703244056051	0.927103494347134	0.0237017365301507	0.0272125766392566	0.0276046756018149	325
2	1.2	sym_max	family	0.5211727737435372	0.9536124700015844	0.1146659497463717	0.1437330012574769	0.2211950879779368	357
2	1.2	sym_max	fold	0.0041787413266804	0.8704769921227223	0.0	0.0	0.0	357
2	1.2	sym_max	superfamily	0.1261103825819732	0.927103494347141	0.0245922198450075	0.0264684523869854	0.0271617790134106	357
2	1.2	sym_mean	family	0.531501730926907	0.9536124700015836	0.1133080337400027	0.1483703357730663	0.220192856092593	314
2	1.2	sym_mean	fold	0.0056896617231388	0.8704769921227491	0.0	0.0	0.0	314
2	1.2	sym_mean	superfamily	0.1301529379616338	0.9271034943471328	0.0248806050394711	0.025936564950047	0.0278731602026705	314
2	1.2	sym_min	family	0.5294295057096213	0.953612470001584	0.1104278785608081	0.1519846585841932	0.2275691062984933	288
2	1.2	sym_min	fold	0.0055133130598772	0.8704769921227551	0.0	0.0	0.0	288
2	1.2	sym_min	superfamily	0.1264970116007558	0.9271034943471264	0.0246255047373913	0.0260920710329724	0.0276251848574604	288
3	1.2	Xa	family	0.2159677495039328	0.9498506766053204	0.0267516991496058	0.031681533909677	0.038789940147898	27
3	1.2	Xa	fold	0.0004905986979146	0.8195665288484455	0.0	0.0	0.0	27
3	1.2	Xa	superfamily	0.0261916082082351	0.9028496086758148	0.0011346498242503	0.0012243281638717	0.0043742498472571	27
3	1.2	Xa_cov70	family	0.7204242949094732	0.9498506766053256	0.4528937139065578	0.5859094654318772	0.6299237145706977	2433
3	1.2	Xa_cov70	fold	0.0187036765534024	0.8195665288484579	0.0	0.0	0.0	2433
3	1.2	Xa_cov70	superfamily	0.3221815810560764	0.9028496086758704	0.0827651019738563	0.1145136084479387	0.1478161874769743	2433
3	1.2	Xa_ktcov	family	0.5683991645725307	0.9498506766053224	0.1141503705029247	0.1952795503512712	0.2759479179250919	279
3	1.2	Xa_ktcov	fold	0.0039427914676437	0.8195665288483818	0.0	0.0	0.0	279
3	1.2	Xa_ktcov	superfamily	0.1457219294057794	0.9028496086758344	0.0086598434844863	0.0270539185248497	0.0274359755029602	279
3	1.2	sym_max	family	0.5652402907297155	0.949850676605322	0.1278667912728465	0.1787269156545738	0.2827422950281448	243
3	1.2	sym_max	fold	0.0043337561607665	0.8195665288484171	0.0	0.0	0.0	243
3	1.2	sym_max	superfamily	0.1464557243705601	0.902849608675837	0.0060274885439543	0.0257802084601642	0.0261167915474404	243
3	1.2	sym_mean	family	0.5835088448176197	0.949850676605322	0.1270658136061507	0.1928299267293376	0.2856896017088892	250
3	1.2	sym_mean	fold	0.0060947027224956	0.8195665288484298	0.0	0.0	0.0	250
3	1.2	sym_mean	superfamily	0.1556504679589154	0.9028496086758468	0.0069006327801429	0.0257613532236804	0.0279465887575534	250
3	1.2	sym_min	family	0.5866930224691271	0.949850676605322	0.1225138683047335	0.20947700034242	0.3009248904607675	234
3	1.2	sym_min	fold	0.0059730495577959	0.8195665288484316	0.0	0.0	0.0	234
3	1.2	sym_min	superfamily	0.1540738113900852	0.9028496086758564	0.0076244547622133	0.0263269799631547	0.0275994458643325	234
4	1.2	Xa	family	0.2027997300657598	0.95463546973875	0.0309134245816225	0.0345662082931941	0.0393515415532707	41
4	1.2	Xa	fold	0.0004656501594306	0.8273859860138056	0.0	0.0	0.0	41
4	1.2	Xa	superfamily	0.0341979686162938	0.9096331114719686	0.0019092902588454	0.0104303538801308	0.0104303538801308	41
4	1.2	Xa_cov70	family	0.7148207278653819	0.9546354697387603	0.4821498377607637	0.5886048125796652	0.6365662091591581	1751
4	1.2	Xa_cov70	fold	0.0217363099767014	0.8273859860139073	5.5995552583449486e-05	5.5995552583449486e-05	7.778584283011557e-05	1751
4	1.2	Xa_cov70	superfamily	0.3190280074626662	0.9096331114720472	0.0858584205786528	0.1258887126102948	0.1577582848623597	1751
4	1.2	Xa_ktcov	family	0.5571329134237051	0.9546354697387536	0.1275652027238762	0.1985391455934217	0.2706500377870745	365
4	1.2	Xa_ktcov	fold	0.0039080907770533	0.8273859860137524	0.0	0.0	0.0	365
4	1.2	Xa_ktcov	superfamily	0.1462211510448762	0.9096331114719968	0.0331419425910147	0.0381222636527556	0.0407061831958617	365
4	1.2	sym_max	family	0.5568050051012438	0.9546354697387524	0.135212619884116	0.1904724903414766	0.2712524341345514	335
4	1.2	sym_max	fold	0.004295407193721	0.8273859860137931	0.0	0.0	0.0	335
4	1.2	sym_max	superfamily	0.1472108440584832	0.9096331114719972	0.0324580558088773	0.0369914700396923	0.0405895650397435	335
4	1.2	sym_mean	family	0.5739035291469964	0.9546354697387552	0.1363351361393636	0.195156925989148	0.2814514135485227	343
4	1.2	sym_mean	fold	0.0059273877450375	0.827385986013805	0.0	0.0	0.0	343
4	1.2	sym_mean	superfamily	0.1564422075515399	0.9096331114720102	0.0326548470873293	0.0362194082773061	0.038634779389272	343
4	1.2	sym_min	family	0.5762600633849214	0.9546354697387562	0.1315131428274038	0.2019939666673522	0.2827952168751997	331
4	1.2	sym_min	fold	0.0057743074541266	0.827385986013806	0.0	0.0	0.0	331
4	1.2	sym_min	superfamily	0.1552880147759049	0.9096331114720192	0.0338804614554939	0.0365451493747224	0.0389614503535812	331
0	1.3	Xa	family	0.1156470684949741	0.9541629584556228	0.0011939469665417	0.0134644725752597	0.0171632681107899	3
0	1.3	Xa	fold	0.0004055028139252	0.8186606583905425	0.0	0.0	0.0	3
0	1.3	Xa	superfamily	0.0161234201010252	0.90380536222245	0.0	0.0	0.0	3
0	1.3	Xa_cov70	family	0.7151809714561702	0.954162958455632	0.42814562669103	0.5811387353290711	0.6307378605751767	1312
0	1.3	Xa_cov70	fold	0.0209883672705718	0.8186606583906432	5.675739683628554e-05	5.675739683628554e-05	5.675739683628554e-05	1312
0	1.3	Xa_cov70	superfamily	0.3334815171237025	0.9038053622225118	0.0763299351553086	0.1188521773889959	0.1671165725895146	1312
0	1.3	Xa_ktcov	family	0.4872829270234976	0.9541629584556262	0.0579937474094119	0.0877708183682204	0.1488873380717656	84
0	1.3	Xa_ktcov	fold	0.0034011878122273	0.8186606583904895	0.0	0.0	0.0	84
0	1.3	Xa_ktcov	superfamily	0.1226036974278118	0.9038053622224724	0.0032067666796525	0.0190896634950246	0.019972783182809	84
0	1.3	sym_max	family	0.4907841369598781	0.9541629584556248	0.0553071501587763	0.0899353429770695	0.1524089499291044	73
0	1.3	sym_max	fold	0.0038966278354593	0.818660658390525	0.0	0.0	0.0	73
0	1.3	sym_max	superfamily	0.1272089474317419	0.9038053622224768	0.0025455759150231	0.0195413819498908	0.0215999377985341	73
0	1.3	sym_mean	family	0.5075231424594743	0.9541629584556268	0.0544727986108171	0.0900573669429009	0.1658563738319384	82
0	1.3	sym_mean	fold	0.0053637413961249	0.8186606583905535	0.0	0.0	0.0	82
0	1.3	sym_mean	superfamily	0.1335053284725216	0.9038053622224868	0.0030314845641971	0.0183120336726726	0.0232643883654028	82
0	1.3	sym_min	family	0.508152060559969	0.9541629584556276	0.0551331068665555	0.0958758906173883	0.1664121434486101	75
0	1.3	sym_min	fold	0.005095797185542	0.8186606583905528	0.0	0.0	0.0	75
0	1.3	sym_min	superfamily	0.1303484932103628	0.9038053622224932	0.0028828275802032	0.0178378986864084	0.0257938207839534	75
1	1.3	Xa	family	0.0978234045594355	0.9614991793098882	0.0012704978578815	0.011118161971316	0.0129537359113367	3
1	1.3	Xa	fold	0.0003390310053079	0.8306613757831833	0.0	0.0	0.0	3
1	1.3	Xa	superfamily	0.0146924534985732	0.9184131139049598	0.0	0.0	0.0	3
1	1.3	Xa_cov70	family	0.7124695432657986	0.9614991793098971	0.4515860332377668	0.5928797001274924	0.6237712374492155	1138
1	1.3	Xa_cov70	fold	0.0145375348211992	0.8306613757832003	6.039644399641966e-05	6.039644399641966e-05	6.039644399641966e-05	1138
1	1.3	Xa_cov70	superfamily	0.3201995924565631	0.918413113905052	0.090079320429731	0.1221687561661164	0.1628710951817925	1138
1	1.3	Xa_ktcov	family	0.472593424020273	0.9614991793098888	0.0471223272718959	0.0791491142239374	0.1197458104063032	71
1	1.3	Xa_ktcov	fold	0.0025539012671474	0.8306613757831048	0.0	0.0	0.0	71
1	1.3	Xa_ktcov	superfamily	0.1121217683881056	0.9184131139049968	0.0032646460789427	0.0199813819929388	0.0237273538022699	71
1	1.3	sym_max	family	0.4759410230890591	0.9614991793098888	0.0404922992429939	0.0739962582027826	0.1301571678817873	62
1	1.3	sym_max	fold	0.0028774973978836	0.8306613757831507	0.0	0.0	0.0	62
1	1.3	sym_max	superfamily	0.1150063670660251	0.9184131139049933	0.0025752286366814	0.0154942018473541	0.0237413070244394	62
1	1.3	sym_mean	family	0.4952601699727272	0.9614991793098896	0.0431872942957966	0.0718273367272287	0.1451991676485625	65
1	1.3	sym_mean	fold	0.0039152065964653	0.830661375783175	0.0	0.0	0.0	65
1	1.3	sym_mean	superfamily	0.1231791295758246	0.9184131139050076	0.0030922917183774	0.0174059728037817	0.0248752851733012	65
1	1.3	sym_min	family	0.4987840085786102	0.9614991793098902	0.0492421379722324	0.0749391255674911	0.1434719876122838	61
1	1.3	sym_min	fold	0.0036910563558625	0.8306613757831768	0.0	0.0	0.0	61
1	1.3	sym_min	superfamily	0.1225130354399166	0.9184131139050188	0.002919937357812	0.0237182265782902	0.0249347969487031	61
2	1.3	Xa	family	0.0794695110316472	0.9536124700015856	0.002476396842594	0.0128275089542695	0.0128275089542695	3
2	1.3	Xa	fold	0.0003577561611585	0.8704769921227228	0.0	0.0	0.0	3
2	1.3	Xa	superfamily	0.0093214417647994	0.9271034943471504	0.0	0.0	0.000240760804141	3
2	1.3	Xa_cov70	family	0.6726183648151619	0.9536124700015928	0.3782945134934635	0.5197460869204581	0.5787580307781025	1024
2	1.3	Xa_cov70	fold	0.0184652786855767	0.8704769921228147	6.327558108834e-05	6.327558108834e-05	6.327558108834e-05	1024
2	1.3	Xa_cov70	superfamily	0.2791879848782082	0.9271034943471042	0.0613125635825571	0.0896556643030572	0.1334920845646425	1024
2	1.3	Xa_ktcov	family	0.4064951338689591	0.953612470001584	0.0486432176633268	0.0558658131884117	0.0747754996450101	82
2	1.3	Xa_ktcov	fold	0.0030246379342332	0.870476992122709	0.0	0.0	0.0	82
2	1.3	Xa_ktcov	superfamily	0.0831086305496783	0.9271034943471284	0.0127673133621276	0.013652446536372	0.0142933084884499	82
2	1.3	sym_max	family	0.4155077651580833	0.953612470001585	0.0483538842507961	0.0586549160595273	0.0735739496103366	98
2	1.3	sym_max	fold	0.0035942894081067	0.8704769921227123	0.0	0.0	0.0	98
2	1.3	sym_max	superfamily	0.0885971667036262	0.9271034943471405	0.0129146997120995	0.0131340152062499	0.0143318113682168	98
2	1.3	sym_mean	family	0.4287134460625271	0.9536124700015852	0.0486497213892092	0.0680920491300202	0.0751230379782088	87
2	1.3	sym_mean	fold	0.0050089711419101	0.8704769921227384	0.0	0.0	0.0	87
2	1.3	sym_mean	superfamily	0.0923713293738678	0.927103494347129	0.0118910448044887	0.0136316601807871	0.0138337272842627	87
2	1.3	sym_min	family	0.4288314841937737	0.9536124700015854	0.0467246786617633	0.0645655323673025	0.0763984264502946	72
2	1.3	sym_min	fold	0.0047456026800974	0.8704769921227445	0.0	0.0	0.0	72
2	1.3	sym_min	superfamily	0.0891920061360424	0.9271034943471246	0.0112456353701353	0.0127119746451959	0.0153434971580629	72
3	1.3	Xa	family	0.1008501348614463	0.9498506766053212	0.0009242144177449	0.0082531814047525	0.0082531814047525	1
3	1.3	Xa	fold	0.0004090215270609	0.8195665288484274	0.0	0.0	0.0	1
3	1.3	Xa	superfamily	0.0092327830100316	0.9028496086758074	0.0	0.0	0.0	1
3	1.3	Xa_cov70	family	0.708178120091824	0.9498506766053268	0.4090301419038102	0.5525745805179203	0.6104531805981658	1941
3	1.3	Xa_cov70	fold	0.0176740624947794	0.81956652884846	0.0	0.0	0.0	1941
3	1.3	Xa_cov70	superfamily	0.3076435271747246	0.9028496086758704	0.0618299841980754	0.0970743786265335	0.1204973745804544	1941
3	1.3	Xa_ktcov	family	0.4741358795618367	0.949850676605322	0.0493680394491578	0.0582699303496624	0.1186797579571359	52
3	1.3	Xa_ktcov	fold	0.0033327948839095	0.8195665288483651	0.0	0.0	0.0	52
3	1.3	Xa_ktcov	superfamily	0.1030610552902377	0.9028496086758312	0.0017827152439208	0.0117758129616847	0.0119001855470113	52
3	1.3	sym_max	family	0.4700533064926017	0.9498506766053214	0.0441508560560818	0.0560162179526968	0.1198435009226672	39
3	1.3	sym_max	fold	0.0037871638041817	0.8195665288484021	0.0	0.0	0.0	39
3	1.3	sym_max	superfamily	0.1042290509142442	0.9028496086758352	0.001230929695427	0.0074326718260928	0.0127232408180694	39
3	1.3	sym_mean	family	0.4928364587474728	0.9498506766053224	0.0457234974716067	0.0740440775441524	0.1272632665657312	45
3	1.3	sym_mean	fold	0.0054532557863912	0.8195665288484193	0.0	0.0	0.0	45
3	1.3	sym_mean	superfamily	0.1130635175739313	0.9028496086758494	0.0016930369042994	0.0108197579688996	0.0116693272387304	45
3	1.3	sym_min	family	0.4989539407256062	0.9498506766053232	0.0469498828464988	0.0748773313233396	0.1413679889802212	48
3	1.3	sym_min	fold	0.005224281460645	0.8195665288484193	0.0	0.0	0.0	48
3	1.3	sym_min	superfamily	0.1116789980738466	0.9028496086758568	0.0017827152439208	0.0111615808615543	0.0136692118659276	48
4	1.3	Xa	family	0.0926904531261965	0.9546354697387502	0.0002191480619093	0.009629751839723	0.009629751839723	2
4	1.3	Xa	fold	0.000390159158615	0.8273859860137851	0.0	0.0	0.0	2
4	1.3	Xa	superfamily	0.0132022008506209	0.909633111471964	0.0	0.0	0.0	2
4	1.3	Xa_cov70	family	0.7027025323563093	0.9546354697387606	0.4143816421395913	0.5511539550106196	0.6114715421103721	1327
4	1.3	Xa_cov70	fold	0.0199918593112303	0.8273859860139093	5.5995552583449486e-05	5.5995552583449486e-05	5.5995552583449486e-05	1327
4	1.3	Xa_cov70	superfamily	0.3033945969437089	0.9096331114720474	0.0677553733542167	0.0969605729373063	0.1404921245217767	1327
4	1.3	Xa_ktcov	family	0.4574277290279951	0.9546354697387536	0.0524168906371768	0.061810151958833	0.1017603215137154	93
4	1.3	Xa_ktcov	fold	0.0032351408787948	0.8273859860137398	0.0	0.0	0.0	93
4	1.3	Xa_ktcov	superfamily	0.1059498154903273	0.909633111471996	0.0036071248583467	0.0192106518850879	0.020234439544389	93
4	1.3	sym_max	family	0.4565862236233721	0.954635469738751	0.0497166041872175	0.0609511823073244	0.1006609152191841	76
4	1.3	sym_max	fold	0.0036667800623673	0.8273859860137868	0.0	0.0	0.0	76
4	1.3	sym_max	superfamily	0.1073321949430467	0.9096331114719984	0.0025553204830156	0.0164855079207301	0.0225145919036207	76
4	1.3	sym_mean	family	0.4777786798784269	0.9546354697387538	0.0494843842816492	0.0789213533025567	0.1326228557628629	87
4	1.3	sym_mean	fold	0.0051445070241021	0.8273859860137952	0.0	0.0	0.0	87
4	1.3	sym_mean	superfamily	0.115563753598508	0.9096331114720112	0.0032076362038245	0.020810593579203	0.0236327243360777	87
4	1.3	sym_min	family	0.4829668873858098	0.9546354697387572	0.0509629363145615	0.0831743049761042	0.1449224474608857	83
4	1.3	sym_min	fold	0.0048939226199143	0.8273859860137935	0.0	0.0	0.0	83
4	1.3	sym_min	superfamily	0.1143826518794256	0.909633111472022	0.0030744733189838	0.0198065677070084	0.0251935232575592	83
0	1.4	Xa	family	0.044940962710664	0.9541629584556228	0.0	0.0	0.0009718172983479	0
0	1.4	Xa	fold	0.0003480871522901	0.8186606583905388	0.0	0.0	0.0	0
0	1.4	Xa	superfamily	0.0056097350999824	0.9038053622224432	0.0	0.0	0.0	0
0	1.4	Xa_cov70	family	0.7034993420133946	0.954162958455632	0.3712649695068773	0.5444550043044669	0.6141279947614475	1036
0	1.4	Xa_cov70	fold	0.0196974856645042	0.8186606583906441	8.166531918890005e-06	8.166531918890005e-06	6.698705260836881e-05	1036
0	1.4	Xa_cov70	superfamily	0.3201671947774976	0.9038053622225126	0.0634557765055032	0.1031100760193164	0.1302214566508934	1036
0	1.4	Xa_ktcov	family	0.3768251349233648	0.9541629584556264	0.002221296681938	0.0247117547508313	0.0411717417455219	10
0	1.4	Xa_ktcov	fold	0.0028767913966604	0.8186606583904847	0.0	0.0	0.0	10
0	1.4	Xa_ktcov	superfamily	0.08414717738739	0.9038053622224708	0.0002969441744951	0.0002969441744951	0.0076013467965095	10
0	1.4	sym_max	family	0.381006068697124	0.9541629584556244	0.0012217131750659	0.0259960316281207	0.0337609880811238	4
0	1.4	sym_max	fold	0.0034038536801935	0.8186606583905216	0.0	0.0	0.0	4
0	1.4	sym_max	superfamily	0.0880959760751129	0.9038053622224748	0.0	0.0	0.0077037881227381	4
0	1.4	sym_mean	family	0.4001327773634791	0.9541629584556262	0.0012494793835901	0.024976628120661	0.0422153846934527	6
0	1.4	sym_mean	fold	0.0047631613720676	0.8186606583905498	0.0	0.0	0.0	6
0	1.4	sym_mean	superfamily	0.0945578430580972	0.9038053622224892	2.6994924954108625e-05	2.6994924954108625e-05	0.0066640978702199	6
0	1.4	sym_min	family	0.4022903076157278	0.9541629584556288	0.0002776620852422	0.0369419600223508	0.043304647444523	6
0	1.4	sym_min	fold	0.0044341127293591	0.8186606583905524	0.0	0.0	0.0	6
0	1.4	sym_min	superfamily	0.0922062523679449	0.903805362222497	0.0001079796998164	0.0001079796998164	0.0062938817565635	6
1	1.4	Xa	family	0.0360563024816064	0.9614991793098878	0.0	0.0	0.0010341261633919	0
1	1.4	Xa	fold	0.0002934840529145	0.830661375783161	0.0	0.0	0.0	0
1	1.4	Xa	superfamily	0.0048752056974485	0.9184131139049516	0.0	0.0	0.0	0
1	1.4	Xa_cov70	family	0.6978115919902156	0.9614991793098993	0.3900947789691752	0.5472762666170795	0.606872088711167	880
1	1.4	Xa_cov70	fold	0.0133391579609424	0.8306613757832003	8.690135826822972e-06	8.690135826822972e-06	8.690135826822972e-06	880
1	1.4	Xa_cov70	superfamily	0.3045501213228031	0.9184131139050532	0.0683196175157851	0.1021015163449287	0.149620942682372	880
1	1.4	Xa_ktcov	family	0.3540674139378013	0.9614991793098904	0.0023637169448958	0.0199506929789548	0.0325260440512851	10
1	1.4	Xa_ktcov	fold	0.0021602474818029	0.8306613757830926	0.0	0.0	0.0	10
1	1.4	Xa_ktcov	superfamily	0.0752961570756467	0.9184131139049994	0.0003159829943697	0.0003159829943697	0.0064879009970527	10
1	1.4	sym_max	family	0.3569141756667169	0.9614991793098894	0.0013000443196927	0.0150464087816864	0.0339220872422587	5
1	1.4	sym_max	fold	0.0024906484113117	0.8306613757831427	0.0	0.0	0.0	5
1	1.4	sym_max	superfamily	0.0779653649044411	0.9184131139049944	2.872572676088705e-05	2.872572676088705e-05	0.0049881896845959	5
1	1.4	sym_mean	family	0.3793778170224023	0.9614991793098896	0.0013295907815039	0.0165223717636636	0.0352709058092779	6
1	1.4	sym_mean	fold	0.0034505249517158	0.8306613757831659	0.0	0.0	0.0	6
1	1.4	sym_mean	superfamily	0.0855557960836296	0.9184131139050088	2.872572676088705e-05	2.872572676088705e-05	0.0065371451000713	6
1	1.4	sym_min	family	0.3854956526054385	0.9614991793098916	0.0002954646181119	0.0272258176521636	0.0375702545408914	6
1	1.4	sym_min	fold	0.00319297525967	0.8306613757831702	0.0	0.0	0.0	6
1	1.4	sym_min	superfamily	0.085085072158456	0.9184131139050228	0.0001149029070435	0.0001149029070435	0.0062398010606641	6
2	1.4	Xa	family	0.0282414396432937	0.9536124700015872	0.0	0.0010834236186348	0.0013310633028942	0
2	1.4	Xa	fold	0.0003082093568464	0.8704769921226995	0.0	0.0	0.0	0
2	1.4	Xa	superfamily	0.0030544337885382	0.9271034943471518	0.0	0.0	0.0	0
2	1.4	Xa_cov70	family	0.6593437573987532	0.9536124700015932	0.2935314803320921	0.4895388607536973	0.5604307949152616	803
2	1.4	Xa_cov70	fold	0.0174416065317968	0.870476992122817	9.104400156595682e-06	9.104400156595682e-06	7.468004023186512e-05	803
2	1.4	Xa_cov70	superfamily	0.2680030939623908	0.927103494347104	0.0491655458908955	0.0723302294426249	0.1203616594373088	803
2	1.4	Xa_ktcov	family	0.2963249096462114	0.9536124700015854	0.0244944665452156	0.0244944665452156	0.0253626124837841	10
2	1.4	Xa_ktcov	fold	0.0025569156355856	0.8704769921226939	0.0	0.0	0.0	10
2	1.4	Xa_ktcov	superfamily	0.0552479157117183	0.9271034943471254	0.000240760804141	0.0067151802494946	0.0067151802494946	10
2	1.4	sym_max	family	0.3055745649899642	0.9536124700015868	0.0229849707121899	0.0255432123504185	0.0286015390002944	16
2	1.4	sym_max	fold	0.0031373911803982	0.8704769921227031	0.0	0.0	0.0	16
2	1.4	sym_max	superfamily	0.0597381585888363	0.9271034943471378	0.0003791982665222	0.0038128948367566	0.0038128948367566	16
2	1.4	sym_mean	family	0.3206599602799304	0.9536124700015858	0.023319897765013	0.0247025526687947	0.030458233274449	10
2	1.4	sym_mean	fold	0.0044508425135074	0.8704769921227271	0.0	0.0	0.0	10
2	1.4	sym_mean	superfamily	0.0637133157653646	0.9271034943471268	0.0001986276634163	0.0055208942575674	0.0055208942575674	10
2	1.4	sym_min	family	0.322008963655381	0.9536124700015862	0.0231831800226615	0.0251700038404712	0.0332084366992261	5
2	1.4	sym_min	fold	0.0041323542496829	0.8704769921227339	0.0	0.0	0.0	5
2	1.4	sym_min	superfamily	0.0610754276869064	0.927103494347125	3.0095100517635728e-05	0.0051997878180994	0.0051997878180994	5
3	1.4	Xa	family	0.0370942873007994	0.949850676605322	0.0	0.0	0.0009242144177449	0
3	1.4	Xa	fold	0.0003532354421249	0.8195665288484076	0.0	0.0	0.0	0
3	1.4	Xa	superfamily	0.0036449814429181	0.9028496086757992	0.0	0.0	0.0	0
3	1.4	Xa_cov70	family	0.6936887650679607	0.949850676605327	0.3294166444849756	0.5232683119772119	0.5899410873087441	1518
3	1.4	Xa_cov70	fold	0.0166540284854621	0.8195665288484619	9.728572818367543e-06	9.728572818367543e-06	9.728572818367543e-06	1518
3	1.4	Xa_cov70	superfamily	0.2921257379654463	0.9028496086758696	0.0487508466961343	0.0754832230109737	0.0987616482223094	1518
3	1.4	Xa_ktcov	family	0.3675882199440993	0.9498506766053236	0.0009242144177449	0.0205661701938446	0.0213950489802095	2
3	1.4	Xa_ktcov	fold	0.0028411132666082	0.8195665288483543	0.0	0.0	0.0	2
3	1.4	Xa_ktcov	superfamily	0.0681700536106105	0.9028496086758308	7.701786814540973e-05	7.701786814540973e-05	0.0028161550019447	2
3	1.4	sym_max	family	0.3627106856833029	0.9498506766053214	0.0009242144177449	0.0163150865977372	0.0228444551611427	1
3	1.4	sym_max	fold	0.0033428911018583	0.8195665288483909	0.0	0.0	0.0	1
3	1.4	sym_max	superfamily	0.0697312534190661	0.9028496086758336	0.0	0.0	0.0011002552592201	1
3	1.4	sym_mean	family	0.3896679948206549	0.9498506766053236	0.0009242144177449	0.0179448160937474	0.0258803712528035	1
3	1.4	sym_mean	fold	0.0049076969516489	0.8195665288484092	0.0	0.0	0.0	1
3	1.4	sym_mean	superfamily	0.078129955944615	0.9028496086758516	0.0	0.0	0.0011179919042422	1
3	1.4	sym_min	family	0.3975781820030026	0.9498506766053242	0.0	0.0181671676793153	0.0313410862088488	1
3	1.4	sym_min	fold	0.0046058065735735	0.8195665288484085	0.0	0.0	0.0	1
3	1.4	sym_min	superfamily	0.0770206420824221	0.902849608675858	7.701786814540973e-05	7.701786814540973e-05	0.0011950097723876	1
4	1.4	Xa	family	0.0331094385664658	0.9546354697387504	0.0	0.0	0.0	0
4	1.4	Xa	fold	0.0003384972339864	0.8273859860137646	0.0	0.0	0.0	0
4	1.4	Xa	superfamily	0.0044899471964245	0.9096331114719564	0.0	0.0	0.0	0
4	1.4	Xa_cov70	family	0.6882034461662827	0.9546354697387616	0.3358143716784333	0.5260819927237325	0.589464422060455	1038
4	1.4	Xa_cov70	fold	0.0183842700381741	0.8273859860139091	8.056914040784098e-06	8.056914040784098e-06	6.60878975398001e-05	1038
4	1.4	Xa_cov70	superfamily	0.2871221519860243	0.9096331114720468	0.055991343656644	0.0783247948853354	0.113273246942704	1038
4	1.4	Xa_ktcov	family	0.346252512172359	0.9546354697387543	0.0012601013559786	0.0242939327194758	0.0246786869872598	10
4	1.4	Xa_ktcov	fold	0.0027185167613998	0.8273859860137295	0.0	0.0	0.0	10
4	1.4	Xa_ktcov	superfamily	0.072024975008027	0.909633111471998	0.0002929583466496	0.0075855682971428	0.0076209969545774	10
4	1.4	sym_max	family	0.3449879675857719	0.9546354697387516	0.0002739350773866	0.0232016013636831	0.0294477773126395	6
4	1.4	sym_max	fold	0.0031723620807143	0.8273859860137731	0.0	0.0	0.0	6
4	1.4	sym_max	superfamily	0.0736199265933935	0.9096331114719972	0.000186428038777	0.000186428038777	0.006354845870689	6
4	1.4	sym_mean	family	0.3691541139846857	0.9546354697387543	0.0002739350773866	0.0229120207431247	0.0328633140972534	5
4	1.4	sym_mean	fold	0.0045127883466084	0.827385986013787	0.0	0.0	0.0	5
4	1.4	sym_mean	superfamily	0.0813469432678329	0.9096331114720148	2.663257696814744e-05	0.0060852861452328	0.0075822422003645	5
4	1.4	sym_min	family	0.3763411333621422	0.9546354697387582	0.0002739350773866	0.0226776335001085	0.0358376382856867	6
4	1.4	sym_min	fold	0.0042106117517505	0.8273859860137849	0.0	0.0	0.0	6
4	1.4	sym_min	superfamily	0.0802580752805715	0.9096331114720274	0.0001065303078725	0.0057497156754342	0.0063239146998466	6
0	1.5	Xa	family	0.0170811562295625	0.9541629584556228	0.0	0.0	0.0	0
0	1.5	Xa	fold	0.0003076235330706	0.8186606583905337	0.0	0.0	0.0	0
0	1.5	Xa	superfamily	0.0025295607961506	0.903805362222438	0.0	0.0	0.0	0
0	1.5	Xa_cov70	family	0.6893638037093957	0.954162958455632	0.2993243229988161	0.5043761048678268	0.5900399181711852	831
0	1.5	Xa_cov70	fold	0.0184696364324134	0.8186606583906448	8.166531918890005e-06	8.166531918890005e-06	6.698705260836881e-05	831
0	1.5	Xa_cov70	superfamily	0.3058722718915622	0.9038053622225118	0.0508019268063632	0.0804630175000049	0.1163454793241864	831
0	1.5	Xa_ktcov	family	0.2719330292890322	0.9541629584556276	0.0	0.0	0.0069292466522787	0
0	1.5	Xa_ktcov	fold	0.0024630010543152	0.8186606583904784	0.0	0.0	0.0	0
0	1.5	Xa_ktcov	superfamily	0.0548945296331174	0.9038053622224722	0.0	0.0	0.0	0
0	1.5	sym_max	family	0.277181917898225	0.9541629584556244	0.0009718172983479	0.0009718172983479	0.0069894067707478	1
0	1.5	sym_max	fold	0.0030082725995437	0.8186606583905145	0.0	0.0	0.0	1
0	1.5	sym_max	superfamily	0.0590806745117007	0.9038053622224724	0.0	0.0	0.0	1
0	1.5	sym_mean	family	0.2973441808857361	0.9541629584556264	0.0	0.0	0.0084077972561937	0
0	1.5	sym_mean	fold	0.0042471024471158	0.8186606583905464	0.0	0.0	0.0	0
0	1.5	sym_mean	superfamily	0.0650029812345246	0.9038053622224896	0.0	0.0	0.0	0
0	1.5	sym_min	family	0.3005699338775185	0.9541629584556296	0.0	0.0	0.0063322731690078	0
0	1.5	sym_min	fold	0.0038887415928628	0.8186606583905477	0.0	0.0	0.0	0
0	1.5	sym_min	superfamily	0.0625379529450845	0.9038053622224982	0.0	0.0	0.0	0
1	1.5	Xa	family	0.0132077485938117	0.961499179309888	0.0	0.0	0.0	0
1	1.5	Xa	fold	0.0002611792373937	0.830661375783136	0.0	0.0	0.0	0
1	1.5	Xa	superfamily	0.0020874876584478	0.9184131139049452	0.0	0.0	0.0	0
1	1.5	Xa_cov70	family	0.6805344022225578	0.9614991793099016	0.3132000392453378	0.5173616401059815	0.5802294989337822	703
1	1.5	Xa_cov70	fold	0.0123296774306671	0.8306613757832008	8.690135826822972e-06	8.690135826822972e-06	8.690135826822972e-06	703
1	1.5	Xa_cov70	superfamily	0.2882694476993374	0.9184131139050542	0.0541564108299308	0.0767941678125428	0.1260086180193466	703
1	1.5	Xa_ktcov	family	0.2461556089763491	0.9614991793098916	0.0	0.0	0.0067382720691924	0
1	1.5	Xa_ktcov	fold	0.0018563640738928	0.8306613757830857	0.0	0.0	0.0	0
1	1.5	Xa_ktcov	superfamily	0.0479870792364582	0.9184131139049996	0.0	0.0	0.0	0
1	1.5	sym_max	family	0.2505483013133667	0.9614991793098892	0.0010341261633919	0.0010341261633919	0.006097651056286	1
1	1.5	sym_max	fold	0.0021899029168298	0.830661375783136	0.0	0.0	0.0	1
1	1.5	sym_max	superfamily	0.0513107214302938	0.9184131139049968	0.0	0.0	0.0	1
1	1.5	sym_mean	family	0.2730580408851472	0.9614991793098896	0.0	0.0	0.0061916625256852	0
1	1.5	sym_mean	fold	0.0030628305251788	0.8306613757831609	0.0	0.0	0.0	0
1	1.5	sym_mean	superfamily	0.0577060484459788	0.9184131139050123	0.0	0.0	0.0	0
1	1.5	sym_min	family	0.2794612637204693	0.9614991793098928	0.0	0.0	0.0057390644515773	0
1	1.5	sym_min	fold	0.002796505690337	0.8306613757831667	0.0	0.0	0.0	0
1	1.5	sym_min	superfamily	0.0566463041591905	0.9184131139050268	0.0	0.0	0.0	0
2	1.5	Xa	family	0.0106622491115838	0.95361247000159	0.0	0.0	0.0010834236186348	0
2	1.5	Xa	fold	0.0002732774561811	0.8704769921226784	0.0	0.0	0.0	0
2	1.5	Xa	superfamily	0.0015187373490205	0.9271034943471524	0.0	0.0	0.0	0
2	1.5	Xa_cov70	family	0.6438510451226884	0.9536124700015944	0.1753174253599047	0.4569023154468491	0.5432988647206891	649
2	1.5	Xa_cov70	fold	0.0164900440138588	0.8704769921228189	9.104400156595682e-06	9.104400156595682e-06	7.468004023186512e-05	649
2	1.5	Xa_cov70	superfamily	0.2560056556831555	0.927103494347104	0.0367244408894131	0.0550398435624414	0.0896092484199919	649
2	1.5	Xa_ktcov	family	0.2028455549655788	0.9536124700015868	0.0	0.0053668162823092	0.0065611618428519	0
2	1.5	Xa_ktcov	fold	0.0021913011315135	0.8704769921226849	0.0	0.0	0.0	0
2	1.5	Xa_ktcov	superfamily	0.0349002660287927	0.927103494347122	0.0	0.0	0.0002106657036234	0
2	1.5	sym_max	family	0.2128110341839161	0.9536124700015886	0.002476396842594	0.0054416241035959	0.0074175824175824	1
2	1.5	sym_max	fold	0.0027796299306143	0.8704769921226886	0.0	0.0	0.0	1
2	1.5	sym_max	superfamily	0.0392660336329811	0.9271034943471336	0.0	0.0	0.0010620825146533	1
2	1.5	sym_mean	family	0.2276510023526081	0.9536124700015862	0.0	0.0071080328122581	0.0077116545426404	0
2	1.5	sym_mean	fold	0.003972592212239	0.870476992122722	0.0	0.0	0.0	0
2	1.5	sym_mean	superfamily	0.0427634535287562	0.9271034943471248	0.0	0.0	0.0	0
2	1.5	sym_min	family	0.2294144959704143	0.9536124700015872	0.0	0.0053358613217768	0.0053358613217768	0
2	1.5	sym_min	fold	0.0036330541186017	0.8704769921227231	0.0	0.0	0.0	0
2	1.5	sym_min	superfamily	0.0404968589065932	0.927103494347122	0.0	0.0	0.0	0
3	1.5	Xa	family	0.014570924183058	0.9498506766053232	0.0	0.0	0.0	0
3	1.5	Xa	fold	0.0003135613649663	0.8195665288483883	0.0	0.0	0.0	0
3	1.5	Xa	superfamily	0.0018960420664609	0.9028496086757924	0.0	0.0	0.0	0
3	1.5	Xa_cov70	family	0.6766465850779634	0.9498506766053282	0.2549502041227988	0.4830339708961059	0.56643263263263	1221
3	1.5	Xa_cov70	fold	0.0156802466351594	0.8195665288484631	9.728572818367543e-06	9.728572818367543e-06	9.728572818367543e-06	1221
3	1.5	Xa_cov70	superfamily	0.2759038971612503	0.9028496086758688	0.0374494594221092	0.0556242557300947	0.090146762564359	1221
3	1.5	Xa_ktcov	family	0.2662144745926395	0.9498506766053252	0.0	0.0	0.0048107160861319	0
3	1.5	Xa_ktcov	fold	0.0024446020698851	0.819566528848342	0.0	0.0	0.0	0
3	1.5	Xa_ktcov	superfamily	0.0456499532137729	0.9028496086758312	0.0	0.0	0.0	0
3	1.5	sym_max	family	0.263364974265727	0.9498506766053232	0.0009242144177449	0.0009242144177449	0.0018484288354898	1
3	1.5	sym_max	fold	0.0029808402160642	0.8195665288483794	0.0	0.0	0.0	1
3	1.5	sym_max	superfamily	0.048334799356919	0.9028496086758327	0.0	0.0	0.0	1
3	1.5	sym_mean	family	0.2912128754171693	0.9498506766053242	0.0	0.0	0.0053190340158916	0
3	1.5	sym_mean	fold	0.0044226326400909	0.8195665288484021	0.0	0.0	0.0	0
3	1.5	sym_mean	superfamily	0.05573839646881	0.902849608675854	0.0	0.0	0.0	0
3	1.5	sym_min	family	0.3002112870312736	0.9498506766053254	0.0	0.0	0.0054030535084139	0
3	1.5	sym_min	fold	0.0040766129370316	0.8195665288484024	0.0	0.0	0.0	0
3	1.5	sym_min	superfamily	0.0538129357695514	0.9028496086758592	0.0	0.0	0.0	0
4	1.5	Xa	family	0.0129241245907773	0.9546354697387496	0.0	0.0	0.0	0
4	1.5	Xa	fold	0.0003015859224991	0.8273859860137422	0.0	0.0	0.0	0
4	1.5	Xa	superfamily	0.0020868230194911	0.9096331114719504	0.0	0.0	0.0	0
4	1.5	Xa_cov70	family	0.6712645054301974	0.9546354697387625	0.2564735946718438	0.4921962480986762	0.5678394288586072	831
4	1.5	Xa_cov70	fold	0.0169666526951003	0.8273859860139108	8.056914040784098e-06	8.056914040784098e-06	6.60878975398001e-05	831
4	1.5	Xa_cov70	superfamily	0.2705520640928902	0.909633111472047	0.044847595787173	0.0644084208045429	0.0921730692781994	831
4	1.5	Xa_ktcov	family	0.2439052551172015	0.9546354697387556	0.0	0.0	0.0039051313020632	0
4	1.5	Xa_ktcov	fold	0.0023185782966691	0.8273859860137195	0.0	0.0	0.0	0
4	1.5	Xa_ktcov	superfamily	0.0465545258830295	0.9096331114719988	0.0	0.0	0.0	0
4	1.5	sym_max	family	0.2441959239574591	0.9546354697387528	0.0	0.0	0.0037266584486143	0
4	1.5	sym_max	fold	0.0027807972387821	0.8273859860137648	0.0	0.0	0.0	0
4	1.5	sym_max	superfamily	0.0487917232411816	0.909633111472	0.0	0.0	0.0	0
4	1.5	sym_mean	family	0.2686888841887955	0.9546354697387568	0.0	0.0	0.0054734096201018	0
4	1.5	sym_mean	fold	0.0039837492155176	0.8273859860137782	0.0	0.0	0.0	0
4	1.5	sym_mean	superfamily	0.0555223252063702	0.9096331114720196	0.0	0.0	0.0	0
4	1.5	sym_min	family	0.2759062964865769	0.9546354697387598	0.0	0.0	0.0045196174870192	0
4	1.5	sym_min	fold	0.0036724911084132	0.8273859860137758	0.0	0.0	0.0	0
4	1.5	sym_min	superfamily	0.05398992493093	0.9096331114720322	0.0	0.0	0.0	0
