domain	alnlen	evalue	bits
d1a99a_.pdb	341	6.274e-73	3051.0
d1bxya_.pdb	60	3.032e-11	416.0
d1hjua_.pdb	332	1.866e-77	2993.0
d1biha2.pdb	111	6.691e-23	1003.0
d1kxga_.pdb	144	1.221e-28	1321.0
d1xtpa_.pdb	246	1.892e-57	2205.0
d1n2sa_.pdb	298	2.69e-66	2637.0
d1j4wa1.pdb	74	1.237e-14	586.0
d1rj8a_.pdb	140	1.555e-28	1305.0
d2ahob2.pdb	79	1.624e-16	697.0
d2ozza1.pdb	227	7.688e-54	1960.0
d1v7pb_.pdb	127	8.637e-26	1070.0
d2dcfa1.pdb	384	4.529e-78	3452.0
d1r5aa1.pdb	129	4.378e-21	975.0
d1znna1.pdb	245	7.634e-52	2048.0
d1rxda_.pdb	150	4.411e-33	1220.0
d2gdma_.pdb	153	5.345e-22	1102.0
d1d02a_.pdb	197	4.085e-46	1694.0
d1tg7a1.pdb	97	2.343e-20	841.0
d2a2ka_.pdb	171	1.485e-40	1489.0
d2ooia1.pdb	157	6.683e-33	1396.0
d1iy8a_.pdb	258	1.244e-56	2215.0
d1bd0a1.pdb	148	1.683e-33	1384.0
d1n97a_.pdb	385	6.624e-68	3267.0
d4a1ua_.pdb	150	1.632e-22	1075.0
d1jt6a1.pdb	71	2.671e-10	396.0
d1ktba1.pdb	95	2.551e-18	846.0
d1ybza1.pdb	74	4.443e-10	396.0
d1zdya_.pdb	301	1.867e-68	2719.0
d1m1eb_.pdb	65	8.378e-10	373.0
d1owfa_.pdb	96	6.66e-19	746.0
d1v0aa1.pdb	164	7.991e-33	1530.0
d2qjla_.pdb	99	4.4e-23	839.0
d3giua_.pdb	212	6.301e-50	1896.0
d1pvza_.pdb	31	2.464e-07	250.0
d1px5a2.pdb	183	5.758e-39	1489.0
d2c9aa2.pdb	163	1.327e-34	1540.0
d3taob_.pdb	258	4.991e-56	2242.0
d2p9ba2.pdb	289	7.249e-61	2424.0
d2baya_.pdb	56	5.131e-12	456.0
d2waga_.pdb	217	3.764e-50	1907.0
d1uz5a3.pdb	143	1.729e-32	1227.0
d2qfaa_.pdb	137	2.932e-26	1000.0
d3ctka1.pdb	246	2.544e-56	2148.0
d1ofla_.pdb	481	9.881e-86	4377.0
d2c4ba1.pdb	108	1.621e-24	937.0
d2hqva1.pdb	172	2.335e-35	1460.0
d1mo9a3.pdb	140	6.227e-31	1221.0
d1v59a2.pdb	122	7.171e-27	1065.0
d2oeza1.pdb	241	2.662e-45	1955.0
d1fioa_.pdb	190	2.327e-25	1224.0
d1r76a_.pdb	384	1.781e-74	3326.0
d3twya_.pdb	137	5.775e-27	1282.0
d1qqp3_.pdb	220	1.352e-42	1863.0
d2fdra1.pdb	222	3.5e-47	1809.0
d1mbya_.pdb	75	5.918e-14	628.0
d1tqja_.pdb	217	7.335e-46	1871.0
d1eg2a_.pdb	270	6.644e-60	2377.0
d2geya1.pdb	144	9.844e-33	1217.0
d1fd3a_.pdb	41	4.149e-09	361.0
d1g25a_.pdb	65	1.223e-14	562.0
d1ibja_.pdb	380	7.798e-87	3372.0
d1g4us2.pdb	230	2.993e-52	2035.0
d2dpia2.pdb	273	4.211e-63	2325.0
d1qfoa_.pdb	115	3.248e-26	1073.0
d2ak3a1.pdb	189	2.451e-40	1480.0
d1ejba_.pdb	168	9.878e-39	1419.0
d2f4pa1.pdb	134	1.908e-30	1314.0
d3l60a_.pdb	229	3.957e-51	1953.0
d1weya_.pdb	104	1.202e-20	797.0
d1ahoa_.pdb	64	1.081e-13	548.0
d1d4va2.pdb	40	5.247e-08	321.0
d1dk8a_.pdb	147	1.228e-22	1085.0
d1mska_.pdb	327	1.138e-72	2817.0
d2vpja_.pdb	289	7.169e-56	2756.0
d1vkwa_.pdb	217	9.472e-46	1850.0
d3bp3a_.pdb	81	1.148e-17	644.0
d1cuka2.pdb	78	1.713e-12	523.0
d1ea5a_.pdb	532	0.0	4938.0
d1h6pa_.pdb	188	1.574e-26	1352.0
d2nn6e1.pdb	181	4.864e-41	1574.0
d1j0ta_.pdb	78	1.636e-14	586.0
d1khda1.pdb	69	2.634e-10	449.0
d1okia1.pdb	91	2.378e-19	849.0
d1u5tb2.pdb	75	1.247e-14	556.0
d1x6ma_.pdb	196	2.818e-44	1731.0
d3tg0a_.pdb	440	0.0	4028.0
d2j01u1.pdb	117	4.154e-18	779.0
d2pgga1.pdb	765	0.0	6743.0
d1kf6a2.pdb	311	2.709e-70	2734.0
d1q8ya_.pdb	351	8.612e-74	3113.0
d2p3wa_.pdb	110	3.509e-22	949.0
d1cexa_.pdb	197	1.312e-41	1684.0
d2eppa1.pdb	53	1.548e-08	318.0
d2epsa1.pdb	39	4.879e-07	264.0
d2etda1.pdb	139	2.583e-18	857.0
d2zbxa_.pdb	399	1.456e-69	3374.0
d2b8ea2.pdb	113	6.703e-23	912.0
d2v3ka1.pdb	218	1.593e-50	1891.0
d1svya_.pdb	102	2.063e-22	850.0
d1lzla_.pdb	317	7.179e-71	2786.0
d1dnla_.pdb	199	3.444e-44	1767.0
d2cy2a1.pdb	174	2.32e-40	1518.0
d1gsma2.pdb	116	4.535e-23	1029.0
d1ok7a1.pdb	122	9.351e-24	1034.0
d2dfka1.pdb	203	4.992e-30	1507.0
d1hxmb2.pdb	107	1.614e-21	967.0
d1rm6a2.pdb	636	0.0	5937.0
d1wmib1.pdb	61	2.288e-09	294.0
d1wmxa_.pdb	173	1.379e-35	1607.0
d1f2ri_.pdb	100	2.773e-23	860.0
d1jmxa5.pdb	119	5.071e-22	1033.0
d1tgxa_.pdb	60	5.896e-12	528.0
d1usca_.pdb	178	6.482e-36	1597.0
d3le2a_.pdb	393	2.555e-93	3551.0
d2ozlb2.pdb	138	1.601e-32	1186.0
d1pkpa1.pdb	71	1.179e-14	587.0
d1v0da_.pdb	244	2.602e-48	1984.0
d2csga1.pdb	417	6.905e-90	3757.0
d1r6ta2.pdb	386	2.718e-76	3305.0
d2ih2a2.pdb	170	7.048e-42	1549.0
d1d0qa_.pdb	102	7.592e-22	828.0
d1k6ya1.pdb	46	4.206e-08	331.0
d1m32a_.pdb	361	6.3e-80	3196.0
d1mo9a1.pdb	261	1.79e-61	2299.0
d3a3da_.pdb	453	0.0	4235.0
d1afwa1.pdb	266	2.085e-59	2228.0
d1zud2_.pdb	65	2.385e-14	525.0
d2d59a_.pdb	141	7.314e-30	1194.0
d1iyua_.pdb	79	5.5e-16	657.0
d2ewca1.pdb	120	2.369e-27	1043.0
d2z26a_.pdb	344	3.435e-81	3122.0
d2dzna_.pdb	226	2.469e-40	1941.0
d3tuia_.pdb	216	6.81e-31	1552.0
d1n4ka2.pdb	142	8.33e-27	1225.0
d2dj7a1.pdb	31	8.001e-06	228.0
d2e3ha1.pdb	71	3.677e-15	629.0
d2incb_.pdb	322	3.771e-45	2453.0
d1mp1a_.pdb	111	7.951e-21	865.0
d1qsaa2.pdb	168	2.708e-27	1330.0
d1gg4a1.pdb	135	1.489e-28	1122.0
d1vb5a_.pdb	274	3.153e-58	2350.0
d1rypb_.pdb	250	1.386e-55	2181.0
d3epua_.pdb	134	2.668e-25	1081.0
d1np7a1.pdb	279	3.309e-45	2342.0
d2d7va1.pdb	155	3.471e-33	1275.0
d1c44a_.pdb	123	2.076e-29	1051.0
d1jyoa_.pdb	130	5.47e-28	1061.0
d1u5sa1.pdb	71	1.29e-14	602.0
d1y2oa1.pdb	248	3.375e-31	1444.0
d2byoa1.pdb	183	3.024e-38	1638.0
d1etea_.pdb	134	1.534e-26	1084.0
d1udxa2.pdb	180	7.312e-40	1475.0
d1btna_.pdb	106	1.877e-21	941.0
d1p90a_.pdb	123	6.824e-27	1055.0
d2g3ra1.pdb	53	1.259e-10	465.0
d2p1aa1.pdb	142	1.222e-22	995.0
d1dzfa1.pdb	139	9.587e-32	1170.0
d1nkta2.pdb	205	8.904e-29	1304.0
d1wp1a_.pdb	456	1.419e-71	3632.0
d1ed7a_.pdb	45	1.721e-10	393.0
d1frea_.pdb	39	1.198e-07	280.0
d1fsga_.pdb	233	3.08e-54	2105.0
d2a2ma1.pdb	231	8.734e-35	1813.0
d1cs6a1.pdb	97	5.533e-20	908.0
d1nt2b_.pdb	236	1.329e-34	1686.0
d1zh5a1.pdb	99	5.07e-19	704.0
d2cu2a1.pdb	67	9.583e-15	557.0
d2g30a2.pdb	113	8.828e-23	967.0
d1a3wa3.pdb	134	5.529e-30	1126.0
d2giba1.pdb	97	2.712e-21	789.0
d2uuyb1.pdb	51	5.322e-11	426.0
d2z16a_.pdb	153	2.878e-23	1164.0
d1h7ea_.pdb	245	1.18e-55	2112.0
d2oqpa1.pdb	133	2.934e-26	1053.0
d1bbga_.pdb	40	9.183e-11	350.0
d1beia_.pdb	35	5.825e-08	249.0
d1bf2a3.pdb	475	0.0	4307.0
d2uyoa_.pdb	275	6.534e-59	2380.0
d1vi7a2.pdb	71	1.425e-13	568.0
d1wjpa3.pdb	41	6.504e-08	286.0
d1ws6a1.pdb	171	6.609e-38	1427.0
d1bd7a_.pdb	176	1.466e-35	1637.0
d1olla1.pdb	95	3.154e-19	896.0
d1yloa2.pdb	264	6.857e-61	2337.0
d1g60a_.pdb	238	9.897e-55	2110.0
d2cssa1.pdb	108	5.917e-24	964.0
d3h4ta_.pdb	390	1.484e-76	3335.0
d1aisa1.pdb	92	8.638e-18	688.0
d1ki1b1.pdb	210	2.146e-29	1511.0
d1z05a3.pdb	128	1.781e-29	1108.0
d2ywka_.pdb	84	1.812e-19	690.0
d1f08a_.pdb	148	6.216e-32	1249.0
d1t33a2.pdb	132	9.843e-20	887.0
d1y7pa1.pdb	139	1.055e-28	1137.0
d1eaja_.pdb	124	3.804e-28	1180.0
d1r3na1.pdb	322	2.812e-75	2943.0
d3psma_.pdb	47	1.277e-10	401.0
d1d2za_.pdb	102	9.145e-17	693.0
d1es6a2.pdb	109	5.278e-25	936.0
d1uypa2.pdb	294	6.68e-58	2842.0
d1dfup_.pdb	94	3.799e-23	850.0
d1llda2.pdb	170	2.477e-36	1394.0
d1xria_.pdb	151	4.972e-34	1273.0
d3epra_.pdb	260	3.51e-60	2250.0
d2nwua1.pdb	130	6.168e-30	1095.0
d3shua_.pdb	94	8.534e-19	758.0
d1gtea4.pdb	196	6.175e-45	1656.0
d2fhfa5.pdb	563	0.0	5082.0
d2hh8a1.pdb	127	3.945e-30	1078.0
d1kuta_.pdb	213	1.432e-46	1781.0
d2bfwa1.pdb	196	1.294e-41	1614.0
d1l8ra_.pdb	101	3.473e-20	804.0
d1tvna1.pdb	293	1.216e-67	2593.0
d1mrza2.pdb	157	2.186e-35	1295.0
d2fvya_.pdb	305	8.341e-63	2585.0
d2v3ga_.pdb	273	1.082e-60	2474.0
d2nmla1.pdb	100	1.731e-20	788.0
d3ip0a_.pdb	158	9.894e-37	1365.0
d1pgl11.pdb	185	3.22e-39	1700.0
d1p5zb_.pdb	229	2.237e-46	1854.0
d2oa5a_.pdb	92	1.041e-13	531.0
d2p97a1.pdb	200	1e-46	1807.0
d1svva_.pdb	340	1.128e-73	3016.0
d1r8ea2.pdb	157	7.376e-32	1371.0
d2y88a_.pdb	244	4.268e-57	2158.0
d2co8a1.pdb	33	1.11e-06	263.0
d2cupa2.pdb	31	1.266e-05	222.0
d2diia1.pdb	48	8.349e-07	260.0
d2dipa1.pdb	85	1.002e-16	652.0
d1w0ma_.pdb	225	1.419e-49	1902.0
d1jdpa_.pdb	396	3.063e-84	3480.0
d1pw4a_.pdb	434	3.96e-56	3390.0
d3dfea_.pdb	82	1.35e-17	665.0
d1ji1a3.pdb	432	1.65e-103	3938.0
d1c3pa_.pdb	372	9.224e-84	3300.0
d3h31a_.pdb	74	7.1e-18	625.0
d3mmca2.pdb	166	1.774e-36	1391.0
d1ia6a_.pdb	423	3.22e-75	3682.0
d2zcwa1.pdb	82	3.268e-16	621.0
d2xmja_.pdb	63	4.985e-13	486.0
d3sj3a_.pdb	220	1.033e-45	1853.0
d2oi8a1.pdb	79	6.415e-12	488.0
d2phcb1.pdb	132	3.282e-28	1192.0
d1cnna_.pdb	26	5.052e-05	206.0
d1cnt1_.pdb	150	1.018e-20	1028.0
d1poia_.pdb	317	4.057e-74	2890.0
d1c52a_.pdb	131	7.639e-28	1097.0
d1kyqa2.pdb	123	3.35e-22	897.0
d1n7oa1.pdb	371	3.267e-61	3048.0
d1afia_.pdb	72	2.951e-16	623.0
d1ixca2.pdb	205	1.505e-45	1719.0
d2bnma2.pdb	122	1.769e-24	1140.0
d3gnja_.pdb	111	2.436e-24	892.0
d1j0pa_.pdb	108	6.082e-27	847.0
d1jcfa2.pdb	196	4.674e-44	1645.0
d2hi1a_.pdb	325	1.83e-73	2815.0
d2ddza1.pdb	188	1.729e-41	1597.0
d1hkva2.pdb	265	6.999e-58	2292.0
d3g2sa_.pdb	146	4.418e-22	1099.0
d1u0ma1.pdb	200	1.443e-46	1707.0
d2qima_.pdb	157	7.302e-32	1367.0
d1okia2.pdb	92	2.595e-19	863.0
d1w6sa_.pdb	595	0.0	5834.0
d1tqya1.pdb	216	8.569e-48	1755.0
d2fgea1.pdb	258	4.237e-52	2108.0
d1ny8a_.pdb	97	4.036e-21	762.0
d1t2ma1.pdb	92	1.802e-17	777.0
d2b0ca1.pdb	197	1.126e-40	1639.0
d1hzta_.pdb	153	2.323e-35	1380.0
d2xkia_.pdb	110	2.162e-17	818.0
d3n53a_.pdb	117	2.193e-23	875.0
d1nnxa_.pdb	93	4.664e-19	820.0
d1v5va2.pdb	310	5.317e-73	2844.0
d1gph12.pdb	234	2.929e-53	2124.0
d2i0ka1.pdb	320	3.058e-75	2831.0
d1kjqa1.pdb	74	5.619e-16	635.0
d1oiha_.pdb	254	1.401e-58	2331.0
d2y28a_.pdb	180	1.11e-42	1608.0
d1cfea_.pdb	135	3.189e-33	1235.0
d2fmpa2.pdb	57	1.798e-10	418.0
d2hewf1.pdb	128	1.984e-25	1212.0
d1fg7a_.pdb	354	1.197e-77	3064.0
d1gsoa1.pdb	96	3.196e-18	823.0
d1ltza_.pdb	274	1.849e-56	2397.0
d2ovga_.pdb	58	3.71e-12	443.0
d3bfpa_.pdb	184	9.249e-36	1665.0
d1ir6a_.pdb	385	2.899e-75	3312.0
d1m0ja_.pdb	28	9.944e-05	188.0
d1m0wa1.pdb	108	5.341e-25	895.0
d1ez4a2.pdb	171	1.026e-36	1341.0
d1qhva_.pdb	195	2.964e-42	1781.0
d2fvva1.pdb	135	4.605e-32	1226.0
d3qapa_.pdb	219	5.18e-30	1614.0
d1t8ca1.pdb	143	1.916e-31	1314.0
d2cc3a1.pdb	140	3.08e-28	1138.0
d3oq3a_.pdb	166	1.623e-25	1187.0
d1lama2.pdb	159	2.704e-33	1281.0
d1wvec_.pdb	75	5.175e-15	588.0
d1yqga1.pdb	111	4.571e-16	636.0
d2cnza_.pdb	123	1.082e-23	1095.0
d1c53a_.pdb	79	4.849e-15	595.0
d1f20a1.pdb	270	4.551e-60	2391.0
d2d8ra1.pdb	86	1.063e-20	698.0
d2elba2.pdb	93	7.727e-18	793.0
d3ceda1.pdb	95	3.747e-18	738.0
d1kv9a1.pdb	104	1.286e-18	776.0
d1rh8a_.pdb	142	9.81e-29	1320.0
d2p92a1.pdb	96	7.717e-21	793.0
d1egfa_.pdb	53	2.82e-12	461.0
d1z6oa1.pdb	200	1.757e-29	1462.0
d2piaa3.pdb	98	5.495e-22	850.0
d3qgma_.pdb	261	2.678e-57	2165.0
d2csua2.pdb	143	2.225e-31	1140.0
d1gz0a2.pdb	76	2.947e-16	594.0
d1mrza1.pdb	109	4.725e-19	873.0
d1x9za_.pdb	182	2.933e-37	1532.0
d1d8ia_.pdb	288	1.376e-58	2528.0
d2je8a3.pdb	105	4.02e-21	961.0
d1czan1.pdb	207	2.254e-45	1703.0
d1pd0a1.pdb	102	2.496e-15	730.0
d1u7ka_.pdb	131	1.518e-22	1026.0
d2fxta1.pdb	192	5.423e-42	1617.0
d1dq3a3.pdb	98	2.426e-20	771.0
d1n8yc1.pdb	154	4.419e-32	1398.0
d1qopa_.pdb	265	5.555e-53	2241.0
d1nn7a_.pdb	105	1.504e-23	867.0
d1p5dx2.pdb	104	3.89e-24	892.0
d1ys5a1.pdb	155	3.118e-32	1357.0
d2iv2x2.pdb	564	0.0	5125.0
d1vj0a1.pdb	184	3.725e-41	1691.0
d3b4ua_.pdb	287	4.36e-59	2402.0
d2gz1a2.pdb	202	1.068e-48	1810.0
d1lfpa_.pdb	243	5.009e-50	2068.0
d2qrwa_.pdb	126	4.652e-21	954.0
d1o3ua_.pdb	120	1.611e-19	867.0
d1vrma1.pdb	309	6.412e-68	2692.0
d1itha_.pdb	141	7.149e-21	1022.0
d1sdoa_.pdb	192	1.455e-44	1629.0
d2gpea_.pdb	47	1.732e-07	266.0
d1t5oa_.pdb	340	7.32e-72	2923.0
d1o69a_.pdb	374	8.706e-83	3319.0
d1jt6a2.pdb	115	2.799e-17	715.0
d1n0wa_.pdb	210	2.943e-48	1805.0
d3zxfa_.pdb	135	5.481e-28	1306.0
d1ua4a_.pdb	454	7.092e-98	4031.0
d2ia7a1.pdb	111	8.588e-23	882.0
d3hlxa_.pdb	254	3.417e-37	2008.0
d1rh9a1.pdb	370	1.605e-80	3260.0
d1vfra_.pdb	217	1.588e-44	1802.0
d1xjva2.pdb	151	1.517e-32	1361.0
d3i42a_.pdb	118	3.228e-24	928.0
d1qlsa_.pdb	95	9.416e-17	623.0
d1ry6a_.pdb	319	3.086e-72	2802.0
d1k5nb_.pdb	100	4.945e-20	926.0
d1vh3a_.pdb	211	8.992e-49	1799.0
d3ucxa_.pdb	258	1.156e-52	2117.0
d1ci9a_.pdb	377	1.788e-87	3355.0
d1zpda3.pdb	204	3.863e-45	1692.0
d1obba1.pdb	171	5.84e-35	1387.0
d3iaia_.pdb	257	2.791e-59	2443.0
d1p4da_.pdb	275	1.113e-57	2420.0
d1dwka2.pdb	70	2.387e-12	496.0
d1iq8a1.pdb	355	6.239e-73	3030.0
d1iwga8.pdb	222	3.512e-33	1674.0
d1wl8a1.pdb	187	2.387e-45	1688.0
d3u28b_.pdb	48	4.353e-09	356.0
d1b3ua_.pdb	588	3.668e-67	4514.0
d1bama_.pdb	200	2.823e-46	1707.0
d1rc9a2.pdb	57	7.344e-15	452.0
d2izxa_.pdb	39	2.936e-06	205.0
d2j0111.pdb	88	2.248e-18	720.0
d3brda3.pdb	157	6.368e-31	1445.0
d1kcqa_.pdb	103	8.489e-24	884.0
d1u5ka1.pdb	78	1.509e-15	707.0
d2buda1.pdb	88	7.094e-19	761.0
d2hjea_.pdb	210	3.964e-47	1774.0
d1k66a_.pdb	149	6.603e-33	1214.0
d2d1sa_.pdb	539	0.0	4928.0
d3do6a_.pdb	543	0.0	4764.0
d2akza2.pdb	139	5.511e-29	1152.0
d2zr1a_.pdb	250	5.264e-60	2218.0
d1nh2b_.pdb	46	1.399e-06	249.0
d1nkqa_.pdb	247	2.505e-61	2313.0
d2ogga1.pdb	144	8.984e-28	1228.0
d1gh8a_.pdb	89	1.358e-17	742.0
d1opca_.pdb	99	4.469e-22	825.0
d1sqha_.pdb	297	4.175e-65	2662.0
d1fjha_.pdb	236	8.765e-50	1949.0
d2xvya_.pdb	262	4.143e-57	2186.0
d2q3ua_.pdb	365	3.879e-82	3375.0
d1t98a2.pdb	163	1.431e-22	1086.0
d2dy7a1.pdb	81	6.208e-18	697.0
d2jeka1.pdb	140	1.388e-23	1129.0
d1okta2.pdb	85	1.571e-18	671.0
d1ussa_.pdb	88	1.51e-17	640.0
d1veca_.pdb	206	1.197e-45	1708.0
d1eova1.pdb	134	2.796e-27	1175.0
d1r89a1.pdb	115	7.743e-22	928.0
d1u97a_.pdb	69	1.617e-12	453.0
d2fa8a1.pdb	86	1.544e-20	732.0
d2tpta1.pdb	70	3.848e-11	482.0
d3dxoa1.pdb	117	3.196e-25	1008.0
d1gpma1.pdb	175	2.686e-36	1402.0
d2f3na1.pdb	64	2.054e-11	433.0
d2fq4a2.pdb	115	5.644e-16	763.0
d2pq7a1.pdb	174	4.671e-27	1238.0
d1k2wa_.pdb	256	2.825e-56	2168.0
d3kqsa_.pdb	257	1.715e-60	2333.0
d1h6ka1.pdb	264	6.542e-40	2021.0
d2i9xa1.pdb	84	6.762e-15	672.0
d3l7ha_.pdb	86	3.586e-16	693.0
d1n62a1.pdb	82	4.128e-14	585.0
d1omoa_.pdb	320	4.947e-74	2883.0
d1oa0a_.pdb	543	0.0	4738.0
d2atza1.pdb	176	9.375e-35	1495.0
d1ecfa1.pdb	243	6.917e-54	2020.0
d2etva1.pdb	334	4.78e-67	2846.0
d1vcla3.pdb	149	2.678e-32	1349.0
d2heqa1.pdb	71	3.934e-15	617.0
d1r1ga_.pdb	31	6.941e-06	214.0
d1r3da_.pdb	257	1.021e-56	2237.0
d1o91a_.pdb	131	4.099e-27	1242.0
d1yt8a3.pdb	157	1.198e-32	1288.0
d2x06a_.pdb	344	2.225e-74	2970.0
d2fbka1.pdb	156	4.22e-27	1089.0
d2vz0a_.pdb	249	9.141e-56	2161.0
d1xkra_.pdb	205	3.452e-44	1731.0
d1ec7a1.pdb	309	8.304e-70	2685.0
d2v03a_.pdb	294	1.554e-66	2539.0
d3fcxa_.pdb	268	7.58e-64	2474.0
d2i9aa2.pdb	83	2.437e-20	745.0
d2jova1.pdb	77	3.012e-16	663.0
d3ersx_.pdb	112	3.478e-21	961.0
d1jatb_.pdb	132	5.841e-29	1138.0
d1r8sa_.pdb	160	1.193e-35	1322.0
d3ccda_.pdb	85	7.427e-18	706.0
d1g9la_.pdb	144	5.956e-25	966.0
d1kwga1.pdb	54	4.344e-10	458.0
d1o7fa1.pdb	142	1.114e-27	1127.0
d2ayha_.pdb	214	7.939e-45	2058.0
d1fp1d2.pdb	230	3.644e-52	1976.0
d2j07a1.pdb	234	4e-39	1948.0
d1f0la1.pdb	155	6.433e-34	1517.0
d1wjza_.pdb	94	3.494e-14	634.0
d2az4a1.pdb	183	3.214e-41	1546.0
d3ag3m_.pdb	43	2.496e-06	235.0
d3ai2a_.pdb	263	3.874e-57	2305.0
d2j0wa1.pdb	292	2.566e-63	2484.0
d1vq811.pdb	56	3.722e-11	400.0
d2z1aa2.pdb	302	1.442e-68	2798.0
d2f8ya_.pdb	215	1.526e-34	1743.0
d1dqea_.pdb	137	4.266e-22	1051.0
d1r6ra_.pdb	80	2.339e-13	515.0
d1r6ta1.pdb	54	1.365e-07	307.0
d1rwza2.pdb	122	3.258e-24	1065.0
d2fsja2.pdb	157	4.317e-37	1413.0
d1i9za_.pdb	336	1.476e-77	3060.0
d2x3da_.pdb	90	7.87e-17	752.0
d1chma1.pdb	155	6.272e-36	1336.0
d2a90a1.pdb	80	2.515e-17	671.0
d2fwmx_.pdb	212	1.244e-46	1789.0
d1t2da1.pdb	150	8.51e-34	1269.0
d3n3ma_.pdb	328	2.327e-63	2768.0
d2xi8a_.pdb	66	2.098e-12	461.0
d3buxb3.pdb	88	2.431e-21	780.0
d1gg3a2.pdb	92	8.183e-18	806.0
d1or7c_.pdb	66	1.049e-09	361.0
d1otga_.pdb	125	5.776e-28	1023.0
d1w5fa2.pdb	121	1.139e-28	1035.0
d1lgpa_.pdb	113	2.739e-22	904.0
d1pjra2.pdb	308	3.338e-63	2514.0
d1hwtc1.pdb	39	1.901e-07	292.0
d1hyoa2.pdb	298	1.056e-68	2824.0
d2ba0a1.pdb	83	7.73e-18	735.0
d2qfia1.pdb	82	1.347e-18	669.0
d3efza1.pdb	216	3.33e-29	1500.0
d1qs0a_.pdb	407	5.459e-83	3541.0
d1lf7a_.pdb	164	1.072e-31	1429.0
d2ctea1.pdb	81	6.276e-17	623.0
d2j0wa2.pdb	91	1.252e-17	682.0
d1dkca_.pdb	38	4.984e-08	330.0
d1egaa2.pdb	113	2.78e-25	937.0
d1nzea_.pdb	112	2.51e-16	766.0
d1um0a_.pdb	365	1.503e-80	3234.0
d1h3ob_.pdb	74	8.566e-12	463.0
d1hwma_.pdb	251	3.981e-57	2228.0
d1yvwa1.pdb	92	5.768e-13	561.0
d2fuea_.pdb	246	1.044e-55	2098.0
d1p3y1_.pdb	171	7.399e-40	1517.0
d1oi2a_.pdb	336	9.597e-84	3103.0
d1f7ua3.pdb	134	3.186e-29	1077.0
d1l2wi_.pdb	57	1.176e-08	300.0
d1l3ia_.pdb	186	7.901e-39	1566.0
d2heyr2.pdb	24	0.0004446	177.0
d2hhva1.pdb	171	1.305e-38	1434.0
d1ffta_.pdb	501	1.828e-74	4089.0
d2cpqa1.pdb	78	2.596e-16	606.0
d2pd1a1.pdb	100	1.911e-20	768.0
d1h6ta2.pdb	210	3.645e-44	1886.0
d1szba1.pdb	121	6.092e-25	1107.0
d2cpha1.pdb	94	9.13e-21	787.0
d2reta1.pdb	81	6.556e-14	540.0
d1bnba_.pdb	38	1.042e-08	331.0
d1clca1.pdb	441	8.938e-84	3881.0
d2ra5a1.pdb	150	3.902e-28	1280.0
d1nd6a_.pdb	342	1.824e-72	3005.0
d1cr5a1.pdb	82	2.377e-18	728.0
d1g3pa1.pdb	65	1.018e-12	562.0
d2iuwa1.pdb	202	5.899e-45	1897.0
d1g3pa2.pdb	127	8.966e-26	1102.0
d1q6wa_.pdb	151	1.46e-30	1294.0
d2fhxa_.pdb	245	1.738e-59	2155.0
d1mgta1.pdb	81	8.608e-16	635.0
d1p5ja_.pdb	319	4.901e-69	2733.0
d1lfda_.pdb	87	4.72e-20	741.0
d1s5aa_.pdb	139	1.023e-29	1190.0
d2g17a1.pdb	179	2.837e-40	1528.0
d1i0va_.pdb	104	7.318e-24	904.0
d3d03a_.pdb	274	4.168e-64	2485.0
d2d4ra1.pdb	146	6.447e-30	1252.0
d1gr0a2.pdb	85	3.368e-19	734.0
d1q0ua_.pdb	209	3.267e-44	1696.0
d3pmga2.pdb	113	3.828e-27	961.0
d1cbya_.pdb	227	8.345e-49	1936.0
d2dj8a1.pdb	47	3.244e-09	332.0
d2duma_.pdb	143	1.313e-30	1130.0
d1dj0a_.pdb	264	9.703e-66	2441.0
d1uwsa_.pdb	483	4.209e-103	4429.0
d2e0qa_.pdb	104	9.012e-24	868.0
d2rfva_.pdb	391	1.639e-90	3534.0
d3afva_.pdb	439	0.0	4012.0
d1whwa_.pdb	99	6.126e-21	808.0
d2f62a_.pdb	158	6.627e-35	1274.0
d1j09a2.pdb	305	4.933e-70	2639.0
d2r8oa2.pdb	331	8.557e-64	2829.0
d1wu2a3.pdb	136	3.296e-29	1091.0
d2pw8i_.pdb	62	3.73e-12	473.0
d2wqta_.pdb	262	1.531e-66	2385.0
d1mkfa_.pdb	371	5.38e-86	3594.0
d1ejfa_.pdb	110	2.74e-22	1018.0
d1p6oa_.pdb	156	2.77e-37	1361.0
d1v7wa2.pdb	270	5.692e-60	2644.0
d1j5ja_.pdb	36	1.059e-07	311.0
d1jpdx1.pdb	208	1.347e-46	1757.0
d2gvia1.pdb	168	3.946e-36	1363.0
d1hxha_.pdb	253	1.091e-56	2136.0
d2r9ga1.pdb	180	8.741e-31	1348.0
d1e29a_.pdb	135	3.786e-27	1105.0
d2i5vo_.pdb	246	9.449e-43	2100.0
d1mk4a_.pdb	157	5.546e-37	1384.0
d2auwa2.pdb	84	3.176e-17	700.0
d2gj3a_.pdb	119	1.006e-24	1028.0
d1cs6a3.pdb	91	4.909e-20	853.0
d1o13a_.pdb	107	8.434e-25	927.0
d1v6za2.pdb	162	1.471e-34	1316.0
d1b5qa2.pdb	112	6.178e-23	914.0
d1lc5a_.pdb	355	7.602e-78	3137.0
d1gu7a2.pdb	189	1.168e-38	1574.0
d3m5ba_.pdb	109	3.622e-24	897.0
d1hqsa_.pdb	423	1.346e-87	3692.0
d1n1ba2.pdb	315	2.217e-43	2438.0
d2v0na1.pdb	139	1.134e-26	992.0
d1m6ex_.pdb	359	1.058e-81	3157.0
d1hxma1.pdb	120	3.012e-25	1136.0
d1wvka_.pdb	86	6.401e-20	616.0
d1x1fa1.pdb	136	5.5e-28	1156.0
d2voua1.pdb	265	1.15e-59	2325.0
d2b0aa1.pdb	186	1.865e-45	1736.0
d1wdka4.pdb	310	2.119e-60	2573.0
d1qasa2.pdb	126	4.412e-26	1199.0
d2ftwa2.pdb	334	2.72e-76	3009.0
d1y08a_.pdb	286	1.158e-68	2580.0
d1dcqa1.pdb	154	1.937e-28	1244.0
d1n5ua1.pdb	195	1.114e-27	1437.0
d1y7ta2.pdb	173	1.801e-36	1411.0
d2zkoa_.pdb	70	4.512e-11	443.0
d3bexa1.pdb	118	1.354e-26	977.0
d1oewa_.pdb	328	2.704e-73	3100.0
d1qqga2.pdb	104	8.538e-21	929.0
d1wvha1.pdb	132	1.303e-28	1217.0
d3cdda1.pdb	149	1.604e-32	1262.0
d1i77a_.pdb	107	3.846e-24	852.0
d1k0ma1.pdb	149	8.071e-28	1168.0
d1vcla2.pdb	133	2.017e-28	1241.0
d2g5ca1.pdb	107	8.021e-17	651.0
d2i53a1.pdb	144	2.904e-22	1107.0
d1bi5a2.pdb	154	4.446e-34	1312.0
d1wdka1.pdb	117	1.183e-23	925.0
d1v89a_.pdb	118	1.145e-23	993.0
d2hjja1.pdb	66	7.155e-14	535.0
d2pg4a1.pdb	92	1.847e-17	664.0
d3e9ta_.pdb	112	2.227e-23	1058.0
d1i2ta_.pdb	61	3.232e-09	384.0
d1k0ra4.pdb	104	2.937e-20	749.0
d1mpxa1.pdb	233	3.218e-52	2202.0
d2gcla1.pdb	230	6.858e-46	2073.0
d1kola2.pdb	195	2.269e-45	1683.0
d2bjfa_.pdb	328	2.548e-71	2948.0
d2xhsa_.pdb	243	6.611e-36	1826.0
d1od5a1.pdb	209	7.487e-46	1917.0
d2h3ka1.pdb	144	9.067e-31	1340.0
d1hyrc2.pdb	181	2.364e-37	1562.0
d1wpxa_.pdb	421	1.342e-97	3853.0
d2bona1.pdb	285	3.403e-70	2669.0
d1v6ga2.pdb	40	7.424e-07	276.0
d1ve3a1.pdb	212	1.293e-47	1828.0
d1jdha_.pdb	508	6.027e-64	3880.0
d1gr0a1.pdb	243	2.242e-53	2140.0
d3hhha_.pdb	102	2.59e-18	690.0
d1g41a_.pdb	334	1.937e-63	2756.0
d1gxea_.pdb	130	8.791e-28	1171.0
d1qwra_.pdb	315	2.53e-67	2970.0
d3m7qb_.pdb	61	3.645e-13	504.0
d1bpva_.pdb	104	7.788e-21	951.0
d1neua_.pdb	115	1.047e-26	1126.0
d1y14b1.pdb	86	2.593e-17	768.0
d2grja_.pdb	179	3.924e-36	1352.0
d1jeyb1.pdb	304	6.339e-60	2498.0
d1dkra1.pdb	157	4.119e-35	1293.0
d1wp0a1.pdb	160	4.759e-36	1382.0
d3pc7a_.pdb	81	1.412e-18	682.0
d1gg2g_.pdb	54	6.239e-08	286.0
d1gg3a1.pdb	106	2.082e-17	819.0
d1l0oc_.pdb	57	1.956e-09	391.0
d1mjul1.pdb	112	1.281e-23	1049.0
d1y0ma_.pdb	61	1.053e-11	523.0
d2cclb1.pdb	59	2.605e-09	373.0
d2f01a_.pdb	121	2.237e-22	1045.0
d1w41a1.pdb	98	3.122e-23	799.0
d2g9wa1.pdb	119	4.296e-21	776.0
d2uubm1.pdb	125	6.549e-24	912.0
d2zkmx4.pdb	299	3.723e-71	2681.0
d1xlqa_.pdb	106	2.922e-24	917.0
d2akra2.pdb	178	5.339e-35	1499.0
d3zsja_.pdb	138	3.119e-29	1328.0
d1f5ma_.pdb	176	2.551e-39	1546.0
d2ieaa1.pdb	213	2.775e-49	1908.0
d1rdqe_.pdb	342	3.375e-70	2926.0
d1coja2.pdb	122	5.891e-27	1002.0
d1ihua2.pdb	250	1.369e-52	2019.0
d1dv1a2.pdb	113	2.953e-25	922.0
d1ojta3.pdb	128	1.081e-28	1054.0
d1x9ba_.pdb	53	1.472e-08	353.0
d1yl7a1.pdb	135	4.668e-28	1067.0
d1bbha_.pdb	131	1.524e-20	945.0
d1kb0a1.pdb	97	6.016e-22	786.0
d1n8yc3.pdb	152	6.897e-34	1325.0
d1sfxa_.pdb	109	2.048e-19	743.0
d2tbva_.pdb	286	1.235e-55	2561.0
d1tlta1.pdb	164	2.511e-36	1346.0
d2vzsa5.pdb	339	8.409e-80	3078.0
d2eb0a_.pdb	304	1.828e-64	2664.0
d1vqra_.pdb	284	1.778e-40	2199.0
d1a8ya2.pdb	102	2.2e-22	811.0
d1lyva_.pdb	283	2.569e-60	2408.0
d3kffa_.pdb	152	4.636e-31	1356.0
d1rxta2.pdb	201	8.103e-46	1719.0
d2a5za1.pdb	239	2.496e-47	2157.0
d1o6za1.pdb	142	4.772e-31	1180.0
d2p3ha1.pdb	98	1.627e-19	803.0
d1b8ta2.pdb	65	1.177e-10	379.0
d1d8ca_.pdb	709	0.0	6216.0
d2qcka_.pdb	159	2.584e-33	1431.0
d1ng0a_.pdb	192	2.768e-42	1766.0
d1yoca1.pdb	145	1.56e-32	1311.0
d3e96a_.pdb	296	1.249e-59	2554.0
d3ivra_.pdb	394	1.417e-91	3604.0
d3neda_.pdb	228	7.103e-53	2232.0
d1x8da1.pdb	104	6.686e-23	882.0
d2q7wa_.pdb	379	3.385e-76	3305.0
d2pspa2.pdb	53	6.132e-11	393.0
d2pu9a_.pdb	110	8.129e-22	838.0
d3brda2.pdb	148	9.436e-31	1325.0
d1njha_.pdb	108	6.2e-21	985.0
d1ygya4.pdb	135	4.809e-30	1141.0
d3bw6a_.pdb	137	3.167e-29	1160.0
d1p8kz2.pdb	129	4.941e-28	1063.0
d1z54a1.pdb	132	1.126e-28	1100.0
d1vyfa_.pdb	135	1.124e-23	1127.0
d2mcma_.pdb	112	1.825e-21	1025.0
d1gkza2.pdb	168	3.037e-40	1539.0
d1vq8v1.pdb	65	9.837e-10	384.0
d1x9fc_.pdb	149	3.02e-21	1057.0
d2o14a2.pdb	208	4.146e-46	1745.0
d1ysqa_.pdb	181	1.117e-42	1571.0
d3oaed_.pdb	421	4.11e-91	3843.0
d2dloa1.pdb	35	3.49e-07	273.0
d2fhfa4.pdb	118	2.52e-25	1017.0
d1c17m_.pdb	142	1.666e-19	865.0
d1g2qa_.pdb	178	1.377e-39	1595.0
d2a2la1.pdb	142	4.456e-31	1179.0
d3imab_.pdb	84	8.398e-15	685.0
d1mdal_.pdb	121	2.654e-27	1066.0
d1r79a_.pdb	84	1.592e-16	631.0
d1sfla_.pdb	230	4.546e-48	1943.0
d1k2x.1.pdb	156	6.822e-34	1238.0
d1wfna1.pdb	106	2.234e-21	981.0
d2hc5a1.pdb	109	2.417e-22	861.0
d1zroa2.pdb	310	1.795e-46	2436.0
d1e6ia_.pdb	110	7.43e-19	822.0
d1iwga4.pdb	97	2.621e-21	830.0
d1rkta2.pdb	123	4.331e-20	855.0
d1y0ya1.pdb	78	3.046e-15	680.0
d2cx1a1.pdb	93	1.979e-21	774.0
d2nnua_.pdb	201	1.958e-41	1709.0
d1nhpa1.pdb	198	2.996e-47	1791.0
d2cb2a1.pdb	307	2.124e-67	2715.0
d1rl6a1.pdb	75	1.947e-14	607.0
d1kjqa2.pdb	111	6.564e-23	882.0
d1xe7a_.pdb	186	2.236e-41	1725.0
d3pr1a_.pdb	172	3.002e-38	1414.0
d2b3za1.pdb	214	8.007e-48	1863.0
d1j8ba_.pdb	92	2.818e-15	587.0
d1q1ha_.pdb	85	1.009e-16	624.0
d1u5tb1.pdb	94	2.217e-19	721.0
d2ax3a2.pdb	211	8.361e-45	1782.0
d1jiha2.pdb	389	4.913e-84	3387.0
d3t6ka_.pdb	122	5.227e-25	921.0
d2ivda2.pdb	108	1.118e-21	906.0
d3nxua_.pdb	457	1.333e-77	3877.0
d2h6ua_.pdb	114	4.459e-25	1081.0
d3r6ua_.pdb	272	2.527e-65	2404.0
d1whga_.pdb	113	6.185e-22	929.0
d2i7na2.pdb	212	1.726e-46	1824.0
d1j26a_.pdb	112	2.385e-23	855.0
d1t11a1.pdb	129	1.698e-19	842.0
d1v95a_.pdb	130	1.222e-28	1057.0
d2liga_.pdb	157	3.016e-22	1048.0
d1tjoa_.pdb	180	2.32e-26	1285.0
d2oa4a1.pdb	93	2.159e-19	715.0
d2r25b_.pdb	133	1.719e-28	1043.0
d1knya1.pdb	128	5.737e-21	923.0
d1ryph_.pdb	205	3.114e-44	1790.0
d3cpta_.pdb	119	3.324e-24	952.0
d1l6pa_.pdb	121	7.567e-24	1122.0
d1vyhc1.pdb	310	3.582e-64	2954.0
d1bxda_.pdb	161	5.924e-36	1374.0
d1vj0a2.pdb	182	2.315e-37	1460.0
d1unnc_.pdb	111	5.848e-25	937.0
d2g2ca1.pdb	152	3.31e-34	1280.0
d1gh5a_.pdb	87	3.591e-17	809.0
d1mwza_.pdb	73	5.52e-16	611.0
d1s6la2.pdb	132	1.345e-27	1129.0
d2dara1.pdb	32	3.108e-06	252.0
d2ffta1.pdb	83	6.498e-13	449.0
d2fg1a_.pdb	157	5.02e-36	1338.0
d1c1da2.pdb	148	2.347e-33	1232.0
d1uj2a_.pdb	213	3.886e-47	1766.0
d1lvaa3.pdb	64	2.264e-12	462.0
d1ml8a_.pdb	131	4.118e-30	1105.0
d1x4za1.pdb	108	1.302e-20	958.0
d2q9oa3.pdb	216	4.287e-53	2018.0
d1l6ja3.pdb	59	1.259e-13	538.0
d1l8wa_.pdb	271	2.14e-42	2018.0
d1y14b2.pdb	68	2.365e-13	518.0
d2a6aa1.pdb	103	3.227e-21	776.0
d3of4a_.pdb	208	4.188e-41	1706.0
d1r8ea1.pdb	118	9.834e-21	777.0
d1t95a1.pdb	75	4.319e-13	497.0
d1uoua3.pdb	99	1.516e-20	775.0
d2czda_.pdb	206	2.489e-42	1681.0
d1rq0a_.pdb	319	1.132e-63	2551.0
d1jjcb2.pdb	75	9.979e-16	596.0
d1nvma2.pdb	289	4.306e-60	2546.0
d1kaga_.pdb	158	4.588e-32	1271.0
d256ba_.pdb	106	5.555e-14	671.0
d2jnea1.pdb	71	3.201e-14	603.0
d2sici_.pdb	107	3.554e-23	940.0
d1a0pa1.pdb	91	6.478e-15	614.0
d1fm0d_.pdb	81	4.766e-19	695.0
d1h2sb_.pdb	60	3.892e-08	318.0
d1iz5a2.pdb	121	1.787e-24	1061.0
d1xdtr_.pdb	41	4.233e-09	341.0
d1xn8a_.pdb	131	1.838e-23	942.0
d2f5tx1.pdb	92	2.78e-21	842.0
d3d37a1.pdb	166	1.017e-38	1572.0
d1p1ma2.pdb	281	6.607e-65	2442.0
d1ivya_.pdb	452	0.0	4216.0
d1lcfa2.pdb	357	8.307e-82	3193.0
d2ffsa1.pdb	146	3.836e-29	1252.0
d1hw1a1.pdb	74	1.634e-14	534.0
d1ks9a1.pdb	124	3.713e-19	881.0
d1tocr2.pdb	63	4.746e-14	535.0
d1vjoa_.pdb	377	1.08e-84	3310.0
d1ykhb1.pdb	114	7.063e-16	620.0
d2df7a1.pdb	419	1.811e-92	3792.0
d1ut9a1.pdb	507	1.946e-97	4561.0
d1j93a_.pdb	343	3.488e-70	2998.0
d1gnwa1.pdb	126	7.007e-19	893.0
d1pg5b1.pdb	92	4.768e-21	798.0
d1whma_.pdb	92	1.462e-17	782.0
d2f2ca2.pdb	106	1.642e-16	778.0
d2yrba1.pdb	142	1.509e-28	1294.0
d1oqca_.pdb	112	8.247e-20	852.0
d1rmda2.pdb	86	1.856e-19	712.0
d1tnra_.pdb	144	5.85e-29	1314.0
d2if5a_.pdb	115	5.864e-24	890.0
d3eyea_.pdb	153	3.582e-34	1268.0
d2hy5c1.pdb	101	4.18e-22	823.0
d3tdta_.pdb	274	2.59e-53	2379.0
d1vl4a_.pdb	428	4.507e-94	3969.0
d1ldja3.pdb	276	1.294e-53	2207.0
d2b5xa1.pdb	143	5.694e-34	1248.0
d3cmba1.pdb	264	1.865e-56	2492.0
d1wlga_.pdb	293	1.078e-54	2696.0
d1bl0a2.pdb	62	9.439e-13	485.0
d1ciya3.pdb	223	2.471e-31	1651.0
d1tsja_.pdb	117	4.442e-25	1026.0
d1e5da2.pdb	249	1.114e-61	2256.0
d1xkta_.pdb	260	2.665e-56	2277.0
d1v76a_.pdb	92	1.454e-18	786.0
d2c4wa_.pdb	168	4.894e-33	1320.0
d1h98a_.pdb	77	5.974e-18	658.0
d1hzfa_.pdb	302	7.045e-47	2425.0
d2qam01.pdb	56	2.262e-10	383.0
d2qazd_.pdb	112	2.219e-23	977.0
d1fdra2.pdb	148	6.171e-33	1241.0
d1ypqa1.pdb	131	5.458e-29	1203.0
d1omra_.pdb	201	2.142e-32	1594.0
d1xpua3.pdb	282	7.328e-64	2392.0
d1t6aa_.pdb	124	1.854e-22	913.0
d2cvza1.pdb	132	9.971e-21	953.0
d2qrra1.pdb	97	9.359e-18	769.0
d1n67a2.pdb	191	5.068e-44	1816.0
d2cfca_.pdb	250	1.315e-54	2128.0
d1xk7a_.pdb	407	1.581e-91	3522.0
d1yira2.pdb	141	2.309e-28	1113.0
d3hxia_.pdb	182	1.46e-39	1636.0
d2nxfa1.pdb	314	6.003e-75	2882.0
d1ywqa1.pdb	199	5.821e-38	1585.0
d1e6ba2.pdb	80	7.895e-18	652.0
d1kfwa2.pdb	61	1.28e-13	545.0
d1ll8a_.pdb	114	1.23e-24	966.0
d1rjwa2.pdb	168	1.707e-35	1387.0
d3b9ca_.pdb	134	4.294e-28	1307.0
d1lc0a2.pdb	118	1.181e-25	1007.0
d1w2fa_.pdb	276	9.942e-58	2420.0
d3cswa_.pdb	274	3.9e-62	2454.0
d1pcea_.pdb	60	5.002e-13	503.0
d1q8ka2.pdb	117	7.428e-26	969.0
d2a7ka1.pdb	229	3.906e-49	1935.0
d1flca1.pdb	156	8.901e-34	1487.0
d2dpfa_.pdb	111	1.576e-23	1057.0
d2je6b2.pdb	86	3.827e-16	669.0
d1c4ka2.pdb	462	1.162e-102	4107.0
d1dmla2.pdb	126	6.112e-26	1143.0
d1plqa1.pdb	126	3.193e-24	1084.0
d2bzea1.pdb	132	4.036e-30	1111.0
d2hi6a1.pdb	132	2.584e-31	1146.0
d1alna1.pdb	150	3.477e-35	1284.0
d1kapp1.pdb	224	3.858e-44	2031.0
d1uhua_.pdb	105	4.486e-19	812.0
d1yqea1.pdb	278	1.202e-63	2541.0
d1ptfa_.pdb	87	1.921e-18	699.0
d1z0xa1.pdb	68	5.722e-12	462.0
d2bdva1.pdb	213	3.539e-51	1982.0
d1aiea_.pdb	31	0.0003909	153.0
d1aiha_.pdb	170	1.918e-34	1405.0
d2zdpa_.pdb	110	6.573e-23	897.0
d1ewfa1.pdb	217	2.724e-43	1878.0
d1wd3a1.pdb	319	7.88e-71	3063.0
d1hgxa_.pdb	164	4.207e-35	1462.0
d1tzza2.pdb	131	2.49e-28	1089.0
d2gaua1.pdb	81	5.773e-16	623.0
d2qklb1.pdb	90	1.526e-16	687.0
d3tlfa_.pdb	253	1.405e-56	2131.0
d1s5ua_.pdb	129	2.2e-25	1092.0
d2htja1.pdb	73	3.89e-15	569.0
d1ltla_.pdb	239	3.213e-52	2031.0
d2q3za2.pdb	114	7.258e-22	1069.0
d1iyba_.pdb	208	3.417e-51	1934.0
d1u7pa_.pdb	164	1.851e-38	1392.0
d1bmra_.pdb	67	1.601e-15	582.0
d1esca_.pdb	302	1.932e-67	2659.0
d3cq1a_.pdb	99	2.828e-22	799.0
d1cwva4.pdb	91	1.466e-18	795.0
d1nhpa2.pdb	123	5.123e-29	1045.0
d1x49a1.pdb	85	2.195e-17	701.0
d2hdsa_.pdb	358	7.489e-74	3235.0
d1uzca_.pdb	69	7.097e-11	484.0
d1y7na1.pdb	79	6.291e-18	690.0
d2bz6l_.pdb	53	1.827e-11	419.0
d2de6a1.pdb	142	5.899e-31	1287.0
d3ezqa_.pdb	115	1.291e-16	685.0
d3tpma_.pdb	422	1.392e-57	3260.0
d2iela1.pdb	132	2.573e-28	1079.0
d1h3ga2.pdb	82	1.833e-16	719.0
d1rmja_.pdb	107	9.665e-26	934.0
d2wkja_.pdb	298	1.238e-57	2503.0
d2para_.pdb	175	3.431e-27	1322.0
d1j3ea_.pdb	115	1.689e-22	896.0
d1qwda_.pdb	167	6.233e-34	1516.0
d2gsqa1.pdb	127	3.937e-20	949.0
d3lada2.pdb	119	1.345e-27	1017.0
d1lm5a_.pdb	189	1.188e-38	1544.0
d1vpqa_.pdb	260	1.894e-58	2250.0
d1h3la_.pdb	75	1.973e-11	473.0
d1hv8a1.pdb	208	1.019e-45	1697.0
d3gdfa_.pdb	267	7.046e-61	2329.0
d2x9aa_.pdb	61	6.292e-12	547.0
d1chua2.pdb	251	3.409e-58	2214.0
d1vpka2.pdb	123	5.978e-25	1067.0
d3ks9a_.pdb	445	3.529e-102	3952.0
d1igra2.pdb	172	2.857e-37	1536.0
d1tq4a_.pdb	396	4.132e-69	3299.0
d1vcoa2.pdb	272	5.221e-60	2324.0
d1wzva1.pdb	150	3.126e-33	1273.0
d2nooa_.pdb	496	0.0	4544.0
d1rp0a1.pdb	278	2.65e-64	2397.0
d1mjsa_.pdb	178	2.679e-42	1645.0
d2fsja1.pdb	161	1.878e-35	1348.0
d1jfma_.pdb	174	2.394e-35	1486.0
d1zp6a1.pdb	176	3.482e-39	1539.0
d1afpa_.pdb	51	3.561e-11	449.0
d1buoa_.pdb	121	1.136e-25	937.0
d1klla_.pdb	128	3.017e-29	1113.0
d1xdya_.pdb	263	4.561e-65	2434.0
d3d9ta1.pdb	87	6.72e-21	746.0
d1lura_.pdb	325	3.949e-71	3108.0
d2qqra1.pdb	59	1.445e-10	438.0
d3dhwc1.pdb	240	5.211e-53	2070.0
d1vm0a_.pdb	93	1.23e-18	717.0
d2gupa1.pdb	114	5.125e-26	951.0
d1gp0a_.pdb	133	2.542e-31	1236.0
d1lrza1.pdb	65	4.169e-08	332.0
d1no5a_.pdb	100	5.469e-22	801.0
d1vq8y1.pdb	142	1.147e-31	1139.0
d2b2na1.pdb	308	2.008e-73	2789.0
d1ufxa_.pdb	103	9.143e-21	840.0
d2bo9b2.pdb	119	4.673e-23	1004.0
d2voca_.pdb	110	8.744e-25	891.0
d1dxya2.pdb	131	4.74e-30	1117.0
d1va9a1.pdb	109	6.047e-21	970.0
d3bdua1.pdb	53	7.303e-10	452.0
d3qzra_.pdb	180	7.595e-39	1723.0
d1ok8a1.pdb	97	5.55e-19	882.0
d1zfja1.pdb	350	5.791e-80	2951.0
d1xqaa_.pdb	112	6.864e-25	964.0
d2h7xa1.pdb	278	2.154e-60	2434.0
d1t3ta1.pdb	68	4.299e-13	494.0
d1tq1a_.pdb	119	3.599e-27	989.0
d2bjqa1.pdb	170	6.643e-35	1609.0
d1h5wa_.pdb	249	4.219e-53	2074.0
d2g39a1.pdb	221	1.417e-47	1903.0
d1ps9a1.pdb	330	1.172e-77	2922.0
d1uf3a_.pdb	228	5.363e-52	2005.0
d1coja1.pdb	89	3.406e-16	647.0
d1hdoa_.pdb	205	1.428e-46	1814.0
d2gnoa2.pdb	198	2.667e-43	1609.0
d1obba2.pdb	307	1.643e-62	2464.0
d2fhpa1.pdb	182	1.41e-40	1525.0
d1jbaa_.pdb	189	6.088e-32	1469.0
d1rjuv_.pdb	36	3.035e-07	276.0
d1rl0a_.pdb	255	1.009e-59	2257.0
d2hqsc_.pdb	107	1.672e-24	887.0
d1ad2a_.pdb	224	1.495e-54	1991.0
d1yl7a2.pdb	109	2.768e-24	912.0
d2pbfa_.pdb	218	1.881e-48	1902.0
d1na6a1.pdb	172	2e-40	1515.0
d2ddfa_.pdb	253	4.815e-61	2274.0
d1i1ja_.pdb	106	2.348e-21	930.0
d1sxja1.pdb	146	3.3e-26	1088.0
d1usra_.pdb	447	4.694e-93	4420.0
d1jvba2.pdb	170	1.308e-34	1353.0
d2gc9a1.pdb	178	2.037e-37	1581.0
d1ek9a_.pdb	428	6.962e-63	3215.0
d1epwa1.pdb	218	3.439e-47	2057.0
d2ayia1.pdb	397	2.051e-91	3518.0
d3mvua_.pdb	225	1.78e-30	1688.0
d1u5ta1.pdb	145	4.35e-27	1056.0
d2al6a2.pdb	110	6.662e-21	936.0
d3f1pb_.pdb	111	1.695e-24	982.0
d1jhfa1.pdb	71	7.3e-14	513.0
d1mkma2.pdb	171	1.604e-41	1465.0
d1z8ha_.pdb	202	5.753e-47	1741.0
d1o70a1.pdb	140	6.173e-30	1182.0
d1uaaa2.pdb	330	5.39e-65	2718.0
d1k1xa2.pdb	252	6.594e-49	2355.0
d1tvfa2.pdb	301	1.063e-64	2609.0
d1ex2a_.pdb	185	1.795e-41	1611.0
d1tz9a_.pdb	344	9.055e-76	2963.0
d1nzya_.pdb	269	7.782e-57	2244.0
d2ocla_.pdb	254	1.231e-60	2296.0
d1z84a2.pdb	156	1.021e-35	1322.0
d2qs8a1.pdb	96	5.904e-20	855.0
d1beda_.pdb	181	1.984e-38	1526.0
d1tkea2.pdb	162	2.297e-34	1377.0
d2gmwa1.pdb	182	4.42e-44	1601.0
d1bd0a2.pdb	233	2.366e-52	2044.0
d2ji7a1.pdb	175	2.278e-37	1463.0
d1nh1a_.pdb	290	5.982e-52	2443.0
d3iija_.pdb	175	5.814e-39	1443.0
d1oksa_.pdb	53	8.332e-08	308.0
d1qp8a1.pdb	181	4.5e-40	1546.0
d2q9oa1.pdb	162	2.269e-38	1544.0
d1dcta_.pdb	324	4.399e-79	3000.0
d2dula1.pdb	367	1.611e-84	3310.0
d1z6om1.pdb	191	3.158e-29	1446.0
d2oh3a1.pdb	149	1.651e-22	1019.0
d7reqb1.pdb	460	3.79e-83	3879.0
d1oxja1.pdb	62	6.216e-10	400.0
d1r9da_.pdb	786	0.0	7001.0
d2hzfa_.pdb	110	5.014e-25	907.0
d3cwca_.pdb	369	7.869e-83	3244.0
d2nw8a1.pdb	262	9.029e-38	2019.0
d1m6ya2.pdb	192	1.98e-46	1675.0
d2j4ba1.pdb	129	2.103e-22	935.0
d3eofa_.pdb	248	3.069e-49	1979.0
d1jfra_.pdb	260	7.735e-61	2352.0
d2v9va1.pdb	61	2.108e-11	435.0
d3q46a_.pdb	178	1.915e-40	1587.0
d1jbja1.pdb	86	1.274e-16	718.0
d1sbya_.pdb	254	8.544e-54	2243.0
d1kv7a1.pdb	140	2.699e-30	1319.0
d1z7ma1.pdb	311	4.4e-66	2658.0
d1p9ga_.pdb	41	1.292e-08	331.0
d1p9ya_.pdb	117	3.749e-24	893.0
d1xqba_.pdb	186	1.308e-39	1629.0
d1wpua_.pdb	147	2.954e-34	1203.0
d2owna1.pdb	147	6.742e-31	1260.0
d1kkea2.pdb	143	2.844e-30	1384.0
d1v2za_.pdb	106	3.827e-16	692.0
d2e2dc_.pdb	180	1.259e-42	1688.0
d1bw3a_.pdb	125	6.557e-29	1137.0
d1mkya2.pdb	169	4.648e-36	1417.0
d2qalt1.pdb	85	3.146e-12	556.0
d1a1va1.pdb	136	1.169e-31	1156.0
d1r5ba2.pdb	68	1.301e-12	520.0
d1wfqa_.pdb	89	9.295e-18	751.0
d2f4mb_.pdb	61	3.224e-09	369.0
d2f5ga_.pdb	130	7.036e-27	1052.0
d1e3ha1.pdb	83	9.053e-13	566.0
d1h7za_.pdb	191	7.726e-40	1770.0
d1wiva_.pdb	73	9.232e-12	452.0
d1xdza_.pdb	238	1.647e-55	2038.0
d1lq9a_.pdb	112	3.815e-24	913.0
d1vpya_.pdb	251	7.718e-57	2166.0
d1q3xa1.pdb	242	5.714e-54	2264.0
d1xwdb1.pdb	105	1.817e-19	870.0
d2e1za2.pdb	205	3.573e-47	1755.0
d1eysh2.pdb	37	4.44e-06	199.0
d1eyva_.pdb	131	5.724e-19	942.0
d1mwqa_.pdb	100	1.118e-23	837.0
d1w8oa2.pdb	142	4.392e-32	1344.0
d2o23a_.pdb	248	3.195e-56	2138.0
d1xg8a_.pdb	108	1.896e-24	889.0
d2eena_.pdb	177	2.036e-33	1465.0
d1meka_.pdb	120	1.649e-29	1033.0
d1fl2a1.pdb	184	8.522e-45	1657.0
d1vq8m1.pdb	194	2.823e-40	1555.0
d2ilka_.pdb	155	8.834e-25	1032.0
d3eoja_.pdb	358	4.592e-78	3329.0
d2dt4a_.pdb	143	9.533e-28	1311.0
d1d1da1.pdb	80	2.385e-14	602.0
d1ewqa3.pdb	146	4.551e-33	1233.0
d1vdwa_.pdb	248	2.383e-57	2170.0
d3ksva_.pdb	141	6.337e-28	1103.0
d1nj1a2.pdb	71	4.094e-17	626.0
d3ejja_.pdb	148	1.602e-26	1191.0
d1l1qa_.pdb	181	1.431e-42	1655.0
d2nwba_.pdb	379	1.47e-57	3122.0
d1vj7a1.pdb	172	1.245e-24	1243.0
d2nr4a1.pdb	191	1.363e-40	1686.0
d1nm3a2.pdb	163	2.131e-38	1418.0
d2bwqa_.pdb	122	1.019e-25	1136.0
d3grda_.pdb	133	5.866e-26	1095.0
d1jz8a3.pdb	207	3.785e-46	1963.0
d2b25a1.pdb	254	2.982e-60	2283.0
d1zx8a1.pdb	124	2.295e-24	1116.0
d3eeqa2.pdb	196	2.257e-44	1680.0
d1syya_.pdb	317	1.785e-44	2483.0
d1aqea_.pdb	110	2.436e-23	856.0
d1doia_.pdb	128	2.276e-29	1102.0
d1hx6a2.pdb	140	5.25e-33	1287.0
d1vh4a_.pdb	410	5.405e-67	3350.0
d3bwga1.pdb	78	1.776e-14	538.0
d3gxba_.pdb	177	1.487e-40	1540.0
d1t56a1.pdb	73	4.708e-12	496.0
d2i8ta_.pdb	149	1.886e-35	1376.0
d3rnqa_.pdb	112	2.945e-23	1072.0
d1qk7a_.pdb	32	4.16e-07	264.0
d1qkia2.pdb	297	6.835e-65	2610.0
d3h7oa_.pdb	228	1.165e-48	2080.0
d1ve2a1.pdb	222	1.698e-51	1981.0
d1h6ka2.pdb	190	1.862e-30	1515.0
d1xaua_.pdb	104	1.863e-22	996.0
d2j01y1.pdb	100	1.752e-20	845.0
d2yb6a_.pdb	149	3.786e-33	1266.0
d2r8ba1.pdb	203	1.769e-45	1785.0
d1sjya_.pdb	154	9.141e-34	1317.0
d2cr5a1.pdb	96	1.368e-21	832.0
d2hqxa1.pdb	90	1.148e-18	749.0
d3mdda2.pdb	231	9.932e-52	2034.0
d1xfda1.pdb	465	4.086e-89	4316.0
d1qd1a2.pdb	140	3.68e-30	1191.0
d2apra_.pdb	325	3.975e-73	3148.0
d1mkia_.pdb	312	7.539e-59	2644.0
d3hmca_.pdb	189	2.615e-44	1676.0
d1qo2a_.pdb	241	9.752e-50	2036.0
d1f7ca_.pdb	182	1.469e-27	1401.0
d1vkma_.pdb	292	1.607e-62	2421.0
d1o1za_.pdb	226	1.298e-48	1831.0
d3hgma_.pdb	147	5.895e-33	1222.0
d1ppjd1.pdb	195	5.218e-42	1652.0
d1ws8a_.pdb	104	1.709e-25	980.0
d2gysa2.pdb	109	1.46e-22	1008.0
d1b74a1.pdb	105	2.655e-23	840.0
d1p7ba1.pdb	142	7.526e-30	1251.0
d1xkua_.pdb	305	4.387e-54	2700.0
d2joya1.pdb	96	9.932e-19	759.0
d3mu7a_.pdb	273	2.407e-63	2383.0
d2v0fa1.pdb	87	2.108e-19	721.0
d3m5ja_.pdb	310	5.755e-68	2911.0
d1vk3a2.pdb	162	4.997e-36	1352.0
d3fsia_.pdb	248	3.08e-55	2161.0
d1oeya_.pdb	82	1.139e-18	701.0
d1v58a1.pdb	169	5.205e-36	1431.0
d3ieka_.pdb	431	5.073e-98	3945.0
d3loia_.pdb	161	1.045e-32	1465.0
d1pgsa1.pdb	137	2.018e-28	1261.0
d2a46a_.pdb	217	1.17e-53	2201.0
d1fxda_.pdb	58	6.873e-12	439.0
d1h7ca_.pdb	103	2.138e-13	603.0
d1ly1a_.pdb	152	1.275e-31	1186.0
d2fgoa_.pdb	81	6.093e-18	671.0
d2guya2.pdb	381	4.455e-90	3513.0
d2vt1.1.pdb	21	0.1468	81.0
d2vuti1.pdb	42	6.519e-08	309.0
d1shsa_.pdb	115	4.205e-20	923.0
d2e01a_.pdb	445	7.785e-90	3848.0
d2hkua2.pdb	121	1.848e-17	816.0
d2p3pa1.pdb	197	2.193e-40	1726.0
d1m9sa3.pdb	86	9.507e-17	760.0
d1tr0a_.pdb	106	3.54e-23	862.0
d2cora2.pdb	35	8.645e-07	261.0
d2ctma1.pdb	81	4.666e-17	649.0
d2slia2.pdb	483	0.0	4619.0
d2a13a1.pdb	153	1.974e-28	1393.0
d2a1xa1.pdb	253	3.597e-62	2324.0
d1d9ca_.pdb	121	2.668e-17	748.0
d1hq0a_.pdb	295	5.643e-68	2719.0
d2dj7a2.pdb	36	4.254e-08	289.0
d2f9wa2.pdb	114	5.899e-25	927.0
d3o26a_.pdb	294	1.574e-63	2507.0
d2ntka1.pdb	202	4.372e-45	1857.0
d1j5ya2.pdb	107	2.843e-21	849.0
d1wkaa1.pdb	143	3.237e-32	1240.0
d2g7sa1.pdb	74	3.5e-12	494.0
d1m15a1.pdb	94	1.258e-17	710.0
d1pina2.pdb	119	4.92e-28	1015.0
d1tm0a_.pdb	311	1.421e-73	2938.0
d1bhpa_.pdb	45	7.062e-09	326.0
d1c4ka3.pdb	161	7.819e-35	1342.0
d1kola1.pdb	201	1.267e-46	1793.0
d1x5xa1.pdb	96	4.483e-17	803.0
d2puza1.pdb	103	2.757e-24	937.0
d1b9la_.pdb	119	2.1e-25	1020.0
d1mk0a_.pdb	97	1.395e-21	795.0
d3f6ya_.pdb	235	7.542e-53	2115.0
d1wy5a2.pdb	95	8.388e-18	654.0
d2a2ja1.pdb	201	5.881e-45	1777.0
d1g0da2.pdb	109	2.548e-22	1027.0
d1pu6a_.pdb	217	1.622e-32	1659.0
d2nn4a1.pdb	62	5.794e-10	396.0
d2uubt1.pdb	99	5.37e-13	594.0
d3kjta_.pdb	370	4.439e-87	3259.0
d2f6qa1.pdb	241	5.323e-52	2046.0
d1hn0a4.pdb	281	1.139e-62	2677.0
d2pv4a1.pdb	144	6.295e-21	1007.0
d3zyra_.pdb	240	2.19e-52	2303.0
d1zuea1.pdb	42	7.602e-10	364.0
d2b5aa1.pdb	77	3.941e-12	578.0
d2fb1a2.pdb	147	1.311e-32	1235.0
d3evfa_.pdb	261	6.297e-61	2311.0
d1xrza_.pdb	30	9.532e-06	212.0
d1xvha2.pdb	56	1.312e-08	355.0
d1y5ha3.pdb	123	7.53e-28	1008.0
d2g2na_.pdb	111	5.002e-24	1046.0
d3jqka_.pdb	143	1.434e-31	1226.0
d1nq7a_.pdb	244	9.882e-36	1831.0
d2ep6a1.pdb	126	6.745e-25	1158.0
d1dgw.1.pdb	76	2.272e-13	494.0
d1h4ra3.pdb	84	1.208e-17	706.0
d1o4ya_.pdb	270	1.587e-59	2601.0
d2d0oa1.pdb	162	2.355e-39	1434.0
d1e5sa_.pdb	260	2.038e-60	2341.0
d2erla_.pdb	40	3.153e-07	292.0
d2foka3.pdb	95	2.842e-19	728.0
d2g3ba1.pdb	71	7.436e-11	458.0
d2i06a_.pdb	305	2.339e-67	2676.0
d1qzza2.pdb	249	2.86e-54	2142.0
d1dx4a_.pdb	537	0.0	5013.0
d1abva_.pdb	105	1.892e-15	727.0
d1he1a_.pdb	135	6.445e-20	987.0
d1t0ia_.pdb	185	3.515e-41	1582.0
d1ci4a_.pdb	89	1.826e-15	663.0
d1dmla1.pdb	141	5.278e-29	1255.0
d1rqga2.pdb	361	6.145e-81	3212.0
d1t3wa_.pdb	134	6.252e-19	897.0
d1y0pa2.pdb	308	2.721e-71	2719.0
d1p5dx3.pdb	109	5.571e-24	867.0
d1viaa_.pdb	161	1.341e-34	1271.0
d2qgsa1.pdb	209	1.966e-28	1429.0
d1nvpd2.pdb	46	5.199e-08	390.0
d1rvka1.pdb	255	5.731e-58	2197.0
d1gmua1.pdb	70	8.154e-15	602.0
d1nxha_.pdb	124	1.542e-17	791.0
d1rjta_.pdb	73	4.42e-15	574.0
d3s26a_.pdb	169	9.31e-35	1538.0
d1vq8z1.pdb	73	2.242e-16	594.0
d1xa6a1.pdb	196	5.811e-31	1523.0
d2p6ra4.pdb	201	6.803e-46	1764.0
d1vcsa1.pdb	89	1.08e-12	555.0
d1xr0b_.pdb	129	1.243e-24	1079.0
d3bnea1.pdb	690	0.0	6093.0
d1ffya1.pdb	273	1.509e-50	2180.0
d2awia2.pdb	231	7.063e-32	1655.0
d1aopa4.pdb	145	1.919e-34	1262.0
d2cwsa_.pdb	227	4.596e-51	2213.0
d1jixa_.pdb	351	6.441e-79	3035.0
d3h63a_.pdb	315	2.342e-75	2888.0
d2nr9a1.pdb	189	4.415e-31	1483.0
d1g1ta1.pdb	118	2.039e-26	1019.0
d1ldtl_.pdb	46	8.777e-10	381.0
d1nrja_.pdb	147	4.73e-29	1178.0
d1xsfa1.pdb	86	3.266e-17	694.0
d2auwa1.pdb	67	2.502e-11	447.0
d2bw4a1.pdb	157	7.215e-34	1474.0
d2joda1.pdb	106	9.517e-25	942.0
d2w9ha_.pdb	157	2.509e-36	1381.0
d1iwga5.pdb	92	1.497e-19	724.0
d1l6ra_.pdb	225	1.089e-50	1960.0
d3mi02_.pdb	223	8.869e-49	1904.0
d1w0na_.pdb	120	1.244e-23	1116.0
d2jq4a1.pdb	83	8.534e-17	616.0
d2o9sa_.pdb	67	2.693e-13	589.0
d1bom.1.pdb	28	4.325e-05	179.0
d1booa_.pdb	282	2.9e-66	2527.0
d2y5fl_.pdb	54	8.431e-13	458.0
d3b8ma1.pdb	255	8.111e-50	1899.0
d1qf6a1.pdb	110	4.299e-24	875.0
d2d8ya2.pdb	42	2.888e-08	306.0
d2dp9a_.pdb	124	1.551e-28	1084.0
d2jdca1.pdb	145	5.145e-31	1223.0
d1g5aa2.pdb	554	0.0	4966.0
d1rh5a_.pdb	410	1.317e-62	3284.0
d1go3f_.pdb	107	2.756e-17	749.0
d1mzka_.pdb	122	1.68e-25	1109.0
d1o70a2.pdb	156	4.227e-37	1394.0
d1vr0a1.pdb	235	1.856e-51	2011.0
d1dfma_.pdb	223	1.696e-50	1911.0
d2b5ib1.pdb	92	1.723e-18	853.0
d3c98a_.pdb	556	0.0	4760.0
d1hx2a_.pdb	60	6.177e-15	517.0
d1jmxa3.pdb	82	7.273e-17	765.0
d1th5a1.pdb	73	9.593e-16	575.0
d1w6ua_.pdb	288	3.741e-60	2402.0
d1wewa_.pdb	78	6.161e-16	592.0
d2bhua3.pdb	411	2.601e-93	3696.0
d2gz4a1.pdb	200	6.755e-35	1607.0
d1jala1.pdb	263	2.432e-52	2133.0
d2puza2.pdb	301	2.142e-63	2528.0
d2f02a_.pdb	319	4.793e-70	2788.0
d2dtra3.pdb	77	3.879e-16	642.0
d2ozga1.pdb	105	3.317e-23	870.0
d3iqla_.pdb	66	7.067e-13	577.0
d1h6va2.pdb	122	2.481e-28	1073.0
d1wx8a1.pdb	83	1.413e-19	719.0
d2b5ea4.pdb	119	1.878e-27	1019.0
d2j9wa_.pdb	101	4.743e-16	682.0
d3twra_.pdb	157	1.559e-26	1273.0
d1k8kg_.pdb	139	1.201e-21	1024.0
d1ueya_.pdb	127	1.974e-23	1091.0
d2f96a1.pdb	202	5.707e-43	1682.0
d1ofza_.pdb	312	5.341e-58	2861.0
d2vxna_.pdb	249	3.265e-57	2192.0
d2nu8b2.pdb	238	5.122e-55	2103.0
d1kzqa1.pdb	129	4.41e-29	1195.0
d3c96a1.pdb	269	4.15e-60	2366.0
d1zunb1.pdb	92	6.923e-17	805.0
d2i00a1.pdb	106	6.527e-24	912.0
d3bzka2.pdb	73	1.252e-13	523.0
d3elna_.pdb	187	1.415e-42	1764.0
d1t3qc1.pdb	109	1.601e-23	920.0
d2bcgg2.pdb	47	1.217e-08	321.0
d2csha1.pdb	53	7.483e-11	405.0
d2eiya_.pdb	297	2.235e-76	2780.0
d1qava_.pdb	90	4.856e-17	751.0
d2uubd1.pdb	208	7.734e-41	1737.0
d1h4ax2.pdb	88	5.475e-18	812.0
d1lmra_.pdb	35	7.033e-08	310.0
d1lo7a_.pdb	140	2.824e-28	1232.0
d1zrja1.pdb	37	1.537e-05	227.0
d2a65a1.pdb	507	1.101e-70	3916.0
d1q6za1.pdb	160	1.918e-32	1330.0
d2g1pa_.pdb	244	3.054e-56	2171.0
d1r6la2.pdb	88	1.921e-15	650.0
d1y7ea1.pdb	113	7.031e-22	935.0
d1e9ra_.pdb	420	6.61e-90	3699.0
d1rwza1.pdb	122	3.132e-23	1015.0
d2fug21.pdb	178	4.694e-39	1438.0
d1cr1a_.pdb	245	1.414e-56	2120.0
d2p10a1.pdb	188	5.259e-42	1526.0
d1s3ea1.pdb	387	6.682e-85	3388.0
d1ja1a3.pdb	160	3.619e-37	1348.0
d2i7na1.pdb	113	1.934e-26	979.0
d3p2ca_.pdb	445	1.12e-79	3858.0
d1zlhb2.pdb	37	6.599e-08	302.0
d1y93a_.pdb	158	8.308e-37	1358.0
d2il5a1.pdb	162	1.044e-29	1285.0
d1kkoa2.pdb	160	4.407e-35	1327.0
d1v43a2.pdb	70	3.49e-11	528.0
d2fbqa1.pdb	79	9.336e-12	516.0
d2ij0c1.pdb	118	8.278e-25	1110.0
d1f6fb1.pdb	96	1.369e-18	847.0
d1ns5a_.pdb	153	2.409e-32	1233.0
d2fb5a1.pdb	201	2.323e-43	1588.0
d1azoa_.pdb	214	6.645e-48	1844.0
d1w36b1.pdb	469	8.77e-89	3894.0
d1z0na1.pdb	87	9.726e-18	806.0
d2p90a1.pdb	269	2.506e-60	2253.0
d1wjta_.pdb	103	1.204e-15	717.0
d2nn6c2.pdb	89	2.36e-17	716.0
d3eipa_.pdb	84	3.227e-18	716.0
d1ddla_.pdb	188	3.913e-36	1568.0
d1rlra1.pdb	212	4.8e-36	1690.0
d2ikka1.pdb	143	1.506e-29	1262.0
d1fasa_.pdb	61	1.84e-13	559.0
d1m7xa3.pdb	371	1.885e-84	3406.0
d1p7hl2.pdb	183	1.193e-35	1631.0
d2ib0a1.pdb	142	3.764e-21	984.0
d1fnha1.pdb	90	1.829e-16	786.0
d1o63a_.pdb	203	5.894e-47	1753.0
d2h0ua_.pdb	196	4.314e-40	1575.0
d1d4ta_.pdb	104	1.664e-22	866.0
d1lhpa_.pdb	306	2.147e-69	2712.0
d1oyja1.pdb	144	7.008e-23	1103.0
d1vbva1.pdb	77	1.236e-15	669.0
d1lnia_.pdb	96	6.179e-21	828.0
d1qxfa_.pdb	58	7.158e-12	510.0
d1tg7a2.pdb	182	1.338e-37	1578.0
d2imqx_.pdb	280	2.796e-61	2520.0
d1mwwa_.pdb	120	2.918e-28	1023.0
d1un8a1.pdb	207	1.118e-28	1496.0
d3emva_.pdb	246	9.379e-58	2206.0
d2ezia_.pdb	75	1.735e-13	510.0
d2fy8a2.pdb	92	2.157e-20	790.0
d2zw2a_.pdb	85	1.687e-17	628.0
d1j5sa_.pdb	451	1.353e-84	3961.0
d1vima_.pdb	192	7.296e-38	1472.0
d1cz4a1.pdb	91	1.543e-21	830.0
d1kqka_.pdb	80	1.66e-17	681.0
d1rrka1.pdb	277	1.558e-65	2595.0
d3cdda2.pdb	179	1.542e-39	1620.0
d1nt4a_.pdb	391	8.496e-83	3527.0
d1pprm1.pdb	156	2.606e-25	1135.0
d1y0ua_.pdb	89	7.211e-16	607.0
d2bz6h_.pdb	254	1.822e-55	2380.0
d3lf6a_.pdb	154	6.296e-35	1285.0
d1j34c_.pdb	46	3.935e-07	285.0
d1j97a_.pdb	210	1.483e-45	1730.0
d2je6i3.pdb	61	3.779e-12	447.0
d2o9ga_.pdb	233	1e-36	1842.0
d1kafa_.pdb	108	1.562e-22	904.0
d1wzza1.pdb	319	2.289e-64	2813.0
d1exqa_.pdb	147	2.865e-32	1250.0
d1wffa_.pdb	85	4.057e-17	618.0
d1xn7a_.pdb	78	1.203e-15	560.0
d1iz6a1.pdb	69	1.304e-13	619.0
d1rwha2.pdb	113	4.101e-24	996.0
d2g82a2.pdb	162	5.717e-41	1476.0
d1aepa_.pdb	153	8.535e-20	994.0
d1olza1.pdb	91	9.292e-19	837.0
d1zh8a1.pdb	181	1.872e-38	1467.0
d1gxua_.pdb	88	3.785e-23	798.0
d1r5la1.pdb	66	5.979e-11	454.0
d1s7ea2.pdb	80	6.783e-20	630.0
d1u89a1.pdb	138	5.747e-20	965.0
d3cnqp_.pdb	71	1.901e-14	562.0
d3zuca_.pdb	153	7.164e-35	1433.0
d1m40a_.pdb	263	6.427e-56	2305.0
d3ddta_.pdb	48	1.307e-10	408.0
d3ew8a_.pdb	357	2.349e-81	3240.0
d3arcf_.pdb	34	0.0001002	177.0
d3arch_.pdb	65	9.122e-11	398.0
d3arcj_.pdb	38	1.926e-05	195.0
d3arcm_.pdb	34	0.000247	154.0
d3arco_.pdb	243	2.675e-53	2281.0
d1wm1a_.pdb	313	7.995e-70	2874.0
d1xc3a2.pdb	176	6.454e-40	1478.0
d3emca_.pdb	331	3.875e-76	2968.0
d2q03a1.pdb	133	2.19e-24	1160.0
d1hx6a1.pdb	230	5.423e-53	2104.0
d1y29a_.pdb	28	9.16e-06	226.0
d1y44a1.pdb	269	6.613e-62	2497.0
d1pgva_.pdb	167	1.374e-32	1313.0
d2phpa1.pdb	180	1.179e-40	1570.0
d1l3la2.pdb	168	4.384e-36	1425.0
d2cpra1.pdb	113	2.695e-18	821.0
d2hxma_.pdb	223	7.857e-54	1956.0
d1f6ba_.pdb	176	2.52e-40	1484.0
d2fcba2.pdb	88	2.833e-18	800.0
d3k7ya_.pdb	405	4.741e-85	3447.0
d1l7ba_.pdb	92	7.737e-20	725.0
d1uhsa_.pdb	72	2.969e-12	487.0
d1vj1a1.pdb	166	2.736e-37	1482.0
d3bqpa_.pdb	80	1.752e-12	584.0
d3pmga4.pdb	141	2.145e-28	1213.0
d1t92a_.pdb	108	1.373e-24	895.0
d1vkca_.pdb	149	6.997e-29	1078.0
d2naca2.pdb	186	1.589e-44	1612.0
d1iooa_.pdb	196	1.78e-46	1763.0
d1sj7a1.pdb	167	2.637e-23	1144.0
d2oika1.pdb	139	9.244e-29	1150.0
d1dypa_.pdb	271	9.925e-56	2649.0
d1xdpa2.pdb	208	4.362e-47	1783.0
d1dfca3.pdb	120	2.673e-23	1063.0
d1nk2p_.pdb	77	5.018e-13	505.0
d1ui0a_.pdb	192	2.808e-44	1634.0
d3uida_.pdb	163	1.241e-34	1470.0
d1u6za1.pdb	197	2.08e-33	1543.0
d2rlda1.pdb	113	3.329e-15	727.0
d1d7ya3.pdb	97	1.931e-21	822.0
d1kzqa2.pdb	124	9.8e-30	1166.0
d1txja_.pdb	157	2.094e-32	1291.0
d2bopa_.pdb	85	9.4e-19	712.0
d2o5fa_.pdb	155	1.017e-35	1382.0
d1dkla_.pdb	404	9.733e-88	3603.0
d2r85a2.pdb	231	1.024e-50	1990.0
d1rjlc_.pdb	95	6.395e-16	742.0
d1xl3c1.pdb	91	1.061e-14	606.0
d2dsrg1.pdb	79	2.957e-17	640.0
d2hnua_.pdb	81	3.326e-18	712.0
d2v6xa_.pdb	82	6.849e-12	480.0
d3rmua_.pdb	134	1.985e-28	1132.0
d1pgl22.pdb	188	1.13e-38	1756.0
d2gcia_.pdb	354	2.276e-80	3066.0
d1x7da_.pdb	340	3.646e-77	2995.0
d1x9ya2.pdb	171	2.62e-34	1386.0
d2wpnb_.pdb	481	3.968e-96	4317.0
d2ct5a1.pdb	60	2.764e-12	463.0
d2f9wa1.pdb	134	8.796e-29	1092.0
d1dlpa2.pdb	118	1.347e-24	1077.0
d1jp4a_.pdb	302	4.196e-70	2702.0
d2okca1.pdb	424	1.675e-86	3640.0
d2ozja_.pdb	110	2.147e-22	995.0
d1drua2.pdb	110	1.043e-25	936.0
d1p42a1.pdb	120	2.639e-26	1074.0
d1rf8b_.pdb	100	1.704e-20	735.0
d1rmka_.pdb	31	6.347e-06	241.0
d1rz0a_.pdb	153	2.891e-29	1305.0
d2qame1.pdb	201	8.858e-46	1650.0
d1i7na1.pdb	102	5.944e-23	878.0
d1sp3a_.pdb	436	0.0	3978.0
d2r7ga1.pdb	193	7.838e-29	1452.0
d1jqlb_.pdb	140	1.633e-31	1198.0
d1x5ia1.pdb	113	6.668e-22	997.0
d2vhla1.pdb	91	2.046e-19	822.0
d1o59a2.pdb	139	1.484e-34	1340.0
d1xo5a_.pdb	174	6.405e-31	1333.0
d2o37a_.pdb	81	1.449e-15	620.0
d2riha_.pdb	131	2.692e-30	1076.0
d1fl2a2.pdb	126	3.24e-30	1146.0
d1qtma1.pdb	130	5.725e-31	1128.0
d1ylfa1.pdb	117	6.447e-21	826.0
d2gm6a1.pdb	192	2.159e-40	1710.0
d1kzla1.pdb	92	1.806e-17	784.0
d1wgea1.pdb	70	3.331e-16	604.0
d2dyrb2.pdb	90	1.118e-13	437.0
d2fug32.pdb	437	2.732e-100	3860.0
d2hm7a_.pdb	308	1.725e-68	2708.0
d2ex4a1.pdb	218	1.822e-52	1931.0
d1t15a1.pdb	109	3.749e-24	889.0
d1zbfa1.pdb	132	3.302e-30	1114.0
d1a1va2.pdb	296	3.357e-67	2572.0
d2cxka1.pdb	82	5.465e-17	768.0
d3ecoa_.pdb	135	5.941e-24	898.0
d1jhda1.pdb	173	2.291e-41	1496.0
d1k61a_.pdb	60	4.8e-09	351.0
d1lr7a2.pdb	48	2.762e-10	402.0
d1na6a2.pdb	193	2.287e-37	1564.0
d1u85a1.pdb	31	4.556e-06	218.0
d1u8sa1.pdb	86	2.856e-22	741.0
d2hoea2.pdb	168	2.238e-34	1285.0
d1g6oa_.pdb	323	4.173e-72	2797.0
d1f7ua2.pdb	348	6.458e-70	2881.0
d3ecfa1.pdb	128	3.783e-27	1079.0
d1rypc_.pdb	244	3.829e-53	2084.0
d1jgta2.pdb	200	9.079e-45	1863.0
d1xeaa2.pdb	144	8.495e-33	1299.0
d3ej9b_.pdb	59	8.484e-12	428.0
d1bh9a_.pdb	45	3.117e-07	253.0
d1bh9b_.pdb	89	1.262e-15	578.0
d1dqaa1.pdb	117	7.422e-25	975.0
d1mj3a_.pdb	258	2.713e-55	2155.0
d2qqia2.pdb	155	6.67e-33	1438.0
d1h9aa2.pdb	290	6.253e-65	2537.0
d2fr2a1.pdb	161	2.164e-29	1410.0
d2c78a3.pdb	204	7.329e-45	1730.0
d1rkxa_.pdb	349	6.611e-75	3129.0
d1odha_.pdb	157	2.387e-31	1396.0
d2bdra1.pdb	166	2.428e-34	1526.0
d3p6da_.pdb	139	5.789e-25	1171.0
d1q1ca2.pdb	117	8.73e-26	1054.0
d1yoaa1.pdb	159	3.295e-34	1472.0
d1nf4a_.pdb	169	1.071e-23	1149.0
d1xzoa1.pdb	172	1.743e-40	1531.0
d1dm9a_.pdb	104	1.682e-20	812.0
d1nuna_.pdb	139	8.236e-28	1204.0
d1wuba_.pdb	176	2.411e-36	1650.0
d3d7aa_.pdb	137	3.038e-31	1157.0
d1ok0a_.pdb	74	3.176e-14	646.0
d1whla_.pdb	95	5.041e-18	773.0
d2brxa1.pdb	217	2.02e-48	1862.0
d1qdla_.pdb	415	3.895e-93	3776.0
d1m7ga_.pdb	208	7.465e-46	1725.0
d2xfaa_.pdb	143	1.738e-32	1210.0
d1iama2.pdb	82	3.58e-16	741.0
d2fbda_.pdb	122	1.14e-24	999.0
d2hmfa2.pdb	67	9.793e-14	516.0
d3h4na_.pdb	68	1.783e-14	519.0
d3mfqa_.pdb	278	5.872e-59	2360.0
d2o35a1.pdb	79	3.396e-14	553.0
d2ptfa1.pdb	200	3.152e-40	1757.0
d1skva_.pdb	64	1.02e-08	346.0
d1uoua1.pdb	68	5.864e-11	472.0
d1y88a1.pdb	59	7.085e-10	398.0
d2aeea1.pdb	204	9.636e-47	1756.0
d2qo4a_.pdb	125	7.428e-23	1065.0
d1k12a_.pdb	158	2.743e-37	1476.0
d1vola2.pdb	109	1.379e-18	855.0
d2f6ua1.pdb	231	2.216e-52	1998.0
d1uhza_.pdb	89	1.211e-17	692.0
d2ah2a2.pdb	399	9.875e-76	3729.0
d1pina1.pdb	34	3.748e-06	285.0
d1sw5a_.pdb	270	1.338e-63	2406.0
d1a62a2.pdb	78	1.441e-17	702.0
d1h80a_.pdb	433	4.977e-82	3995.0
d3fila_.pdb	56	1.236e-11	435.0
d1f00i3.pdb	98	6.204e-22	824.0
d1hx0a2.pdb	403	4.12e-96	3700.0
d3l7wa_.pdb	106	9.366e-20	767.0
d1jr3a1.pdb	126	2.764e-18	876.0
d1p7ga2.pdb	119	2.566e-25	962.0
d1u0sy_.pdb	118	3.96e-25	952.0
d2q07a2.pdb	138	7.777e-28	1167.0
d1jvra_.pdb	137	1.401e-25	908.0
d1ks8a_.pdb	433	1.027e-71	3700.0
d1gefa_.pdb	120	4.201e-27	997.0
d1s5ja2.pdb	319	6.304e-65	2609.0
d1dbwa_.pdb	123	8.694e-25	954.0
d1v8pa_.pdb	132	2.18e-26	1033.0
d2ixoa1.pdb	307	7.412e-54	2583.0
d1p94a_.pdb	76	1.372e-12	450.0
d1q5wa_.pdb	31	7.129e-06	249.0
d1q60a_.pdb	99	2.537e-21	779.0
d1t8sa_.pdb	443	4.314e-101	3928.0
d1y43.1.pdb	32	0.006223	126.0
d2rdea2.pdb	114	1.943e-22	1031.0
d1jhga_.pdb	101	1.093e-15	637.0
d1k7ca_.pdb	233	1.287e-53	1992.0
d3ag3l_.pdb	46	8.796e-07	238.0
d3agna_.pdb	114	5.41e-25	1008.0
d1ct9a1.pdb	305	2.921e-51	2584.0
d3frua2.pdb	178	3.74e-37	1541.0
d1mc0a2.pdb	154	1.857e-33	1307.0
d2bgwa2.pdb	133	5.931e-29	1100.0
d1a7ja_.pdb	279	1.741e-61	2402.0
d1u7ia_.pdb	134	6.044e-31	1188.0
d2gtaa1.pdb	98	2.832e-15	638.0
d2p5zx1.pdb	71	1.076e-14	635.0
d1auya_.pdb	163	4.633e-34	1428.0
d1n8ma_.pdb	38	9.218e-09	307.0
d1oboa_.pdb	169	1.425e-36	1499.0
d2od5a1.pdb	91	4.632e-18	681.0
d1b79a_.pdb	102	1.749e-16	770.0
d1fs1a1.pdb	41	4.931e-07	281.0
d1g8kb_.pdb	133	2.09e-26	1172.0
d1oi7a1.pdb	121	7.747e-27	1002.0
d2bh1a1.pdb	94	1.123e-20	755.0
d2nxyb1.pdb	97	9.341e-20	871.0
d1exta3.pdb	57	6.642e-12	437.0
d1ft9a2.pdb	132	3.612e-28	1137.0
d1qhda2.pdb	184	6.088e-43	1774.0
d2o16a3.pdb	130	2.085e-28	997.0
d3cvba_.pdb	105	2.114e-24	989.0
d1hn0a3.pdb	122	1.152e-23	1101.0
d1tx4a_.pdb	196	5.596e-31	1539.0
d1xi7a_.pdb	47	4.497e-09	354.0
d2c34a1.pdb	113	1.051e-22	997.0
d3byqa1.pdb	191	4.16e-43	1683.0
d1xc3a1.pdb	118	6.107e-27	1009.0
d2p06a1.pdb	84	2.971e-12	520.0
d2w15a_.pdb	202	8.896e-50	1798.0
d1mgta2.pdb	88	1.085e-18	692.0
d1t62a_.pdb	153	1.889e-36	1330.0
d2bjka_.pdb	516	0.0	4680.0
d2reia_.pdb	277	4.738e-57	2398.0
d3krra_.pdb	293	7.69e-60	2543.0
d2b5dx1.pdb	114	3.921e-18	833.0
d2nqwa1.pdb	87	1.06e-18	714.0
d3r3ra_.pdb	184	9.266e-37	1680.0
d1hg8a_.pdb	349	4.135e-62	3217.0
d1piia1.pdb	198	6.308e-43	1763.0
d2q66a1.pdb	150	5.219e-29	1190.0
d1d2zb_.pdb	150	5.276e-28	1173.0
d1knga_.pdb	144	2.766e-34	1261.0
d1z8ma1.pdb	88	9.435e-19	737.0
d1wy6a_.pdb	159	7.186e-23	1148.0
d2plia1.pdb	84	5.584e-17	680.0
d451ca_.pdb	82	1.791e-17	638.0
d1f60b_.pdb	90	9.429e-19	756.0
d1n3ha_.pdb	207	1.595e-44	1803.0
d2e8ba_.pdb	185	1.091e-41	1545.0
d1im5a_.pdb	179	2.556e-39	1564.0
d2d6ya2.pdb	118	1.703e-19	814.0
d2ghpa2.pdb	75	8.503e-17	628.0
d3e9va1.pdb	120	4.925e-26	1001.0
d1vqqa2.pdb	188	2.235e-41	1643.0
d2vata1.pdb	347	3.634e-80	3148.0
d3d31a1.pdb	119	1.47e-22	1053.0
d1m4ia_.pdb	181	4.012e-44	1641.0
d2elca2.pdb	264	1.339e-53	2232.0
d1qy9a1.pdb	127	5.65e-28	1132.0
d2avue1.pdb	156	8.534e-32	1238.0
d2retb1.pdb	159	2.888e-31	1385.0
d1h03p2.pdb	63	4.152e-13	565.0
d1ik9a1.pdb	113	1.27e-22	975.0
d1x5sa1.pdb	90	2.501e-19	729.0
d2fyga1.pdb	123	5.556e-28	1088.0
d2vn6a_.pdb	151	6.245e-32	1414.0
d1m7ja2.pdb	61	2.941e-12	476.0
d1neka1.pdb	138	4.928e-27	1036.0
d1ywua1.pdb	125	1.541e-24	1083.0
d3b55a1.pdb	403	4.687e-83	3521.0
d2rh3a1.pdb	121	2.325e-24	949.0
d1am7a_.pdb	154	6.047e-29	1195.0
d1jx4a1.pdb	101	9.805e-24	856.0
d3fbka_.pdb	138	2.277e-27	1271.0
d1q3qa1.pdb	258	9.048e-43	1981.0
d3kvqa_.pdb	82	3.861e-17	705.0
d1h5oa_.pdb	42	4.066e-09	361.0
d1ifra_.pdb	113	3.239e-23	1088.0
d1r5ba1.pdb	95	4.325e-18	844.0
d2csua1.pdb	129	4.552e-27	1069.0
d3fgya_.pdb	135	7.827e-28	1130.0
d1ozna_.pdb	284	1.717e-52	2572.0
d1yrea1.pdb	183	8.692e-43	1589.0
d2ftxa1.pdb	89	4.477e-18	701.0
d2opga_.pdb	98	3.543e-18	811.0
d3ryce_.pdb	136	1.68e-15	596.0
d1eyea_.pdb	256	2.563e-54	2135.0
d2qrda_.pdb	114	1.153e-25	1009.0
d1g8ta_.pdb	241	6.403e-58	2154.0
d1x7fa2.pdb	230	2.279e-51	2050.0
d1oh4a_.pdb	174	1.065e-38	1613.0
d2bvya1.pdb	82	5.837e-16	725.0
d2qpva1.pdb	133	4.452e-26	1095.0
d1l4db_.pdb	112	5.712e-25	992.0
d1s35a2.pdb	105	7.24e-15	644.0
d1w07a2.pdb	198	4.138e-29	1398.0
d2igta1.pdb	306	2.494e-71	2793.0
d2dira1.pdb	85	1.324e-18	680.0
d2wp4a_.pdb	121	1.549e-28	1056.0
d1h6da2.pdb	162	3.949e-37	1436.0
d1wcha_.pdb	308	1.849e-64	2653.0
d1k3ia1.pdb	102	2.922e-21	952.0
d1ul5a_.pdb	86	5.08e-19	681.0
d1ukfa_.pdb	188	5.801e-41	1667.0
d1dcsa_.pdb	279	2.573e-66	2545.0
d2hdza_.pdb	66	7.457e-10	412.0
d2k49a2.pdb	58	2.163e-11	452.0
d2xq1a_.pdb	491	9.003e-101	4302.0
d2es4d1.pdb	270	2.025e-37	1804.0
d1b77a2.pdb	118	5.05e-23	1004.0
d1su8a_.pdb	633	0.0	5483.0
d3nz1a_.pdb	249	3.582e-55	2061.0
d2hfta1.pdb	102	2.65e-20	895.0
d2gf6a1.pdb	134	3.938e-29	1165.0
d1eh9a1.pdb	90	1.819e-17	779.0
d1lmia_.pdb	131	4.695e-26	1197.0
d1yxoa_.pdb	328	2.041e-74	2912.0
d1tiqa_.pdb	173	3.977e-37	1408.0
d3clsc_.pdb	254	3.082e-56	2162.0
d1xbta2.pdb	41	1.455e-07	296.0
d1yoza1.pdb	111	5.11e-16	705.0
d2f6ka1.pdb	306	3.535e-63	2623.0
d1x47a1.pdb	85	1.044e-18	722.0
d1jkga_.pdb	139	2.461e-28	1152.0
d1v6pa_.pdb	62	3.646e-12	539.0
d1y6ia1.pdb	82	1.366e-12	573.0
d2czra1.pdb	218	4.416e-49	1921.0
d1h99a2.pdb	105	1.548e-16	731.0
d1r5ta_.pdb	141	3.248e-32	1240.0
d1yw6a1.pdb	313	8.843e-74	2839.0
d1qc7a_.pdb	101	4.906e-17	664.0
d1u7ga_.pdb	383	1.544e-59	3110.0
d3pgxa_.pdb	270	3.608e-61	2340.0
d1txda2.pdb	100	5.077e-19	856.0
d2ftwa1.pdb	150	2.511e-33	1310.0
d3ag3k_.pdb	49	1.798e-08	302.0
d3ah7a_.pdb	109	1.334e-25	949.0
d3s6jd_.pdb	216	1.21e-44	1772.0
d1ur4a_.pdb	386	1.246e-89	3446.0
d1ukxa_.pdb	137	4.654e-29	1112.0
d2d8qa1.pdb	57	4.908e-11	415.0
d2d9qb1.pdb	94	1.382e-19	868.0
d3m0ua_.pdb	58	1.144e-10	476.0
d1hyrc1.pdb	94	1.487e-18	848.0
d1pkxa1.pdb	198	3.004e-40	1600.0
d3mdfa_.pdb	83	8.225e-19	677.0
d1ikpa2.pdb	212	1.631e-49	1904.0
d1u0ka2.pdb	153	1.575e-35	1322.0
d2ft1a1.pdb	280	2.9e-64	2428.0
d1mw7a_.pdb	220	1.127e-46	1877.0
d2qlvb1.pdb	87	4.653e-18	818.0
d1i60a_.pdb	278	4.839e-62	2404.0
d1epba_.pdb	160	5.614e-31	1411.0
d1vlba3.pdb	117	4.097e-25	1008.0
d2fcba1.pdb	85	6.186e-18	808.0
d2we5a_.pdb	309	1.695e-70	2708.0
d2pmaa1.pdb	126	6.654e-25	1138.0
d1jnra1.pdb	141	3.565e-29	1109.0
d1wfma_.pdb	138	1.012e-26	1248.0
d2vv5a3.pdb	86	6.246e-11	462.0
d3fvsa_.pdb	419	1.198e-93	3737.0
d1ex0a1.pdb	173	1.051e-36	1610.0
d1yloa1.pdb	81	7.735e-15	675.0
d1co4a_.pdb	42	7.516e-08	291.0
d1dtdb_.pdb	61	1.212e-11	539.0
d1gwca2.pdb	83	8.661e-19	709.0
d1oe4a_.pdb	245	2.532e-55	2165.0
d3dssb_.pdb	327	2.337e-62	2825.0
d1vq8o1.pdb	115	1.573e-25	955.0
d2de6a2.pdb	242	8.446e-58	2141.0
d1ofcx2.pdb	127	3.151e-20	865.0
d1sfka_.pdb	73	3.925e-12	448.0
d1sr4a_.pdb	167	2.398e-33	1521.0
d1xg0a_.pdb	76	6.751e-15	517.0
d2b1la_.pdb	128	3.037e-31	1148.0
d3qoma_.pdb	479	0.0	4336.0
d1dcea2.pdb	109	5.318e-24	1030.0
d1xwma_.pdb	212	1.837e-28	1481.0
d3m5va_.pdb	298	4.94e-60	2501.0
d3swnb_.pdb	71	7.728e-14	634.0
d1g5ha1.pdb	127	1.291e-26	991.0
d1r0va1.pdb	78	5.599e-17	623.0
d1ty0a2.pdb	108	2.171e-25	945.0
d1t1ga_.pdb	357	2.573e-84	3236.0
d1i6la_.pdb	326	9.428e-58	2630.0
d1b8aa2.pdb	335	2.247e-70	2937.0
d2mev1_.pdb	268	4.199e-55	2370.0
d1mtyg_.pdb	162	5.281e-26	1192.0
d1z96a1.pdb	38	1.242e-05	242.0
d1zela2.pdb	209	2.244e-40	1810.0
d1a8pa2.pdb	158	1.119e-33	1324.0
d1uufa2.pdb	161	7.139e-35	1336.0
d3aa0a_.pdb	270	1.845e-53	2193.0
d3o46a_.pdb	84	5.106e-16	720.0
d1cv8a_.pdb	173	1.32e-39	1560.0
d1rrza_.pdb	66	8.577e-12	462.0
d1sdia_.pdb	213	9.447e-32	1625.0
d2gv8a1.pdb	335	2.061e-76	2940.0
d1rkla_.pdb	36	0.0001578	177.0
d1rkqa_.pdb	271	1.451e-62	2371.0
d1i07a_.pdb	59	2.393e-10	428.0
d1jy1a2.pdb	233	2.297e-57	2166.0
d2fug12.pdb	243	1.048e-53	2114.0
d1ri6a_.pdb	333	2.795e-67	3141.0
d1a8ya1.pdb	124	5.732e-27	979.0
d1j6ra_.pdb	197	1.502e-41	1630.0
d2a90a2.pdb	80	2.881e-16	626.0
d2e1ba1.pdb	87	6.691e-19	790.0
d3ebta1.pdb	131	1.438e-27	1114.0
d1itxa2.pdb	72	1.144e-15	649.0
d1muwa_.pdb	386	2.932e-75	3262.0
d1t1ua2.pdb	215	5.828e-46	1837.0
d2pyba_.pdb	151	1.91e-23	1092.0
d3bdia_.pdb	207	6.012e-48	1821.0
d2dx6a_.pdb	158	6.926e-32	1285.0
d1ghea_.pdb	170	1.495e-39	1479.0
d1xi9a_.pdb	388	8.636e-85	3450.0
d2bvua_.pdb	123	4.676e-23	1141.0
d3bnea2.pdb	128	6.28e-26	1182.0
d1gpja1.pdb	97	1.367e-12	515.0
d1jo5a_.pdb	48	5.556e-08	250.0
d1jofa_.pdb	365	4.348e-79	3564.0
d2pspa1.pdb	53	3.636e-11	408.0
d1gpea1.pdb	391	5.27e-96	3570.0
d2j6ba1.pdb	109	8.246e-24	911.0
d3ygsp_.pdb	97	2.419e-14	673.0
d1bf2a2.pdb	113	9.382e-25	1044.0
d1k8kd2.pdb	164	2.503e-33	1267.0
d1za7a_.pdb	151	4.02e-31	1316.0
d3mhwu_.pdb	246	5.461e-54	2342.0
d1vg5a_.pdb	73	4.103e-12	468.0
d1vjua_.pdb	291	3.424e-58	2456.0
d1gbsa_.pdb	185	2.672e-32	1487.0
d1y7ba1.pdb	210	4.591e-44	1928.0
d1b35a_.pdb	260	4.843e-54	2260.0
d1tzva_.pdb	141	5.049e-20	995.0
d2fp1a_.pdb	165	4.644e-23	1152.0
d3r2na_.pdb	119	4.035e-28	1042.0
d1kyha_.pdb	268	2.291e-57	2376.0
d1a8da1.pdb	247	4.767e-54	2327.0
d2b9ea1.pdb	275	1.574e-66	2504.0
d1hssa_.pdb	111	1.247e-21	919.0
d1pl8a1.pdb	185	4.842e-43	1704.0
d1np3a2.pdb	182	4.726e-43	1610.0
d2jjxa_.pdb	244	7.386e-56	2140.0
d1w9ca_.pdb	321	8.213e-42	2412.0
d1k32a4.pdb	291	1.179e-63	2447.0
d2qm8a_.pdb	320	1.563e-56	2535.0
d2hbja1.pdb	96	1.01e-16	703.0
d2r25a_.pdb	166	6.581e-25	1250.0
d1g5ga1.pdb	265	9.523e-56	2351.0
d1zata2.pdb	122	1.862e-27	1044.0
d2idba1.pdb	308	1.327e-73	2807.0
d1p8ja1.pdb	136	1.354e-32	1265.0
d2a26a1.pdb	47	1.126e-05	230.0
d2akza1.pdb	294	2.878e-65	2580.0
d1wira_.pdb	121	1.544e-23	927.0
d1xmxa_.pdb	380	5.933e-83	3314.0
d2g80a1.pdb	225	6.884e-48	1910.0
d1lr7a1.pdb	25	9.615e-05	196.0
d1muca1.pdb	242	6.508e-53	2075.0
d1a3aa_.pdb	145	2.093e-32	1178.0
d1g2sa_.pdb	71	5.249e-16	606.0
d1s4na_.pdb	337	2.908e-75	3049.0
d1bjaa_.pdb	95	3.435e-17	650.0
d1iq8a4.pdb	145	5.231e-32	1221.0
d1pg6a_.pdb	216	2.153e-41	1840.0
d2qamg1.pdb	81	9.561e-17	645.0
d3lx3a_.pdb	163	7.37e-38	1523.0
d1t1ha_.pdb	78	1.218e-16	619.0
d1tq5a1.pdb	231	4.479e-48	2195.0
d3lqva_.pdb	113	4.54e-25	930.0
d1igra3.pdb	150	9.18e-37	1357.0
d1biha4.pdb	89	2.736e-19	841.0
d1lbaa_.pdb	146	9.642e-34	1266.0
d1sc6a1.pdb	174	1.681e-36	1468.0
d2oyoa1.pdb	186	4.26e-30	1455.0
d1ilea1.pdb	180	9.527e-27	1316.0
d1t3ta4.pdb	209	5.48e-49	1919.0
d3b7sa2.pdb	208	1.404e-44	1942.0
d1ryla_.pdb	157	1.122e-32	1300.0
d2e7ya_.pdb	272	1.405e-60	2425.0
d1szaa_.pdb	144	5.538e-22	1095.0
d2qtva3.pdb	254	4.636e-58	2271.0
d2cyya1.pdb	60	1.408e-09	396.0
d2dw4a3.pdb	107	1.688e-25	915.0
d2jioa2.pdb	597	0.0	5495.0
d1ggpb2.pdb	128	5.858e-25	1130.0
d1qkra_.pdb	181	5.431e-26	1284.0
d2iw0a1.pdb	220	1.769e-52	1952.0
d1u58a1.pdb	98	8.946e-19	860.0
d2ebsa2.pdb	343	1.903e-76	3246.0
d1ko3a_.pdb	230	3.052e-53	2070.0
d1srqa_.pdb	330	9.3e-73	2953.0
d1qr4a1.pdb	87	8.519e-16	766.0
d1z3ix1.pdb	346	3.238e-75	2987.0
d1uz5a1.pdb	72	6.03e-17	650.0
d2a4aa1.pdb	250	5.106e-49	1991.0
d1x3ha1.pdb	35	1.206e-06	266.0
d1x3zb_.pdb	57	1.986e-08	351.0
d1xl4a2.pdb	116	1.543e-20	825.0
d2fgga1.pdb	84	2.54e-15	640.0
d3ncla_.pdb	241	6.762e-55	2293.0
d2csva1.pdb	59	2.11e-11	431.0
d2ff4a2.pdb	179	6.412e-24	1202.0
d3po8a_.pdb	98	3.396e-19	897.0
d1iq0a1.pdb	126	4.676e-19	919.0
d1sota1.pdb	78	1.733e-16	663.0
d1ub4a_.pdb	103	4.231e-22	925.0
d2hjqa1.pdb	54	3.171e-09	373.0
d2o9xa1.pdb	153	1.034e-24	1163.0
d1an8a1.pdb	93	1.215e-18	808.0
d1kqfc_.pdb	216	1.515e-32	1575.0
d2f69a2.pdb	166	1.525e-35	1445.0
d3ef4a_.pdb	124	1.826e-30	1140.0
d1i12a_.pdb	154	2.732e-34	1282.0
d1u9da_.pdb	122	4.64e-26	965.0
d2g1la1.pdb	102	2.164e-20	957.0
d1bdoa_.pdb	80	6.606e-16	665.0
d1g8pa_.pdb	321	8.235e-68	2781.0
d2oqza_.pdb	215	1.683e-46	1857.0
d1i6aa_.pdb	212	9.163e-51	1916.0
d1ztca1.pdb	207	1.668e-47	1837.0
d1y6kr1.pdb	99	6.933e-20	881.0
d2vnfa1.pdb	50	8.868e-10	379.0
d2vnud4.pdb	416	2.434e-82	3556.0
d2hw4a1.pdb	110	2.002e-26	1003.0
d2wi8a_.pdb	283	1.537e-60	2440.0
d1sawa_.pdb	206	8.802e-47	1946.0
d2veaa2.pdb	185	7.89e-37	1553.0
d1rz3a_.pdb	184	2.658e-43	1588.0
d2y3za_.pdb	351	1.271e-77	3046.0
d3hpwa_.pdb	101	9.046e-21	875.0
d1iwga2.pdb	104	1.645e-22	834.0
d1ra0a2.pdb	320	2.427e-68	2733.0
d1lbva_.pdb	252	6.141e-57	2235.0
d2ofka_.pdb	182	1.6e-33	1507.0
d1dnpa2.pdb	200	6.263e-45	1663.0
d1zzwa_.pdb	147	1.974e-33	1234.0
d3rgha_.pdb	98	3.135e-21	928.0
d1kwma2.pdb	95	2.606e-20	764.0
d1ucsa_.pdb	64	4.41e-14	558.0
d1wfxa_.pdb	180	5.661e-39	1548.0
d1ehsa_.pdb	48	1.635e-09	347.0
d1fhga_.pdb	102	1.058e-22	962.0
d1tzya_.pdb	106	5.641e-19	759.0
d1vkna1.pdb	176	2.179e-39	1516.0
d3mmca1.pdb	66	5.841e-14	517.0
d3rysa_.pdb	335	2.015e-65	2812.0
d1jmkc_.pdb	222	3.412e-51	1923.0
d1a26a2.pdb	216	2.931e-47	1954.0
d1tz0a_.pdb	108	3.687e-20	882.0
d2c95a_.pdb	195	3.233e-39	1543.0
d1f46a_.pdb	139	3.13e-30	1172.0
d1vioa2.pdb	58	3.522e-13	482.0
d1wzaa2.pdb	409	3.465e-87	3723.0
d1yq2a1.pdb	112	8.074e-21	948.0
d2v8ta_.pdb	302	2.346e-55	2469.0
d1nara_.pdb	289	8.071e-59	2498.0
d1hynp_.pdb	293	2.056e-66	2582.0
d2cmda2.pdb	167	1.241e-34	1329.0
d3d37a2.pdb	160	2.906e-37	1482.0
d1m0wa2.pdb	373	2.859e-82	3219.0
d2ox6a1.pdb	162	1.823e-29	1223.0
d1loua_.pdb	97	2.008e-20	802.0
d1xgsa2.pdb	218	1.965e-48	1931.0
d3mc1a_.pdb	216	9.494e-48	1808.0
d1wf3a2.pdb	118	2.736e-26	973.0
d2fug61.pdb	144	1.052e-30	1212.0
d1b8aa1.pdb	103	2.626e-20	920.0
d1orsc_.pdb	132	3.687e-18	859.0
d1ujna_.pdb	338	3.949e-68	2885.0
d1q8ca_.pdb	132	8.081e-20	921.0
d1jy5a_.pdb	203	1.614e-45	1812.0
d1uita_.pdb	117	4.458e-23	970.0
d2ae8a1.pdb	76	6.355e-15	558.0
d2ez9a2.pdb	174	4.865e-41	1508.0
d1n8yc2.pdb	166	6.019e-35	1510.0
d1sxra_.pdb	173	1.987e-40	1521.0
d2csba2.pdb	57	7.157e-09	398.0
d2e74f1.pdb	32	0.0004014	135.0
d2e7ja_.pdb	344	1.262e-80	3066.0
d1yela1.pdb	102	4.375e-23	905.0
d3tqsa_.pdb	247	6.493e-56	2154.0
d2drpa1.pdb	37	1.581e-07	274.0
d2ds5a_.pdb	43	4.24e-08	318.0
d2f9ha1.pdb	121	1.378e-27	1110.0
d1amua_.pdb	509	0.0	4639.0
d1oz9a_.pdb	141	9.561e-30	1109.0
d2id4a1.pdb	141	8.785e-34	1269.0
d1d2ta_.pdb	222	1.754e-37	1750.0
d1sj1a_.pdb	66	4.37e-15	542.0
d1z5za1.pdb	230	1.18e-48	1852.0
d1o0sa1.pdb	308	4.455e-56	2610.0
d1qfta_.pdb	175	7.502e-36	1550.0
d2ozna1.pdb	133	6.707e-27	1247.0
d1hy9a_.pdb	41	1.356e-09	363.0
d1hyoa1.pdb	118	7.236e-26	978.0
d1nqua_.pdb	154	8.684e-34	1276.0
d2pk8a_.pdb	94	7.614e-19	686.0
d3olla_.pdb	235	1.927e-36	1748.0
d1m5ya3.pdb	108	7.277e-25	918.0
d1u7ba2.pdb	125	9.697e-26	1124.0
d1z7kb_.pdb	62	6.242e-13	529.0
d1zuoa1.pdb	162	1.519e-35	1349.0
d3ezla_.pdb	243	4.74e-55	2084.0
d2f8aa1.pdb	184	5.945e-46	1655.0
d1dhkb_.pdb	195	2.788e-43	1863.0
d1xbba_.pdb	268	5.843e-55	2311.0
d1ev7a_.pdb	295	6.731e-66	2580.0
d1yo3a_.pdb	85	3.353e-18	701.0
d2i5ia1.pdb	261	1.061e-57	2221.0
d2b3ya1.pdb	259	4.124e-60	2314.0
d3kpba_.pdb	119	6.298e-28	968.0
d1jm7a_.pdb	103	9.288e-23	824.0
d1l8ca_.pdb	95	2.416e-15	657.0
d1n3la_.pdb	332	1.417e-62	2777.0
d1phka_.pdb	277	2.156e-56	2363.0
d3edha_.pdb	201	6.759e-49	1808.0
d1k81a_.pdb	36	2.9e-07	297.0
d1lkoa1.pdb	146	5.919e-21	1032.0
d1v61a_.pdb	132	2.023e-25	1085.0
d2gv8a2.pdb	107	4.07e-24	955.0
d1ub0a_.pdb	246	2.414e-54	2157.0
d1hyea1.pdb	145	1.132e-28	1128.0
d2ix0a2.pdb	75	1.502e-15	621.0
d3b5ea1.pdb	209	9.084e-46	1779.0
d1u3da2.pdb	185	1.676e-42	1558.0
d3tzqa_.pdb	259	4.422e-57	2225.0
d2hqya2.pdb	134	5.936e-29	1082.0
d3qnma_.pdb	231	1.614e-47	1875.0
d1y12a1.pdb	160	5.538e-33	1470.0
d1e0fi_.pdb	57	3.82e-11	423.0
d1onwa1.pdb	105	4.877e-24	944.0
d1vq8s1.pdb	81	2.671e-16	655.0
d2bpa1_.pdb	426	8.47e-93	3866.0
d1lqta2.pdb	237	6.24e-55	2049.0
d2hxva1.pdb	198	2.437e-45	1748.0
d1jiga_.pdb	146	8.747e-21	1008.0
d1ul1x2.pdb	173	2.093e-40	1467.0
d2ywxa_.pdb	157	2.054e-28	1105.0
d1t6sa2.pdb	77	7.425e-17	580.0
d1vk3a4.pdb	96	1.145e-19	811.0
d2cpja1.pdb	86	1.242e-18	721.0
d3htna_.pdb	143	1.402e-28	1351.0
d1okqa1.pdb	189	2.081e-38	1753.0
d2f2ha3.pdb	80	3.689e-17	733.0
d2p6ra3.pdb	199	6.555e-41	1550.0
d1vg0a1.pdb	375	9.06e-85	3344.0
d1k4ia_.pdb	216	4.206e-52	1922.0
d1vq8k1.pdb	132	2.195e-26	1176.0
d2gwga1.pdb	326	5.912e-64	2714.0
d1zrna_.pdb	220	2.096e-44	1827.0
d1cipa1.pdb	121	1.218e-21	903.0
d1kb4b_.pdb	99	1.493e-21	748.0
d1mkza_.pdb	170	3.273e-38	1419.0
d1z7aa1.pdb	301	5.225e-67	2619.0
d1nm2a2.pdb	62	1.094e-13	504.0
d1u5ua_.pdb	366	2.74e-82	3310.0
d1jnra2.pdb	356	2.264e-80	3119.0
d3ckma1.pdb	317	5.375e-67	2736.0
d3nhea_.pdb	338	1.051e-77	3076.0
d2fuka1.pdb	218	1.514e-51	1959.0
d1h1js_.pdb	44	8.548e-08	308.0
d1h3ga1.pdb	93	7.026e-19	855.0
d1p9ag_.pdb	266	4.527e-49	2300.0
d1ydwa1.pdb	172	2.809e-35	1406.0
d1e7ua4.pdb	359	2.584e-64	3009.0
d2q22a1.pdb	130	2.552e-27	1079.0
d1j6ua1.pdb	89	5.074e-20	755.0
d1s12a_.pdb	94	6.007e-19	700.0
d2c42a3.pdb	157	9.518e-34	1293.0
d1fpoa1.pdb	76	1.742e-12	535.0
d1dw0a_.pdb	112	3.851e-28	922.0
d1k8ma_.pdb	87	2.28e-16	748.0
d1p5va1.pdb	112	3.488e-21	1014.0
d1zq1a1.pdb	74	4.768e-13	599.0
d2onfa1.pdb	139	9.149e-31	1172.0
d1iwga6.pdb	88	1.389e-20	758.0
d1mvla_.pdb	173	1.89e-39	1507.0
d2nx2a1.pdb	177	4.558e-38	1442.0
d1w1we_.pdb	70	2.209e-12	481.0
d1ydwa2.pdb	171	1.033e-37	1490.0
d4ubpc1.pdb	180	4.645e-42	1602.0
d1h4vb1.pdb	96	3.925e-21	777.0
d1o7d.3.pdb	291	6.754e-64	2505.0
d1es9a_.pdb	212	4.502e-47	1815.0
d2gtln1.pdb	128	1.913e-24	1169.0
d1hlba_.pdb	157	4.561e-23	1132.0
d1qw9a1.pdb	130	4.882e-28	1226.0
d2bcea_.pdb	532	0.0	4960.0
d2ppva_.pdb	325	1.481e-74	2834.0
d2o04a_.pdb	399	1.428e-78	3668.0
d2gzsa_.pdb	249	2.652e-56	2189.0
d1u5ka2.pdb	157	1.665e-27	1239.0
d2bska1.pdb	73	5.303e-11	391.0
d2dy1a4.pdb	77	2.592e-16	618.0
d2vjva1.pdb	125	1.247e-26	1033.0
d1iu8a_.pdb	206	7.313e-46	1726.0
d2b30a1.pdb	283	1.58e-64	2500.0
d1u8va2.pdb	275	8.905e-62	2462.0
d1d5ya3.pdb	169	1.522e-34	1493.0
d1tvza1.pdb	166	3.77e-39	1436.0
d2bkma_.pdb	128	1.783e-21	998.0
d2v8qe1.pdb	145	1.806e-32	1179.0
d3r03a_.pdb	131	1.42e-30	1160.0
d1j8ia_.pdb	93	3.199e-18	687.0
d1px9a_.pdb	42	2.695e-09	345.0
d1qg8a_.pdb	238	7.664e-57	2144.0
d3cw9a_.pdb	503	0.0	4597.0
d1f06a1.pdb	170	2.548e-39	1457.0
d1yu0a2.pdb	210	1.04e-48	1904.0
d2jo6a1.pdb	108	1.872e-21	980.0
d3cptb_.pdb	116	9.817e-26	964.0
d1m3sa_.pdb	181	5.454e-39	1489.0
d2hdva_.pdb	103	1.913e-24	916.0
d3a9ja_.pdb	76	1.708e-17	665.0
d3urra_.pdb	152	4.33e-35	1278.0
d1m62a_.pdb	87	2.304e-13	565.0
d1s2ma2.pdb	171	2.165e-36	1371.0
d2oxna_.pdb	333	5.969e-75	2946.0
d2gu2a1.pdb	307	1.458e-73	2854.0
d1wjpa2.pdb	24	0.001183	149.0
d1u60a_.pdb	309	1.42e-59	2710.0
d1flga_.pdb	582	0.0	5639.0
d1bvsa3.pdb	63	6.701e-12	516.0
d1gcqc_.pdb	69	8.105e-14	621.0
d1l7da2.pdb	194	4.689e-44	1658.0
d2ct7a1.pdb	73	2.583e-16	562.0
d2e11a_.pdb	265	3.483e-63	2451.0
d1nd7a_.pdb	374	1.236e-73	3267.0
d1b6ga_.pdb	310	6.611e-71	2807.0
d3bzka3.pdb	322	1.581e-50	2506.0
d1f86a_.pdb	115	1.095e-23	1042.0
d1q90l_.pdb	32	0.0008877	139.0
d1q9ba_.pdb	43	1.374e-09	355.0
d1qh4a1.pdb	101	6.52e-21	787.0
d1s2da_.pdb	165	3.712e-36	1390.0
d2qaml1.pdb	143	1.27e-29	1110.0
d3n5wa_.pdb	407	5.83e-91	3651.0
d2vdra_.pdb	452	5.83e-104	4448.0
d2fjca1.pdb	151	3.25e-21	1029.0
d2hkja3.pdb	219	2.677e-52	1994.0
d1ozha3.pdb	192	1.784e-42	1609.0
d2gtia1.pdb	194	1.636e-45	1722.0
d1ffya3.pdb	450	5.361e-93	3921.0
d1hqz1_.pdb	139	8.491e-33	1210.0
d1vmba_.pdb	107	2.835e-21	848.0
d2fiwa1.pdb	156	2.022e-34	1320.0
d1f45b_.pdb	133	9.193e-20	921.0
d1pfoa_.pdb	471	7.037e-104	4412.0
d1li4a1.pdb	163	1.931e-38	1446.0
d2vnga1.pdb	171	1.178e-36	1591.0
d1noga_.pdb	149	1.8e-22	1055.0
d1xlya_.pdb	224	4.168e-34	1586.0
d3efba1.pdb	246	3.406e-57	2168.0
d2f09a1.pdb	82	2.451e-16	748.0
d2j8ga1.pdb	149	5.987e-31	1364.0
d3u7qa_.pdb	477	0.0	4170.0
d3tzta_.pdb	231	1.463e-49	1838.0
d1v97a3.pdb	158	9.034e-33	1254.0
d2hkua1.pdb	70	1.527e-10	459.0
d1sgwa_.pdb	200	5.575e-46	1736.0
d1cc5a_.pdb	83	1.166e-16	648.0
d1ehxa_.pdb	94	3.833e-21	836.0
d1l5pa_.pdb	93	5.89e-22	834.0
d1q74a_.pdb	287	4.988e-68	2581.0
d3sqfa_.pdb	95	1.094e-20	893.0
d1iarb1.pdb	96	1.811e-19	918.0
d1thfd_.pdb	253	2.355e-54	2204.0
d1ou0a_.pdb	190	7.692e-39	1581.0
d3gaxa_.pdb	107	8.11e-20	908.0
d1pufb_.pdb	73	1.821e-12	503.0
d1sf8a_.pdb	115	2.609e-23	869.0
d1zzma1.pdb	259	9.916e-55	2178.0
d1q0qa1.pdb	98	7.994e-14	613.0
d1x4da1.pdb	89	9.134e-18	708.0
d2h7ca_.pdb	532	0.0	4858.0
d1b8da_.pdb	164	6.167e-24	1210.0
d1rqga1.pdb	210	3.504e-31	1555.0
d2pkha1.pdb	141	5.051e-28	1212.0
d1h32b_.pdb	134	1.437e-30	1121.0
d2qgma1.pdb	392	3.866e-81	3419.0
d1xp8a2.pdb	59	3.661e-11	426.0
d2b8ta1.pdb	139	6.767e-29	1097.0
d3m94a_.pdb	180	1.676e-40	1622.0
d1vpba_.pdb	437	5.672e-99	4022.0
d1my6a1.pdb	88	2.79e-14	632.0
d1p2fa2.pdb	120	1.083e-24	896.0
d2d1ya1.pdb	240	3.652e-52	2038.0
d1vpra1.pdb	351	2.149e-78	3174.0
d1bnda_.pdb	109	2.163e-21	1000.0
d1luaa1.pdb	191	2.871e-39	1560.0
d2bb0a1.pdb	113	1.49e-25	1016.0
d2onka1.pdb	240	4.858e-53	2025.0
d1iqza_.pdb	81	1.582e-18	664.0
d1lwba_.pdb	122	3.429e-20	950.0
d1ueba2.pdb	63	4.024e-13	561.0
d1y1xa_.pdb	182	8.539e-34	1419.0
d2jlia_.pdb	100	8.097e-21	805.0
d3us4a_.pdb	97	3.257e-22	826.0
d1gqea_.pdb	362	8.162e-71	2911.0
d1ohla_.pdb	340	2.563e-75	2959.0
d1pe4a_.pdb	67	2.444e-16	603.0
d1qbaa3.pdb	443	1.724e-103	4036.0
d1scoa_.pdb	38	9.988e-08	293.0
d1sqga2.pdb	284	1.123e-70	2600.0
d1dqza_.pdb	280	3.287e-68	2587.0
d3gg7a_.pdb	243	6.082e-52	2048.0
d2p6ya_.pdb	131	8.25e-25	1182.0
d1j83a_.pdb	180	1.253e-41	1685.0
d1w4xa1.pdb	298	7.198e-70	2648.0
d2bfdb2.pdb	138	1.291e-31	1145.0
d1fnfa3.pdb	89	3.13e-17	803.0
d1qjka_.pdb	36	9.606e-08	264.0
d1qjpa_.pdb	137	3.669e-28	1284.0
d2atpb1.pdb	115	1.628e-24	1069.0
d3oo3a_.pdb	371	5.457e-61	3032.0
d1vpta_.pdb	291	1.137e-64	2527.0
d1m53a1.pdb	78	5.227e-15	713.0
d1umga_.pdb	359	4.084e-85	3236.0
d1hbka_.pdb	89	3.401e-14	645.0
d1v6za1.pdb	63	2.852e-14	547.0
d1xb2b1.pdb	56	1.167e-07	312.0
d1xs5a_.pdb	240	2.921e-62	2161.0
d1f0la2.pdb	187	7.114e-45	1667.0
d1syxb1.pdb	62	3.309e-13	530.0
d1uxja1.pdb	133	4.227e-29	1106.0
d2v3za2.pdb	264	8.775e-58	2331.0
d1twfc1.pdb	135	4.23e-27	1045.0
d2fbaa_.pdb	492	4.251e-83	4192.0
d2a1jb1.pdb	78	2.272e-13	535.0
d1x6oa2.pdb	79	1.061e-14	665.0
d2i2la1.pdb	130	2.038e-26	1157.0
d1cwva1.pdb	94	3.086e-17	806.0
d1ntca_.pdb	91	2.547e-14	592.0
d1okja2.pdb	110	3.349e-25	936.0
d1xkya1.pdb	292	6.788e-58	2392.0
d1zkra1.pdb	72	7.882e-11	475.0
d2alca_.pdb	65	4.92e-13	477.0
d2anua1.pdb	224	1.91e-51	1962.0
d1lkoa2.pdb	44	2.121e-09	373.0
d1edqa2.pdb	358	9.622e-86	3213.0
d1ftpa_.pdb	133	2.402e-24	1131.0
d1x36a_.pdb	198	2.974e-43	1766.0
d2r7ja2.pdb	142	4.142e-29	1147.0
d1am2a_.pdb	181	1.704e-38	1674.0
d1rm6b2.pdb	216	2.299e-55	1918.0
d2f1ka1.pdb	114	7.286e-17	703.0
d2ovrb2.pdb	342	2.119e-67	3292.0
d1rd5a_.pdb	261	1.941e-52	2184.0
d1nlqa_.pdb	105	6.117e-22	964.0
d1p4ta_.pdb	155	8.644e-28	1332.0
d2d8ca1.pdb	85	7.284e-17	684.0
d2fvga2.pdb	237	7.952e-55	2075.0
d1t0hb_.pdb	187	3.147e-41	1493.0
d1aiwa_.pdb	62	2.413e-14	568.0
d1beba_.pdb	156	6.389e-34	1439.0
d1rl2a1.pdb	70	6.267e-14	621.0
d1x1ia1.pdb	361	9.431e-57	2963.0
d1l6ja1.pdb	66	1.216e-11	466.0
d1nvma1.pdb	51	1.336e-07	313.0
d2dmda1.pdb	28	2.475e-05	200.0
d2e9xa1.pdb	144	1.31e-22	1036.0
d3brda1.pdb	119	2.293e-22	1025.0
d1n1jb_.pdb	78	2.178e-12	487.0
d1or4a_.pdb	169	3.681e-25	1173.0
d1tzyc_.pdb	95	6.968e-16	569.0
d1veka_.pdb	84	7.411e-16	594.0
d1wa3a_.pdb	202	8.03e-41	1631.0
d1sgja_.pdb	231	9.199e-51	2015.0
d1dcia_.pdb	275	1.298e-59	2318.0
d1r2za1.pdb	94	4.359e-18	705.0
d1ugva_.pdb	72	6.033e-14	593.0
d2bdga_.pdb	223	5.291e-48	2073.0
d1c8za_.pdb	265	1.293e-54	2327.0
d2d6ya1.pdb	68	3.182e-10	455.0
d2g5ra_.pdb	114	1.516e-26	1098.0
d3n08a_.pdb	151	2.919e-33	1413.0
d1m65a_.pdb	234	4.247e-53	2059.0
d3r9ta_.pdb	260	5.247e-57	2190.0
d1p5qa1.pdb	170	3.323e-22	1065.0
d1bm9a_.pdb	120	8.476e-22	850.0
d1n7oa3.pdb	274	3.525e-56	2558.0
d2oz4a2.pdb	97	1.914e-18	865.0
d1gkub2.pdb	242	2.607e-53	1999.0
d2hu7a1.pdb	313	7.656e-60	2934.0
d1v74a_.pdb	107	3.774e-24	893.0
d2bjda_.pdb	90	1.399e-21	785.0
d2yr1a_.pdb	257	6.888e-62	2239.0
d2k54a1.pdb	123	4.564e-26	1029.0
d1euha_.pdb	474	0.0	4251.0
d3cjrb1.pdb	48	1.96e-08	324.0
d3cjsb1.pdb	70	4.41e-15	576.0
d1b89a_.pdb	319	8.96e-42	2343.0
d1t6la1.pdb	126	1.061e-24	1076.0
d2bs2c_.pdb	254	3.615e-35	1863.0
d1abaa_.pdb	87	3.838e-20	710.0
d1hz4a_.pdb	366	2.718e-46	2563.0
d2h00a1.pdb	225	2.249e-50	1884.0
d1uf2a_.pdb	967	0.0	8533.0
d1u0bb2.pdb	315	4.301e-73	2806.0
d1ht6a1.pdb	57	9.655e-11	476.0
d1pjxa_.pdb	314	2.663e-63	3033.0
d3ag3f_.pdb	98	2.286e-21	794.0
d1f15a_.pdb	157	2.685e-34	1365.0
d1ri9a_.pdb	77	1.107e-15	621.0
d1vema1.pdb	99	4.093e-21	932.0
d2h7aa1.pdb	109	9.686e-22	833.0
d3fiqa_.pdb	154	1.114e-30	1373.0
d1qcza_.pdb	162	1.231e-33	1271.0
d2i8da1.pdb	121	4.054e-22	855.0
d1jaka1.pdb	356	5.313e-83	3215.0
d1ioma_.pdb	374	5.206e-58	2994.0
d2guia_.pdb	176	1.257e-39	1485.0
d1h8la1.pdb	79	4.51e-17	727.0
d1o54a_.pdb	265	5.611e-59	2352.0
d1g7oa2.pdb	75	1.951e-16	615.0
d1k8fa_.pdb	157	4.329e-32	1344.0
d1u3da1.pdb	300	1.926e-47	2406.0
d2nuja1.pdb	159	2.43e-31	1365.0
d1hh2p1.pdb	72	4.238e-14	637.0
d1x68a1.pdb	29	4.55e-05	210.0
d1xm5a_.pdb	152	2.493e-34	1256.0
d3dnpa_.pdb	275	2.517e-63	2424.0
d1y9ba1.pdb	81	1.461e-11	365.0
d1ywya1.pdb	74	5.252e-16	628.0
d2fcia1.pdb	105	5.039e-25	941.0
d2np5a2.pdb	118	1.874e-18	803.0
d3e13x_.pdb	317	4.901e-68	2756.0
d2vc7a_.pdb	314	1.84e-68	2730.0
d2a6za1.pdb	221	3.241e-46	2140.0
d2nlva1.pdb	111	1.944e-23	893.0
d3p5ga_.pdb	128	5.709e-30	1125.0
d1odoa_.pdb	395	8.411e-75	3348.0
d3hzsa_.pdb	209	5.65e-35	1638.0
d1nppa2.pdb	58	8.446e-12	490.0
d1r8se_.pdb	187	1.342e-30	1488.0
d2cvza2.pdb	156	3.032e-35	1353.0
d1kdga1.pdb	360	5.562e-84	3243.0
d2fwra1.pdb	200	1.088e-43	1602.0
d1iqca1.pdb	150	3.514e-30	1226.0
d1vloa2.pdb	274	2.771e-63	2448.0
d1khba1.pdb	353	1.207e-81	3233.0
d2odka1.pdb	51	1.296e-10	395.0
d3bn0a1.pdb	95	1.08e-19	832.0
d1fpoa2.pdb	95	1.339e-12	545.0
d1ilea3.pdb	452	2.338e-99	4018.0
d1acoa2.pdb	527	0.0	4751.0
d1ccwa_.pdb	137	1.712e-28	1088.0
d1wfoa1.pdb	117	1.987e-21	999.0
d2nxca1.pdb	249	4.387e-58	2241.0
d1jqba1.pdb	177	3.122e-42	1586.0
d1u6za2.pdb	124	1.461e-28	1029.0
d2rfra1.pdb	153	1.659e-32	1284.0
d1gdea_.pdb	388	1.927e-78	3354.0
d1em8b_.pdb	110	8.466e-25	906.0
d1jmxa1.pdb	84	1.267e-17	671.0
d1nnfa_.pdb	308	8.635e-67	2684.0
d3piua_.pdb	409	1.538e-87	3572.0
d3pxxa_.pdb	282	4.068e-61	2399.0
d2jz6a1.pdb	70	1.758e-14	552.0
d2oz4a1.pdb	84	8.778e-15	699.0
d1ehia1.pdb	132	1.077e-29	1091.0
d1q25a2.pdb	151	1.163e-35	1431.0
d1z0kb1.pdb	61	1.166e-09	382.0
d2a9da2.pdb	246	1.354e-54	2192.0
d1dg6a_.pdb	149	1.991e-28	1339.0
d1oaca3.pdb	115	4.297e-25	952.0
d1vpka3.pdb	123	5.289e-25	1057.0
d2pgda1.pdb	297	2.64e-44	2274.0
d1t2wa_.pdb	145	6.649e-33	1321.0
d1w6ga3.pdb	115	2.947e-24	954.0
d2icua_.pdb	210	1.913e-49	1961.0
d1ifca_.pdb	131	3.292e-24	1144.0
d1u20a1.pdb	196	2.013e-44	1701.0
d2j13a1.pdb	207	4.393e-48	1774.0
d1nekd_.pdb	113	7.293e-16	721.0
d1svdm1.pdb	108	5.219e-23	889.0
d2aj7a1.pdb	148	1.232e-28	1222.0
d2rk3a_.pdb	187	8.254e-43	1632.0
d1vcca_.pdb	77	9.054e-17	674.0
d1w36b3.pdb	276	2.676e-64	2392.0
d2q8oa1.pdb	125	1.018e-25	1171.0
d1ezfa_.pdb	323	1.59e-45	2442.0
d2ff4a1.pdb	95	2.912e-20	769.0
d2i52a1.pdb	114	6.781e-24	928.0
d3mxta_.pdb	283	7.751e-63	2430.0
d3ci0i1.pdb	83	8.951e-18	645.0
d1eerb1.pdb	109	4.539e-23	995.0
d1qmga1.pdb	288	1.698e-40	2233.0
d3euca_.pdb	365	7.37e-79	3066.0
d2gmha1.pdb	380	2.069e-84	3317.0
d1v92a_.pdb	46	2.079e-07	323.0
d1wp5a_.pdb	323	5.387e-66	2894.0
d1c75a_.pdb	71	2.331e-16	549.0
d1dd5a_.pdb	184	4.365e-33	1305.0
d1sfpa_.pdb	111	5.341e-28	1062.0
d2a2ra2.pdb	77	1.125e-17	635.0
d2fgea2.pdb	196	2.894e-42	1628.0
d1gpua3.pdb	146	6.394e-34	1234.0
d1vd6a_.pdb	218	1.105e-49	1874.0
d7odca2.pdb	229	8.929e-48	1938.0
d2haha_.pdb	112	3.725e-23	1021.0
d1ejda_.pdb	419	8.695e-89	3786.0
d1auoa_.pdb	218	2.075e-48	1925.0
d2ae0x1.pdb	335	2.889e-79	3074.0
d1kf6b2.pdb	105	5e-21	893.0
d1qk9a_.pdb	92	2.051e-19	743.0
d1zh5a2.pdb	85	5.651e-19	704.0
d2fq4a1.pdb	69	4.994e-12	488.0
d2iy5a1.pdb	70	1.492e-09	384.0
d2z98a1.pdb	194	4.633e-41	1635.0
d1y02a2.pdb	47	4.636e-09	348.0
d1ybea1.pdb	261	9.661e-56	2210.0
d1ivza_.pdb	132	2.648e-31	1124.0
d1t0za_.pdb	72	3.457e-16	606.0
d1v9va1.pdb	101	1.873e-15	730.0
d2e18a_.pdb	256	2.797e-48	2083.0
d1t50a_.pdb	58	3.453e-10	431.0
d1tw9a1.pdb	114	1.233e-18	807.0
d1wkqa_.pdb	158	4.03e-36	1307.0
d1ttea1.pdb	55	2.955e-09	367.0
d1u8xx1.pdb	167	9.871e-37	1386.0
d1e5qa1.pdb	182	1.069e-39	1509.0
d2o9aa_.pdb	182	3.096e-39	1534.0
d1myna_.pdb	44	9.385e-10	362.0
d1oi7a2.pdb	149	1.754e-31	1244.0
d2v09a_.pdb	377	2.114e-81	3519.0
d1wg6a_.pdb	127	2.76e-26	1020.0
d2ivya_.pdb	88	8.304e-19	662.0
d1a0pa2.pdb	180	4.895e-33	1453.0
d1vioa1.pdb	172	6.301e-39	1594.0
d2pqra_.pdb	98	1.699e-15	736.0
d3mpod_.pdb	233	3.322e-54	2048.0
d1vlma_.pdb	207	2.06e-49	1811.0
d1kl9a2.pdb	74	6.432e-15	627.0
d1r1ha_.pdb	696	0.0	5936.0
d1sqsa_.pdb	232	4.3e-48	1869.0
d1f3va_.pdb	158	1.954e-34	1316.0
d1tdza1.pdb	88	7.568e-17	652.0
d1w36c2.pdb	470	3.694e-99	3948.0
d1ukua_.pdb	102	1.54e-21	848.0
d2axti1.pdb	35	9.567e-05	161.0
d2axtk1.pdb	37	1.902e-05	169.0
d2axtz1.pdb	62	5.317e-09	347.0
d2btoa2.pdb	171	3.108e-39	1411.0
d3l5oa_.pdb	247	5.819e-59	2207.0
d1vkna2.pdb	163	2.858e-40	1483.0
d3bz7a1.pdb	45	4.519e-09	351.0
d3ifta_.pdb	136	5.134e-29	1184.0
d1izca_.pdb	299	1.945e-66	2514.0
d1fp2a1.pdb	101	2.836e-19	699.0
d1ji1a1.pdb	122	1.966e-25	1159.0
d1ufya_.pdb	121	1.718e-27	1015.0
d2hyja2.pdb	118	2.103e-19	870.0
d3ef8a1.pdb	149	7.519e-30	1246.0
d1h3za_.pdb	108	5.348e-23	900.0
d1r31a1.pdb	110	4.669e-25	936.0
d2choa2.pdb	310	1.637e-67	2723.0
d1uuqa_.pdb	410	1.474e-89	3621.0
d1tu9a_.pdb	131	2.211e-19	948.0
d1teva_.pdb	194	1.114e-38	1505.0
d1a5ta1.pdb	117	3.004e-17	850.0
d1j30a_.pdb	141	1.6e-21	976.0
d1sjra_.pdb	108	5.821e-24	942.0
d2cxha1.pdb	180	6.319e-43	1664.0
d1f5qb1.pdb	141	6.591e-23	990.0
d1rh5b_.pdb	56	1.141e-09	303.0
d1rh6a_.pdb	55	1.041e-11	431.0
d1rz4a2.pdb	130	3.731e-19	929.0
d1wz9a_.pdb	363	6.967e-82	3212.0
d1ofwa_.pdb	292	3.222e-63	2455.0
d1yfba1.pdb	51	1.86e-09	349.0
d2btya1.pdb	282	3.686e-64	2441.0
d1tdqa3.pdb	86	5.018e-16	759.0
d1yqba1.pdb	84	9.046e-19	720.0
d2gyqa1.pdb	160	2.499e-23	1132.0
d1bwda_.pdb	348	3.405e-81	3140.0
d1t0fa2.pdb	162	9.64e-37	1376.0
d2drwa1.pdb	362	1.387e-84	3248.0
d1k3xa1.pdb	89	5.35e-17	699.0
d3liza_.pdb	329	9.162e-76	3247.0
d2bgka1.pdb	267	7.947e-58	2295.0
d1uoca_.pdb	263	2.587e-56	2281.0
d1iray3.pdb	107	7.408e-22	996.0
d1u7na_.pdb	318	4.215e-64	2665.0
d1j2ga2.pdb	154	1.003e-32	1283.0
d1u0la1.pdb	66	1.744e-14	575.0
d2a35a1.pdb	208	6.484e-45	1812.0
d1nkra1.pdb	96	1.42e-20	926.0
d1wzaa1.pdb	79	1.471e-14	684.0
d1g8fa3.pdb	122	1.18e-27	1011.0
d1wu3i_.pdb	161	3.854e-24	1159.0
d2hyma1.pdb	109	2.096e-22	981.0
d3sj5a_.pdb	185	2.022e-35	1522.0
d1vq2a_.pdb	173	1.463e-41	1529.0
d2vrna_.pdb	185	6.412e-42	1671.0
d1t06a_.pdb	235	3.95e-40	1848.0
d2vzsa2.pdb	121	7.896e-24	1052.0
d1ehda2.pdb	44	3.239e-09	354.0
d1ehya_.pdb	282	6.99e-67	2563.0
d1k0ma2.pdb	86	9.104e-20	715.0
d1prtd_.pdb	110	6.777e-22	964.0
d2bm8a1.pdb	232	7.932e-53	1923.0
d1f3ka_.pdb	26	5.061e-05	196.0
d1f3ub_.pdb	139	2.859e-27	1173.0
d1u07a_.pdb	90	7.859e-17	756.0
d1zyba1.pdb	73	3.278e-15	580.0
d2essa2.pdb	98	2.579e-18	836.0
d3eg7a_.pdb	171	3.478e-37	1464.0
d1pyia1.pdb	42	5.281e-08	314.0
d2fnoa1.pdb	149	1.266e-23	1081.0
d3b2ua2.pdb	22	0.0004307	169.0
d3b48a1.pdb	129	1.126e-27	1022.0
d1m3qa2.pdb	124	1.985e-25	1033.0
d1x4ta1.pdb	80	2.771e-12	526.0
d1zjja_.pdb	261	3.742e-61	2269.0
d1th8b_.pdb	115	3.305e-24	892.0
d2csha2.pdb	44	1.774e-08	307.0
d2dm9a1.pdb	118	7.364e-23	824.0
d2wnya_.pdb	137	3.692e-30	1174.0
d1g40a4.pdb	59	1.742e-14	515.0
d1gkpa2.pdb	335	3.9e-78	2913.0
d3reaa_.pdb	127	1.327e-29	1085.0
d1luia_.pdb	108	4.716e-25	956.0
d1vcaa1.pdb	109	1.179e-20	963.0
d2fz4a1.pdb	206	6.43e-49	1846.0
d1rcua_.pdb	170	3.619e-37	1388.0
d2zjr41.pdb	37	1.375e-07	293.0
d3bbba_.pdb	151	5.481e-35	1259.0
d1hsja1.pdb	115	2.717e-21	833.0
d3dkra_.pdb	241	2.624e-56	2144.0
d2blna1.pdb	101	3.352e-22	885.0
d2g84a1.pdb	189	1.194e-44	1609.0
d1d8ka_.pdb	81	1.07e-15	604.0
d1fi6a_.pdb	92	3.813e-18	693.0
d1i27a_.pdb	73	1.207e-14	542.0
d1jb3a_.pdb	127	4.176e-28	1135.0
d1xiwb_.pdb	66	1.693e-14	592.0
d2d69a2.pdb	126	2.557e-29	1116.0
d3cx5b2.pdb	150	1.767e-33	1304.0
d1k6ka_.pdb	142	4.349e-25	1056.0
d1wv3a1.pdb	78	5.662e-15	680.0
d2f71a_.pdb	297	1.156e-63	2592.0
d1q8fa_.pdb	308	6.718e-71	2763.0
d1kkha1.pdb	180	3.544e-40	1586.0
d2nn6d2.pdb	89	5.627e-17	692.0
d3qu3a_.pdb	122	4.806e-27	987.0
d1g0da1.pdb	135	5.732e-28	1244.0
d2z90a_.pdb	161	5.365e-24	1158.0
d1nyta2.pdb	101	3.794e-23	860.0
d1t3ta7.pdb	217	2.256e-47	1817.0
d3c3ya_.pdb	225	9.984e-48	1828.0
d1yj5a2.pdb	172	8.486e-39	1418.0
d1dz3a_.pdb	123	1.041e-24	916.0
d1ru4a_.pdb	400	6.954e-71	3647.0
d2f4ma1.pdb	287	3.099e-59	2412.0
d1dv0a_.pdb	45	3.133e-06	274.0
d1ei5a2.pdb	103	5.415e-20	947.0
d3fava_.pdb	74	1.322e-10	398.0
d3prta_.pdb	323	2.647e-76	2913.0
d2bpa2_.pdb	175	1.575e-35	1599.0
d1cjaa_.pdb	327	9.222e-65	2792.0
d2f41a1.pdb	108	2.597e-22	967.0
d3gzyb_.pdb	186	1.904e-36	1505.0
d1pj5a3.pdb	119	3.394e-24	1044.0
d1vi2a2.pdb	102	1.449e-22	843.0
d2b0la1.pdb	91	7.218e-18	660.0
d2qwva1.pdb	187	2.122e-42	1635.0
d3fx7a_.pdb	84	4.686e-12	440.0
d3loca2.pdb	126	2.179e-21	843.0
d1baza_.pdb	49	4.881e-07	265.0
d1bb9a_.pdb	83	2.004e-17	715.0
d1iqpa2.pdb	231	3.822e-46	1850.0
d2qhfa_.pdb	392	3.835e-82	3395.0
d1z8ua1.pdb	90	2.729e-13	540.0
d2dfka2.pdb	162	1.115e-32	1343.0
d1fmta1.pdb	108	6.998e-24	945.0
d1kk1a1.pdb	117	1.4e-23	1059.0
d1zq1a2.pdb	363	2.297e-84	3211.0
d1ohta_.pdb	173	2.287e-40	1536.0
d1yixa1.pdb	265	4.458e-58	2284.0
d1sf9a_.pdb	118	3.895e-23	884.0
d1w0ha_.pdb	200	1.181e-44	1672.0
d3m9qa_.pdb	89	2.907e-16	739.0
d1guwa_.pdb	73	1.537e-12	505.0
d1l6za1.pdb	107	9.376e-22	1000.0
d1w1oa1.pdb	273	2.765e-60	2277.0
d1e43a2.pdb	393	2.836e-89	3617.0
d2xvma_.pdb	198	6.735e-47	1777.0
d1t01a2.pdb	127	5.518e-18	830.0
d1yqha1.pdb	101	1.984e-22	829.0
d2qfra1.pdb	112	2.708e-22	1023.0
d1jpma1.pdb	234	1.454e-51	1986.0
d3n4ja_.pdb	161	2.773e-38	1412.0
d1pmma_.pdb	450	3.85e-98	3940.0
d1t5ra_.pdb	265	2.272e-55	2557.0
d3jxga_.pdb	257	7.499e-62	2446.0
d1kvka1.pdb	209	4.032e-46	1797.0
d1y5ea1.pdb	155	5.428e-34	1275.0
d3seba1.pdb	121	5.931e-26	1005.0
d1hz6a_.pdb	67	4.646e-14	564.0
d1oo0b_.pdb	92	2.959e-20	770.0
d1v64a_.pdb	108	4.799e-18	706.0
d1w91a1.pdb	152	1.413e-32	1335.0
d3ea1a_.pdb	296	3.62e-70	2675.0
d1t3ba2.pdb	59	6.651e-12	472.0
d1ut9a2.pdb	98	4.457e-21	937.0
d2e1ba2.pdb	129	1.247e-29	1161.0
d1tdpa_.pdb	111	4.936e-16	790.0
d1vefa1.pdb	387	4.812e-85	3426.0
d1xe0a_.pdb	108	1.598e-20	974.0
d2rk5a1.pdb	84	6.682e-17	717.0
d3ro5a_.pdb	430	4.589e-76	3646.0
d2py6a1.pdb	375	1.645e-83	3270.0
d2wfba_.pdb	120	1.615e-27	1029.0
d1exra_.pdb	146	4.032e-25	965.0
d1iq4a_.pdb	179	1.256e-40	1513.0
d1wkya1.pdb	144	9.717e-30	1340.0
d2fvka2.pdb	376	4.569e-86	3278.0
d1whia_.pdb	122	2.36e-24	1046.0
d2heyr1.pdb	60	8.394e-13	538.0
d2i61a_.pdb	62	1.035e-13	525.0
d2j8ka1.pdb	175	8.369e-30	1463.0
d2q2ia_.pdb	112	1.043e-21	982.0
d1k8kc_.pdb	354	3.3e-75	3353.0
d2op5a1.pdb	112	3.278e-25	867.0
d1deua_.pdb	275	4.583e-65	2539.0
d1x2ma1.pdb	52	5.414e-08	329.0
d2d28c1.pdb	144	1.063e-31	1151.0
d2xcmc_.pdb	92	2.311e-16	776.0
d1hbna1.pdb	280	2.588e-42	2230.0
d1yeza1.pdb	68	1.05e-14	564.0
d2dmca1.pdb	103	8.943e-20	871.0
d3dcxa1.pdb	116	2.758e-21	947.0
d1jb7a3.pdb	167	2.494e-38	1473.0
d1vlaa_.pdb	144	7.149e-31	1185.0
d3eqza_.pdb	124	1.879e-25	968.0
d1p0ka_.pdb	306	1.089e-63	2544.0
d1u61a_.pdb	127	1.321e-18	877.0
d2cvca1.pdb	499	2.622e-102	4221.0
d1nw3a_.pdb	328	1.757e-72	2816.0
d1ng2a1.pdb	58	4.387e-11	448.0
d1qfha1.pdb	104	1.576e-22	998.0
d2axoa1.pdb	218	7.583e-51	1993.0
d1nuba3.pdb	58	3.214e-13	488.0
d1okqa2.pdb	185	2.458e-38	1768.0
d2cxna_.pdb	557	0.0	4792.0
d1gxra_.pdb	335	1.581e-68	3197.0
d1g7ea_.pdb	122	2.476e-27	1040.0
d1t33a1.pdb	88	1.735e-13	622.0
d1wa5c_.pdb	937	0.0	7264.0
d2id6a2.pdb	125	1.425e-18	782.0
d3dplr_.pdb	87	3.085e-19	706.0
d3l2ca_.pdb	85	8.38e-18	682.0
d1bi5a1.pdb	235	4.012e-60	2050.0
d2adza1.pdb	105	1.256e-20	931.0
d3bhpa_.pdb	52	1.241e-06	263.0
d3f08a_.pdb	137	5.009e-29	1226.0
d3c9ua1.pdb	137	1.519e-31	1187.0
d1mg7a1.pdb	164	2.87e-36	1317.0
d1xdpa1.pdb	105	9.41e-16	624.0
d2caya1.pdb	130	5.739e-27	1159.0
d1dqna_.pdb	230	9.385e-52	1965.0
d2eyqa6.pdb	158	1.86e-35	1325.0
d1n00a_.pdb	318	3.738e-45	2546.0
d1a8ra_.pdb	221	6.682e-47	1825.0
d1vqta1.pdb	189	2.211e-39	1607.0
d1fnoa3.pdb	113	3.402e-25	958.0
d2h80a1.pdb	71	2.609e-11	501.0
d2p7ja1.pdb	93	5.801e-20	804.0
d1apy.1.pdb	161	3.153e-35	1339.0
d1o7ja_.pdb	325	2.574e-73	2900.0
d3hnym_.pdb	156	3.473e-35	1504.0
d1k9ua_.pdb	76	5.441e-13	457.0
d1k9xa_.pdb	497	1.59e-76	4020.0
d1bqua1.pdb	95	4.102e-18	859.0
d1nc5a_.pdb	363	4.054e-64	3082.0
d2zs0c_.pdb	147	7.348e-22	1069.0
d1y9ia_.pdb	159	2.65e-23	1165.0
d2ou6a1.pdb	183	4.187e-31	1454.0
d1k85a_.pdb	88	3.666e-16	765.0
d1rutx2.pdb	34	6.089e-06	234.0
d1rz4a1.pdb	83	3.246e-16	619.0
d1v93a_.pdb	292	4.319e-63	2473.0
d1x4ha1.pdb	98	1.46e-21	789.0
d2hfta2.pdb	103	3.102e-20	905.0
d3u5la_.pdb	127	4.252e-24	1007.0
d1id1a_.pdb	153	1.665e-31	1180.0
d1uoua2.pdb	271	7.562e-55	2348.0
d1my7a_.pdb	107	1.15e-22	1015.0
d1wu2a1.pdb	72	1.736e-14	613.0
d2c4ja2.pdb	84	4.434e-19	691.0
d2p7ia1.pdb	225	4.093e-54	1971.0
d1u2wa1.pdb	104	2.851e-19	721.0
d1yc0i_.pdb	66	2.259e-15	582.0
d2b5ea2.pdb	98	8.352e-22	806.0
d3b6ia_.pdb	197	1.103e-42	1624.0
d1x7va_.pdb	98	9.156e-21	813.0
d1pfva1.pdb	162	2.556e-26	1174.0
d1wkta_.pdb	88	1.707e-17	806.0
d1zbsa2.pdb	107	2.25e-24	910.0
d3deoa1.pdb	44	6.113e-08	327.0
d3osxa_.pdb	190	2.104e-44	1667.0
d1svsa1.pdb	195	1.667e-44	1674.0
d1g40a3.pdb	58	4.353e-12	473.0
d1hn6a_.pdb	110	7.987e-20	741.0
d1josa_.pdb	100	1.498e-22	809.0
d1o6wa2.pdb	46	3.599e-09	342.0
d2jmua1.pdb	223	2.915e-45	1927.0
d1n0ua3.pdb	165	3.573e-43	1506.0
d1z6ba1.pdb	142	1.799e-30	1264.0
d3d02a_.pdb	300	1.06e-59	2483.0
d2zfda1.pdb	183	6.72e-31	1398.0
d1f2qa1.pdb	78	1.291e-17	729.0
d1kyfa1.pdb	133	2.083e-25	1202.0
d1zunb2.pdb	105	2.406e-20	940.0
d3jtdc_.pdb	156	1.61e-30	1185.0
d1f6va_.pdb	91	3.729e-25	707.0
d3mezb_.pdb	113	4.066e-22	987.0
d1jkva_.pdb	266	2.754e-45	2025.0
d1zcha1.pdb	249	3.371e-51	2070.0
d1hyua3.pdb	102	3.455e-22	819.0
d1r8na_.pdb	185	1.317e-34	1682.0
d2jrxa1.pdb	75	2.037e-11	387.0
d2jv3a_.pdb	110	8.763e-19	829.0
d3gu4a_.pdb	280	8.688e-59	2410.0
d1ub9a_.pdb	100	7.395e-19	710.0
d2afwa_.pdb	323	6.066e-73	2900.0
d1gmia_.pdb	135	1.64e-27	1272.0
d2cx4a_.pdb	161	2.361e-36	1393.0
d1d5ra1.pdb	133	1.502e-28	1281.0
d1q90b_.pdb	212	1.717e-31	1525.0
d1yhfa1.pdb	112	2.542e-22	1008.0
d2q3za1.pdb	131	7.195e-27	1203.0
d1i8na_.pdb	89	1.204e-19	811.0
d1nnqa1.pdb	133	4.011e-18	832.0
d1wlua_.pdb	117	2.402e-23	1038.0
d2jbha_.pdb	208	1.522e-47	1861.0
d3p48a_.pdb	127	7.31e-23	1052.0
d1lpba1.pdb	39	4.808e-08	282.0
d1lr0a_.pdb	126	1.993e-25	960.0
d1t0ha_.pdb	96	4.256e-20	774.0
d1xoya_.pdb	161	5.315e-35	1470.0
d2r5fa1.pdb	218	2.738e-48	1906.0
d1szba2.pdb	45	4.036e-09	362.0
d1t3qb1.pdb	165	4.442e-33	1272.0
d2gmha3.pdb	102	4.449e-23	823.0
d2i76a2.pdb	144	3.41e-33	1304.0
d2a9ua1.pdb	134	4.18e-18	758.0
d2o14a1.pdb	146	7.484e-32	1380.0
d1e4ea2.pdb	211	5.603e-45	1832.0
d1zd9a1.pdb	164	9.402e-38	1404.0
d1ikpa3.pdb	143	7.38e-25	1104.0
d1rhfa2.pdb	85	1.902e-16	791.0
d1x38a2.pdb	214	7.091e-48	1881.0
d3kdfb_.pdb	118	4.329e-23	981.0
d1k0wa_.pdb	223	1.789e-50	1988.0
d2aiqa_.pdb	231	2.746e-50	2206.0
d1rqta_.pdb	37	8.955e-05	170.0
d1rr7a_.pdb	94	8.658e-15	632.0
d1vhka1.pdb	72	8.068e-16	625.0
d1zm8a_.pdb	239	4.534e-55	2104.0
d3l8ua_.pdb	154	1.58e-33	1355.0
d1mr1c_.pdb	97	9.86e-22	815.0
d1seza1.pdb	353	1.885e-79	3059.0
d1g55a_.pdb	313	1.78e-70	2768.0
d2y43a_.pdb	88	4.44e-19	693.0
d3bi1a2.pdb	233	1.101e-54	2066.0
d1jpya_.pdb	121	3.756e-21	944.0
d1twda_.pdb	234	2.103e-53	1976.0
d1m7ja1.pdb	55	1.657e-12	483.0
d1p0ya2.pdb	254	4.05e-54	2166.0
d2cvoa2.pdb	165	1.478e-40	1523.0
d1bev1_.pdb	268	3.388e-56	2324.0
d1w32a_.pdb	346	2.956e-78	3040.0
d1t4wa_.pdb	196	4.955e-44	1855.0
d1ajsa_.pdb	412	2.676e-82	3608.0
d1euva_.pdb	221	6.814e-47	1923.0
d1erja_.pdb	350	1.25e-76	3370.0
d2c2aa1.pdb	89	2.985e-13	514.0
d2fmma_.pdb	68	4.284e-13	525.0
d2oy9a1.pdb	85	8.094e-16	580.0
d2qi2a3.pdb	95	1.522e-22	748.0
d1a6qa1.pdb	68	7.708e-11	420.0
d1bywa_.pdb	110	3.02e-23	974.0
d1nzia2.pdb	41	2.425e-09	354.0
d1olra_.pdb	224	1.608e-51	2238.0
d2y3nb_.pdb	60	1.072e-12	442.0
d1jnda2.pdb	92	8.728e-20	804.0
d1kgda_.pdb	175	1.966e-39	1457.0
d2hnga1.pdb	124	5.351e-24	1020.0
d1a0aa_.pdb	63	1.985e-10	414.0
d1aopa3.pdb	171	6.228e-41	1488.0
d1ss4a_.pdb	149	7.728e-31	1260.0
d2a1fa1.pdb	229	1.352e-51	1989.0
d1pdoa_.pdb	129	1.174e-25	978.0
d2nvna1.pdb	121	2.446e-22	1002.0
d1bgva1.pdb	255	6.904e-56	2118.0
d1upka_.pdb	318	2.97e-40	2281.0
d1dkia_.pdb	303	3.278e-69	2772.0
d1woja_.pdb	209	3.301e-46	1813.0
d1bu8a2.pdb	338	5.118e-82	3142.0
d2ibaa1.pdb	136	1.793e-29	1162.0
d1cuka1.pdb	48	1.395e-07	309.0
d1dy5a_.pdb	124	8.02e-29	1084.0
d1md6a_.pdb	154	1.132e-29	1369.0
d2fl4a1.pdb	146	2.382e-31	1165.0
d1czan2.pdb	243	9.09e-46	2016.0
d2mysb_.pdb	138	6.83e-24	934.0
d2pd2a_.pdb	108	2.566e-22	834.0
d1kkxa_.pdb	102	3.59e-17	764.0
d1mg4a_.pdb	101	1.16e-22	841.0
d1st6a4.pdb	117	6.734e-18	809.0
d1x9aa_.pdb	87	8.132e-18	674.0
d2bjoa_.pdb	135	1.842e-29	1114.0
d1agqa_.pdb	91	7.442e-17	766.0
d1kjwa1.pdb	93	2.285e-19	799.0
d1q79a3.pdb	124	3.037e-28	1037.0
d1wrba1.pdb	232	5.758e-53	1986.0
d1ktha_.pdb	58	9.286e-13	501.0
d1oq1a_.pdb	223	3.187e-50	2214.0
d2nn6f2.pdb	95	7.948e-18	739.0
d2zjrs1.pdb	175	3.597e-41	1622.0
d1koaa1.pdb	97	2.481e-19	900.0
d1wxxa1.pdb	64	8.448e-15	565.0
d2a07f1.pdb	82	2.02e-15	580.0
d2cfqa_.pdb	417	3.405e-51	3184.0
d1k75a_.pdb	431	1.204e-84	3545.0
d2bdea1.pdb	458	1.108e-90	3800.0
d1uf5a_.pdb	303	1.178e-71	2817.0
d1fp0a1.pdb	70	1.166e-14	538.0
d1fr3a_.pdb	67	9.022e-11	492.0
d1nh2a1.pdb	95	6.011e-19	779.0
d1xmta_.pdb	95	9.399e-22	795.0
d2f06a1.pdb	71	1.368e-15	573.0
d2iu5a2.pdb	108	3.522e-16	724.0
d3atya_.pdb	379	1.716e-87	3450.0
d2v3ia_.pdb	434	0.0	4264.0
d1ntya1.pdb	184	2.007e-27	1364.0
d2cqda1.pdb	103	4.746e-23	822.0
d2vkva2.pdb	138	3.14e-21	916.0
d1epwa3.pdb	530	0.0	4762.0
d3fdra_.pdb	89	2.048e-18	750.0
d1h8la2.pdb	301	2.621e-75	2741.0
d2fcla1.pdb	157	7.174e-34	1255.0
d1ff4a_.pdb	65	3.068e-12	536.0
d1hnra_.pdb	47	3.858e-09	341.0
d1hpia_.pdb	71	1.645e-16	581.0
d2j01q1.pdb	136	1.464e-28	1110.0
d1hwmb2.pdb	131	3.02e-27	1186.0
d1rwha1.pdb	369	6.89e-59	2994.0
d1htwa_.pdb	158	1.365e-36	1380.0
d1wd3a2.pdb	162	1.619e-38	1500.0
d2fswa1.pdb	102	2.828e-20	767.0
d3ci0k2.pdb	110	1.746e-22	907.0
d3hdga_.pdb	124	4.493e-25	919.0
d1oiga_.pdb	24	1.398e-05	189.0
d1oisa_.pdb	220	2.678e-50	1895.0
d2qeda1.pdb	251	9.435e-57	2239.0
d1ui5a2.pdb	124	3.389e-19	874.0
d2c42a5.pdb	117	1.546e-24	924.0
d2ix0a1.pdb	90	6.539e-19	804.0
d3ljqa_.pdb	281	4.741e-69	2560.0
d1yj5a1.pdb	195	5.628e-45	1709.0
d1eaqa_.pdb	124	1.839e-24	1123.0
d1tzba_.pdb	301	1.711e-66	2624.0
d1scza_.pdb	233	5.588e-53	1955.0
d8abpa_.pdb	305	1.702e-65	2553.0
d2bmoa2.pdb	287	1.47e-60	2505.0
d1k77a_.pdb	260	8.491e-60	2258.0
d1ew4a_.pdb	106	3.367e-20	863.0
d1lnqa2.pdb	80	5.822e-12	554.0
d1oaoc_.pdb	729	0.0	6559.0
d3i4oa_.pdb	68	1.975e-14	629.0
d1f2ea1.pdb	121	6.301e-19	837.0
d1mxga2.pdb	361	7.219e-89	3315.0
d3sdoa_.pdb	443	2.673e-91	3854.0
d1of5b_.pdb	128	2.714e-26	1091.0
d2q4oa1.pdb	175	1.158e-37	1464.0
d1ozha2.pdb	175	1.412e-40	1508.0
d2g3qa1.pdb	43	9.81e-07	287.0
d2i9ua1.pdb	109	5.966e-24	972.0
d3bzka5.pdb	149	6.311e-32	1230.0
d1pb5a_.pdb	35	2.691e-09	270.0
d1pb7a_.pdb	281	2.163e-67	2574.0
d3ouga_.pdb	107	8.066e-24	976.0
d1ijta_.pdb	128	1.349e-27	1204.0
d1qupa2.pdb	72	4.523e-16	617.0
d1wp9a2.pdb	279	1.752e-54	2203.0
d1njfa_.pdb	239	6.268e-50	2008.0
d3dtub2.pdb	100	6.594e-16	587.0
d3igxa_.pdb	322	3.852e-62	2602.0
d2jdig_.pdb	184	5.508e-32	1294.0
d1de4a2.pdb	178	6.346e-39	1546.0
d1sse.1.pdb	35	1.611e-06	244.0
d1ssqa_.pdb	241	1.396e-45	1999.0
d2fsra1.pdb	164	7.537e-36	1439.0
d1e2wa2.pdb	64	7.087e-12	516.0
d2pnra2.pdb	125	2.493e-27	1028.0
d1f1sa3.pdb	73	1.645e-13	622.0
d1ohea2.pdb	181	1.393e-39	1549.0
d2hipa_.pdb	71	8.237e-16	591.0
d2ii1a_.pdb	297	1.671e-66	2745.0
d1p9ea_.pdb	294	6.223e-67	2662.0
d3v7ba_.pdb	147	2.425e-33	1304.0
d1jl0a_.pdb	310	1.731e-68	2917.0
d3jqwa_.pdb	117	9.615e-27	1108.0
d1jvna2.pdb	232	6.313e-55	2081.0
d2xz4a_.pdb	165	1.003e-38	1462.0
d1e4ea1.pdb	130	5.172e-31	1153.0
d1orua_.pdb	182	2.322e-43	1643.0
d2cdqa1.pdb	304	9.954e-67	2615.0
d1wgda_.pdb	93	9.385e-20	751.0
d2awia1.pdb	65	3.402e-10	468.0
d2ihoa1.pdb	154	1.178e-32	1416.0
d1ayja_.pdb	51	1.458e-12	450.0
d1bcoa2.pdb	215	4.658e-52	1915.0
d1q47a_.pdb	484	1.926e-97	4656.0
d2abwa1.pdb	214	3.899e-52	1955.0
d1m06g_.pdb	187	5.005e-39	1710.0
d1xppa_.pdb	99	9.533e-20	726.0
d2uwaa_.pdb	274	1.35e-60	2625.0
d1ng2a2.pdb	118	3.992e-24	955.0
d1umka2.pdb	147	1.644e-34	1286.0
d2j01x1.pdb	92	5.441e-19	740.0
d3cnxa1.pdb	138	5.849e-29	1182.0
d1kxla_.pdb	187	1.746e-46	1696.0
d1xp4a1.pdb	93	2.765e-17	714.0
d1l0qa1.pdb	90	2.024e-17	781.0
d1tafb_.pdb	70	7.825e-12	449.0
d1vcta1.pdb	99	5.028e-14	617.0
d1ytda2.pdb	119	6.301e-28	1010.0
d2ox9a_.pdb	130	3.924e-28	1170.0
d1d1na_.pdb	99	3.846e-18	845.0
d1lqaa_.pdb	346	1.446e-79	2971.0
d1mkya1.pdb	157	5.826e-34	1250.0
d2c42a1.pdb	257	5.037e-55	2237.0
d1u5ma_.pdb	73	1.401e-15	590.0
d1iwma_.pdb	177	2.778e-37	1655.0
d2ccja_.pdb	196	1.139e-40	1558.0
d1qqha_.pdb	144	1.866e-30	1274.0
d2bfdb1.pdb	194	8.434e-44	1725.0
d1k8kf_.pdb	167	1.013e-32	1277.0
d1vdda_.pdb	199	1.682e-41	1576.0
d3ag3c_.pdb	259	5.805e-36	1874.0
d1khia2.pdb	71	9.161e-15	605.0
d1piwa2.pdb	168	2.906e-37	1446.0
d2oi8a2.pdb	124	2.396e-19	863.0
d1hq1a_.pdb	76	4.079e-12	510.0
d1j56a_.pdb	124	2.283e-26	971.0
d2bgra2.pdb	258	8.243e-61	2305.0
d1u3em1.pdb	105	3.328e-23	902.0
d1yg6a_.pdb	193	3.116e-43	1615.0
d1g2914.pdb	71	1.199e-12	568.0
d1kkoa1.pdb	251	1.712e-51	2117.0
d1gq8a_.pdb	319	2.939e-59	2897.0
d1qv0a_.pdb	185	8.732e-35	1529.0
d1xtta1.pdb	215	3.032e-47	1909.0
d1u0ta_.pdb	267	7.724e-64	2502.0
d1su3a1.pdb	55	7.772e-10	396.0
d1tdqb_.pdb	126	3.921e-28	1160.0
d2akja2.pdb	153	6.412e-32	1243.0
d3crda_.pdb	100	1.228e-19	766.0
d1cz4a2.pdb	94	1.052e-21	817.0
d1hfua2.pdb	169	2.533e-39	1656.0
d1t35a_.pdb	179	4.164e-36	1367.0
d1a62a1.pdb	47	3.026e-06	260.0
d1d1ha_.pdb	35	2.241e-07	294.0
d2h6fa1.pdb	315	2.487e-41	2287.0
d1kg0c_.pdb	136	9.442e-33	1241.0
d1t01a1.pdb	125	2.193e-18	840.0
d1xsza2.pdb	157	1.493e-32	1305.0
d3lb2a_.pdb	137	9.943e-21	988.0
d1jt8a_.pdb	102	6.975e-21	857.0
d1wura1.pdb	185	2.434e-39	1565.0
d3q15c_.pdb	116	2.187e-22	839.0
d1q52a_.pdb	269	1.915e-60	2334.0
d2ywqa1.pdb	89	5.27e-20	750.0
d2yvxa3.pdb	173	2.056e-23	1175.0
d1fafa_.pdb	79	4.051e-13	553.0
d1knva_.pdb	290	7.107e-61	2483.0
d2ooxe1.pdb	179	1.175e-38	1420.0
d1hn0a2.pdb	184	1.289e-39	1725.0
d1y6kr2.pdb	106	1.85e-21	943.0
d2ogka1.pdb	133	6.208e-29	1117.0
d1in0a2.pdb	74	1.458e-12	467.0
d1p2za2.pdb	312	2.541e-68	2832.0
d2cqga1.pdb	90	3.714e-19	774.0
d3bida1.pdb	56	2.612e-10	410.0
d3fz2a_.pdb	129	1.512e-28	1112.0
d1ln1a_.pdb	203	8.301e-43	1802.0
d2ff4a3.pdb	99	9.263e-20	907.0
d3bnja_.pdb	471	5.038e-82	3942.0
d2mssa_.pdb	75	2.989e-18	645.0
d3bpza_.pdb	194	2.735e-40	1535.0
d1mjfa_.pdb	271	2.013e-65	2479.0
d1c4za_.pdb	350	7.037e-69	3033.0
d2fd6u2.pdb	84	8.642e-18	773.0
d1qtqa2.pdb	331	6.55e-76	2884.0
d1dsva_.pdb	31	9.631e-08	260.0
d1e0ba_.pdb	61	1.338e-12	506.0
d1gp6a_.pdb	349	8.565e-80	3072.0
d3cs0a1.pdb	99	8.181e-19	825.0
d1e5da1.pdb	152	7.971e-33	1292.0
d2dpia1.pdb	98	3.275e-21	795.0
d2vnud2.pdb	80	6.678e-15	674.0
d3tema_.pdb	228	7.65e-52	1986.0
d2fhzb_.pdb	93	8.197e-19	788.0
d1wiwa_.pdb	282	1.42e-60	2445.0
d1k1fa_.pdb	67	2.731e-09	315.0
d1k28a1.pdb	124	1.016e-27	1120.0
d1sdda2.pdb	102	3.763e-22	937.0
d1wc3a_.pdb	198	2.989e-45	1782.0
d1gkub1.pdb	237	1.208e-53	1948.0
d2g50a3.pdb	135	2.091e-30	1097.0
d1dova_.pdb	181	5.409e-24	1171.0
d1rzfl2.pdb	102	5.134e-20	906.0
d1y0ga_.pdb	169	1.012e-35	1582.0
d3dzza_.pdb	386	2.537e-86	3398.0
d1cuna2.pdb	104	1.423e-14	625.0
d1ipaa2.pdb	100	1.104e-22	824.0
d1pqsa_.pdb	77	1.472e-16	632.0
d1wlma1.pdb	138	4.91e-22	991.0
d2fxua2.pdb	225	1.008e-48	1885.0
d1o98a1.pdb	234	1.216e-54	2036.0
d2o57a1.pdb	282	1.184e-62	2461.0
d1xu2r_.pdb	36	1.227e-07	280.0
d1y9wa1.pdb	140	8.693e-30	1185.0
d1ecma_.pdb	91	2.764e-13	501.0
d1gpqa_.pdb	127	3.439e-26	1066.0
d1t0kb_.pdb	97	1.951e-22	778.0
d1wgfa_.pdb	90	3.156e-14	590.0
d1y55x_.pdb	120	3.926e-22	1036.0
d2wkxa1.pdb	82	1.346e-14	593.0
d3nyia_.pdb	293	2.41e-73	2520.0
d2qw7a1.pdb	96	5.897e-20	830.0
d1b35.1.pdb	57	3.073e-09	354.0
d1ckma1.pdb	89	1.905e-17	715.0
d2ogqa1.pdb	124	1.504e-23	1014.0
d3iq0a_.pdb	307	3.708e-70	2727.0
d3pnlb_.pdb	211	1.045e-35	1636.0
d1r71a_.pdb	114	4.149e-16	733.0
d1sxda_.pdb	91	2.74e-17	696.0
d1uzka1.pdb	43	3.564e-09	360.0
d1vp5a_.pdb	284	1.428e-58	2405.0
d1p9oa_.pdb	269	9.601e-59	2280.0
d1gska2.pdb	174	2.377e-36	1652.0
d1viga_.pdb	71	5.569e-15	592.0
d1kfsa1.pdb	195	2.518e-45	1680.0
d1zpda1.pdb	175	9.003e-39	1434.0
d1gsma1.pdb	90	5.798e-17	829.0
d1nd9a_.pdb	49	1.951e-09	360.0
d1qfha2.pdb	108	5.05e-21	954.0
d2az0a1.pdb	70	2.578e-11	416.0
d2cxxa1.pdb	184	7.643e-38	1422.0
d1hdma2.pdb	81	2.255e-16	684.0
d1pava_.pdb	78	2.849e-20	691.0
d1vl2a2.pdb	228	2.116e-47	1929.0
d1mv5a_.pdb	242	9.321e-54	2059.0
d3krua_.pdb	335	4.307e-70	2980.0
d1bb8a_.pdb	71	3.032e-15	581.0
d1ejea_.pdb	192	7.786e-42	1719.0
d1vq8n1.pdb	186	6.32e-40	1526.0
d3e5ua1.pdb	76	7.151e-15	594.0
d3op8a_.pdb	85	1.568e-16	729.0
d1foea1.pdb	206	2.401e-28	1423.0
d1uj6a1.pdb	151	1.166e-30	1294.0
d2o62a2.pdb	132	2.695e-25	1191.0
d1fuka_.pdb	157	7.581e-34	1275.0
d1wuua1.pdb	215	2.255e-48	1864.0
d1gg3a3.pdb	81	8.598e-18	677.0
d1j1va_.pdb	94	1.046e-13	654.0
d1mzba_.pdb	133	2.587e-27	1033.0
d1w9ea1.pdb	85	1.118e-18	756.0
d2d8ya1.pdb	35	9.021e-07	258.0
d2dawa1.pdb	141	7.926e-28	1107.0
d3kxsa_.pdb	140	5.457e-24	1038.0
d1dxya1.pdb	199	4.158e-42	1676.0
d2xy4a_.pdb	267	6.718e-57	2345.0
d2a19b_.pdb	264	7.634e-53	2234.0
d1gq6a_.pdb	295	4.3e-70	2644.0
d3i76a_.pdb	223	2.473e-47	1836.0
d1y7ea2.pdb	291	1.017e-65	2565.0
d1n67a1.pdb	141	4.848e-30	1321.0
d1wjua_.pdb	100	1.881e-20	751.0
d2dkta2.pdb	56	2.48e-12	454.0
d2eb4a_.pdb	261	3.209e-64	2397.0
d1l0wa3.pdb	356	2.795e-79	3115.0
d1tlta2.pdb	140	3.051e-31	1237.0
d2pnrc1.pdb	61	2.605e-11	471.0
d2vgha_.pdb	55	3.025e-11	419.0
d2vzsa1.pdb	110	6.717e-21	971.0
d1ek6a_.pdb	346	9.954e-81	3099.0
d1fltv_.pdb	95	2.186e-18	839.0
d1pdga_.pdb	87	7.547e-15	707.0
d1vq8e2.pdb	93	7.381e-19	791.0
d2bbva_.pdb	308	1.266e-68	2915.0
d1n93x_.pdb	335	1.356e-54	2661.0
d3ag3j_.pdb	58	7.545e-10	367.0
d3bn6a_.pdb	158	7.953e-35	1504.0
d1ev0a_.pdb	58	4.262e-10	404.0
d1jfxa_.pdb	217	1.471e-49	2000.0
d2b8ta2.pdb	67	4.642e-14	523.0
d2d2sa1.pdb	217	6.746e-30	1533.0
d1g8fa1.pdb	167	4.596e-40	1451.0
d1mnma_.pdb	85	5.528e-15	554.0
d1rcqa2.pdb	226	1.02e-51	1970.0
d1g31a_.pdb	107	1.102e-22	930.0
d1ut3a_.pdb	38	8.91e-08	309.0
d1utca1.pdb	25	0.0005575	154.0
d1utea_.pdb	302	1.924e-72	2805.0
d1udxa3.pdb	76	9.743e-16	599.0
d1vpsa_.pdb	285	2.125e-64	2696.0
d3i35a_.pdb	57	4.176e-11	482.0
d1ayaa_.pdb	101	3.488e-24	897.0
d1f60a3.pdb	239	2.257e-53	2010.0
d2gsva1.pdb	67	2.718e-10	432.0
d2qn6b1.pdb	89	1.127e-19	715.0
d1v77a_.pdb	202	8.41e-42	1711.0
d1e3oc2.pdb	75	7.575e-13	522.0
d1h0za_.pdb	68	4.823e-14	511.0
d1jb0a_.pdb	740	0.0	6064.0
d1ka1a_.pdb	354	6.162e-79	3168.0
d1agga_.pdb	48	6.605e-11	413.0
d1chka_.pdb	238	6.407e-42	1945.0
d1qhxa_.pdb	178	1.425e-40	1507.0
d3bb9a1.pdb	119	4.57e-23	955.0
d1m1xb5.pdb	43	7.45e-11	343.0
d1w6ka1.pdb	446	4.265e-81	3863.0
d1nvus_.pdb	469	5.683e-73	3789.0
d1iq8a3.pdb	77	8.089e-19	665.0
d1lfwa1.pdb	272	2.04e-59	2391.0
d2z1aa1.pdb	205	2.381e-49	1880.0
d1kqfb2.pdb	45	1.929e-07	249.0
d1ks9a2.pdb	167	2.542e-41	1549.0
d2evea1.pdb	148	9.681e-37	1298.0
d3hhtb_.pdb	227	6.714e-46	1840.0
d1kloa3.pdb	51	5.101e-13	422.0
d1vf8a2.pdb	70	1.029e-14	604.0
d1wuea2.pdb	126	7.186e-27	1055.0
d2g62a1.pdb	295	5.623e-50	2441.0
d1oh0a_.pdb	125	2.308e-29	1127.0
d1xu1r_.pdb	38	2.49e-08	294.0
d1y6ha_.pdb	177	3.032e-38	1513.0
d3h7ma_.pdb	228	4.718e-56	2012.0
d1ujva_.pdb	96	4.295e-19	802.0
d2bl5a1.pdb	134	8.579e-27	1039.0
d3ddoa_.pdb	240	5.093e-55	2119.0
d3eaaa_.pdb	162	1.039e-32	1493.0
d1n6za_.pdb	105	2.489e-22	839.0
d1uc6a_.pdb	109	2.796e-21	976.0
d2b0ha1.pdb	136	8.896e-19	940.0
d3bwha_.pdb	244	6.858e-54	2141.0
d1pvda1.pdb	169	7.1e-38	1414.0
d2v9la_.pdb	274	9.849e-59	2490.0
d1su1a_.pdb	184	3.279e-43	1668.0
d2o6ka1.pdb	70	1.657e-12	481.0
d2uxqa_.pdb	402	5.981e-93	3577.0
d2ajra_.pdb	320	1.597e-68	2827.0
d2bs2b2.pdb	106	3.905e-22	895.0
d2od0a1.pdb	103	1.699e-20	809.0
d3s8qa_.pdb	76	4.837e-11	513.0
d1fgja_.pdb	499	2.415e-81	4185.0
d2bskb1.pdb	65	6.254e-10	385.0
d2gvka1.pdb	309	9.56e-71	2731.0
d1t17a_.pdb	148	2.851e-29	1237.0
d2fa1a1.pdb	158	2.312e-31	1382.0
d1j4wa2.pdb	71	5.712e-14	559.0
d2wraa_.pdb	122	1.713e-24	1134.0
d1jkma_.pdb	358	1.04e-76	3165.0
d1qb5d_.pdb	99	1.313e-20	829.0
d1xkpc1.pdb	126	6.851e-23	965.0
d2slia1.pdb	196	1.676e-40	1803.0
d1sgma1.pdb	73	2.836e-11	498.0
d1uasa2.pdb	273	6.492e-62	2422.0
d1kf6d_.pdb	119	1.718e-18	830.0
d1q32a1.pdb	208	7.905e-49	1877.0
d2i0za1.pdb	251	4.401e-58	2245.0
d1yoea_.pdb	302	2.512e-69	2649.0
d1tlla2.pdb	175	1.01e-39	1495.0
d1dhna_.pdb	121	8.896e-27	1019.0
d1n62b1.pdb	141	1.679e-30	1157.0
d1wi9a_.pdb	72	7.013e-14	479.0
d1xd3a_.pdb	229	7.862e-50	1920.0
d1eu1a1.pdb	155	9.425e-36	1364.0
d1n08a_.pdb	154	2.092e-31	1328.0
d2aioa_.pdb	266	2.222e-61	2387.0
d1ei1a1.pdb	172	5.5e-40	1463.0
d1h6ga1.pdb	131	1.084e-17	868.0
d1n1fa_.pdb	153	4.015e-23	1128.0
d1wuda1.pdb	77	1.034e-12	520.0
d1x41a1.pdb	47	1.82e-08	355.0
d1zdna1.pdb	151	7.988e-32	1239.0
d3hgpa_.pdb	240	5.206e-52	2270.0
d1t0ya_.pdb	90	1.09e-19	788.0
d1zcca1.pdb	240	5.449e-54	2074.0
d1n1ba1.pdb	201	2.563e-29	1470.0
d1ydxa1.pdb	193	7.704e-41	1550.0
d3f04a_.pdb	136	7.075e-27	1227.0
d1ml4a1.pdb	150	2.748e-33	1191.0
d2d48a_.pdb	129	1.25e-20	931.0
d3mnga_.pdb	161	1.558e-38	1416.0
d1nw1a_.pdb	365	1.808e-64	3120.0
d1et9a2.pdb	109	6.666e-23	926.0
d1jmsa3.pdb	60	1.599e-11	420.0
d1jr1a4.pdb	74	6.68e-16	594.0
d1lt7a_.pdb	305	1.174e-66	2626.0
d1otka_.pdb	244	5.16e-39	1923.0
d1ztpa1.pdb	228	1.185e-50	1976.0
d1imva_.pdb	375	1.635e-87	3459.0
d1drua1.pdb	160	1.59e-34	1328.0
d1wf2a_.pdb	98	2.035e-21	779.0
d2cu3a1.pdb	63	3.237e-13	505.0
d2i76a1.pdb	103	7.218e-16	645.0
d2j82a_.pdb	221	8.588e-49	1950.0
d1ocya_.pdb	198	1.146e-43	1587.0
d1v88a_.pdb	130	4.589e-27	1165.0
d2o4ta1.pdb	90	1.758e-14	596.0
d1puja_.pdb	261	9.424e-56	2144.0
d1euwa_.pdb	136	6.671e-28	1215.0
d1rjja_.pdb	111	1.197e-24	878.0
d2e1fa_.pdb	94	1.902e-14	686.0
d2okma_.pdb	146	6.098e-31	1398.0
d1l2ha_.pdb	144	5.481e-28	1318.0
d1ykga1.pdb	146	7.609e-31	1185.0
d1d4va3.pdb	31	9.491e-06	231.0
d1d5ra2.pdb	174	1.564e-40	1488.0
d1wmda2.pdb	318	1.355e-81	2832.0
d1sbpa_.pdb	309	8.277e-72	2735.0
d1i3oe_.pdb	111	2.682e-24	919.0
d1jfla1.pdb	115	3.272e-25	909.0
d1uoya_.pdb	64	3.743e-15	561.0
d1v7mv_.pdb	145	1.639e-25	1132.0
d2rb8a_.pdb	93	5.526e-18	841.0
d1dxsa_.pdb	57	1.636e-10	437.0
d1esfa1.pdb	116	8.309e-26	994.0
d1lj9a_.pdb	144	1.834e-25	973.0
d1rp3a3.pdb	87	9.191e-14	566.0
d1jjcb4.pdb	104	1.631e-21	869.0
d1utca2.pdb	327	3.734e-61	3009.0
d1flei_.pdb	47	2.263e-10	394.0
d1fn9a_.pdb	365	4.046e-81	3290.0
d2fj6a1.pdb	74	5.269e-12	490.0
d2gtlm2.pdb	42	4.349e-09	309.0
d2gtvx1.pdb	93	1.59e-14	619.0
d2odma_.pdb	79	1.042e-11	497.0
d3d85d1.pdb	87	1.066e-18	789.0
d1ei5a1.pdb	82	1.027e-13	667.0
d2go8a1.pdb	89	2.652e-17	717.0
d3qq8b_.pdb	80	1.951e-18	707.0
d1gv9a_.pdb	223	4.27e-52	2207.0
d2bw0a2.pdb	203	1.768e-48	1811.0
d1m0ga_.pdb	30	5.508e-06	203.0
d1m0ka_.pdb	222	6.596e-34	1689.0
d2b5dx2.pdb	404	3.048e-88	3410.0
d1tu1a_.pdb	144	7.341e-28	1248.0
d2xcea_.pdb	129	1.059e-25	1137.0
d1jgsa_.pdb	138	8.776e-26	946.0
d1q25a1.pdb	123	3.481e-29	1152.0
d1wgla_.pdb	59	6.146e-10	388.0
d1wjva1.pdb	35	4.343e-06	247.0
d1ybha1.pdb	179	1.291e-41	1548.0
d1ca1a1.pdb	249	3.387e-38	2036.0
d1v25a_.pdb	491	0.0	4538.0
d2ahua2.pdb	273	3.716e-64	2493.0
d1np3a1.pdb	145	3.959e-22	971.0
d1ro5a_.pdb	197	2.714e-45	1726.0
d3favb_.pdb	72	2.011e-10	403.0
d1gjja1.pdb	50	2.105e-08	329.0
d1h1oa2.pdb	90	4.64e-19	727.0
d1iyra_.pdb	83	8.823e-13	544.0
d1ni5a1.pdb	227	2.933e-45	1801.0
d3isga_.pdb	249	1.235e-55	2177.0
d1yova_.pdb	529	2.887e-97	4551.0
d1aopa1.pdb	60	2.462e-12	468.0
d1dwka1.pdb	86	3.64e-15	637.0
d1hp1a2.pdb	328	2.91e-76	3015.0
d1dgsa1.pdb	181	1.526e-31	1441.0
d2iiaa_.pdb	89	1.793e-17	805.0
d3er9b_.pdb	445	5.273e-77	3795.0
d2zbla_.pdb	416	3.077e-79	3644.0
d1z2la1.pdb	293	3.931e-69	2652.0
d1klxa_.pdb	133	1.429e-20	1030.0
d1ugka_.pdb	138	6.293e-28	1244.0
d2wdqc_.pdb	121	3.459e-18	778.0
d1c4oa2.pdb	174	2.003e-37	1420.0
d2foka2.pdb	138	5.37e-27	1124.0
d3flga_.pdb	135	7.413e-29	1134.0
d1vq8l1.pdb	145	5.201e-31	1133.0
d2ca5a1.pdb	59	4.203e-08	293.0
d2d1pc1.pdb	95	7.049e-22	797.0
d3bt6a_.pdb	342	2.348e-72	3115.0
d1v5qa_.pdb	122	6.692e-24	970.0
d2cksa_.pdb	305	1.67e-72	2712.0
d1z0jb1.pdb	51	3.291e-07	290.0
d1zpda2.pdb	186	2.227e-40	1598.0
d1hdmb1.pdb	98	1.066e-19	900.0
d1rc9a1.pdb	164	2.059e-42	1456.0
d1ig0a1.pdb	96	2.668e-19	875.0
d1p91a_.pdb	268	5.473e-64	2406.0
d3hida_.pdb	424	2.588e-99	3715.0
d2i1sa1.pdb	178	2.533e-37	1582.0
d1jmsa4.pdb	205	4.519e-48	1801.0
d2ak4d1.pdb	114	7.485e-23	1032.0
d3e99a1.pdb	149	8.156e-29	1198.0
d1qz9a_.pdb	404	2.387e-85	3528.0
d1lrza2.pdb	165	5.52e-37	1378.0
d1vkka_.pdb	137	1.006e-31	1226.0
d1f1ma_.pdb	162	5.262e-23	1125.0
d1qpoa2.pdb	115	7.414e-25	938.0
d2a6sa_.pdb	83	3.26e-18	690.0
d2h30a_.pdb	151	8.017e-36	1333.0
d1ej5a_.pdb	107	2.714e-19	812.0
d1kzyc1.pdb	126	3.574e-30	1088.0
d1rfsa_.pdb	127	4.561e-26	1149.0
d1yuza2.pdb	36	1.007e-07	313.0
d2afba_.pdb	329	3.908e-76	2948.0
d2bs2a1.pdb	198	6.643e-39	1533.0
d1cf7a_.pdb	67	1.163e-11	431.0
d1elka_.pdb	153	1.051e-23	1166.0
d1t3ya_.pdb	131	8.502e-29	1108.0
d2evra1.pdb	74	2.014e-14	655.0
d2ve8a_.pdb	67	2.815e-13	497.0
d3prna_.pdb	289	3.296e-58	2600.0
d1pyfa_.pdb	311	2.686e-66	2639.0
d1pg5b2.pdb	56	2.268e-11	473.0
d1sr9a3.pdb	115	7.82e-24	1006.0
d1xkga1.pdb	297	2.598e-73	2674.0
d3clsd2.pdb	123	2.042e-27	1017.0
d1it2a_.pdb	146	6.834e-21	1017.0
d1s4ca1.pdb	138	1.783e-27	1171.0
d1x3pa1.pdb	54	4.615e-12	417.0
d1x44a1.pdb	90	7.652e-20	868.0
d2wmya_.pdb	143	1.126e-33	1211.0
d1pv9a2.pdb	221	3.722e-49	1926.0
d2p7ja2.pdb	172	6.014e-32	1341.0
d1kiya_.pdb	354	8.376e-48	2813.0
d3c8wa1.pdb	250	3.38e-50	2332.0
d3kfaa_.pdb	284	6.549e-57	2353.0
d1z9ta_.pdb	240	7.639e-60	2228.0
d3szaa_.pdb	447	6.368e-97	3894.0
d1j2ma_.pdb	99	1.287e-25	755.0
d1jjda_.pdb	52	1.535e-11	432.0
d1jkgb_.pdb	180	2.908e-41	1579.0
d1y14a_.pdb	133	1.794e-21	924.0
d2ewha1.pdb	92	1.073e-19	782.0
d3doda_.pdb	417	1.489e-84	3636.0
d1eg5a_.pdb	364	2.623e-77	3115.0
d1oyza_.pdb	273	2.948e-35	1950.0
d3ivza_.pdb	261	2.443e-60	2324.0
d1xfda2.pdb	258	2.329e-60	2287.0
d1pfva3.pdb	35	3.011e-08	292.0
d1ppjb1.pdb	219	1.108e-48	1878.0
d2dw4a1.pdb	102	3.95e-18	803.0
d2pppa_.pdb	107	2.26e-22	989.0
d1gsha2.pdb	174	1.042e-37	1485.0
d1vkra_.pdb	97	6.268e-21	772.0
d2ecba1.pdb	76	1.952e-12	489.0
d1omca_.pdb	27	2.491e-05	202.0
d1omwa2.pdb	113	8.396e-22	946.0
d2a1ja1.pdb	62	6.72e-11	435.0
d2amha1.pdb	195	1.637e-45	1681.0
d1dgsa2.pdb	86	1.491e-16	748.0
d1ohpa_.pdb	125	1.094e-26	1086.0
d1y1la_.pdb	124	4.017e-27	1045.0
d2rb4a_.pdb	164	5.828e-35	1344.0
d1m5ya1.pdb	173	3.824e-29	1166.0
d1tubb2.pdb	184	3.257e-41	1591.0
d1r3ea2.pdb	228	1.115e-51	2044.0
d2omza2.pdb	384	4.983e-68	3299.0
d1ttwa_.pdb	118	2.906e-23	963.0
d2dt5a1.pdb	74	5.602e-13	542.0
d2p62a1.pdb	241	3.279e-50	2009.0
d1woca_.pdb	99	1.342e-19	926.0
d2hhva2.pdb	408	3.318e-73	3377.0
d1zswa1.pdb	144	5.203e-33	1245.0
d1b34b_.pdb	74	2.596e-14	634.0
d1gg4a4.pdb	206	1.225e-47	1797.0
d1m1la_.pdb	236	3.094e-59	2142.0
d2aa4a1.pdb	119	3.473e-27	1020.0
d3k6ea_.pdb	145	1.706e-31	1130.0
d1nf9a_.pdb	207	4.181e-46	1837.0
d2nn6c1.pdb	181	4.852e-40	1576.0
d1eq2a_.pdb	273	6.918e-61	2295.0
d3d31c1.pdb	248	5.825e-34	1818.0
d1p1ja1.pdb	410	6.436e-86	3670.0
d2efja_.pdb	348	5.399e-76	3004.0
d3b7sa1.pdb	150	1.436e-22	1140.0
d1llfa_.pdb	534	0.0	4948.0
d1muga_.pdb	165	2.563e-39	1459.0
d2qqia1.pdb	156	1.114e-32	1420.0
d1h3na2.pdb	192	1.597e-43	1666.0
d1vqza2.pdb	241	7.071e-55	2065.0
d1eqfa2.pdb	128	2.324e-23	954.0
d1nuia1.pdb	192	3.601e-47	1736.0
d2u2fa_.pdb	85	8.575e-19	725.0
d3reta_.pdb	97	1.464e-15	614.0
d1aola_.pdb	228	1.789e-56	2172.0
d1fjca_.pdb	96	5.601e-20	764.0
d1no8a_.pdb	78	5.166e-17	664.0
d1wk0a_.pdb	137	7.244e-27	1180.0
d3by5a1.pdb	123	3.539e-27	984.0
d1gxya_.pdb	223	3.336e-50	1961.0
d1ulia2.pdb	270	4.51e-60	2449.0
d1c99a_.pdb	79	3.985e-11	486.0
d1f5va_.pdb	240	5.983e-51	1985.0
d2b1ea_.pdb	532	4.609e-67	4073.0
d1x61a1.pdb	27	0.0002939	181.0
d2hs5a1.pdb	69	3.06e-13	488.0
d2v89a_.pdb	78	1.949e-17	639.0
d2x97a_.pdb	598	3.054e-92	4999.0
d3bema_.pdb	207	3.988e-40	1641.0
d1pbyc_.pdb	79	9.552e-17	611.0
d1pcfa_.pdb	66	3.8e-12	515.0
d1w94a1.pdb	154	9.168e-36	1405.0
d3boea_.pdb	209	2.143e-50	1853.0
d1pq9a_.pdb	232	6.212e-34	1769.0
d2puya_.pdb	59	2.623e-12	458.0
d1kf6b1.pdb	138	2.411e-22	1091.0
d1q7ea_.pdb	410	8.431e-91	3508.0
d1jeqa1.pdb	51	1.496e-08	327.0
d1jmab1.pdb	56	3.187e-12	489.0
d1no7a_.pdb	542	5.301e-103	4835.0
d1biha1.pdb	94	2.114e-19	874.0
d1nj8a1.pdb	126	2.295e-27	993.0
d1uuja_.pdb	76	1.002e-10	426.0
d1wfia_.pdb	131	8.155e-24	1054.0
d2nsza1.pdb	129	7.556e-19	931.0
d1w2za3.pdb	108	5.814e-24	909.0
d2f5va1.pdb	379	5.712e-86	3340.0
d1sg7a1.pdb	75	9.395e-14	543.0
d1wfea_.pdb	86	2.033e-16	587.0
d1x2ga2.pdb	240	3.734e-55	2119.0
d1m94a_.pdb	73	4.15e-17	646.0
d1rypd_.pdb	241	4.318e-53	2047.0
d1a04a2.pdb	138	5.212e-30	1131.0
d1wb1a3.pdb	116	1.311e-21	1009.0
d2nqra1.pdb	83	3.407e-18	736.0
d1dp7p_.pdb	76	8.135e-16	602.0
d1i9ga_.pdb	264	3.237e-61	2392.0
d2q8re_.pdb	66	1.233e-13	529.0
d3kana_.pdb	117	7.686e-27	1005.0
d1gxja_.pdb	161	4.854e-36	1325.0
d1saza2.pdb	203	3.366e-42	1571.0
d2hy5b1.pdb	132	1.469e-30	1130.0
d1ju2a2.pdb	170	1.096e-36	1495.0
d1wdya_.pdb	285	1.392e-45	2251.0
d1cvja2.pdb	89	7e-22	755.0
d3riya_.pdb	272	2.899e-62	2389.0
d1ujda_.pdb	117	1.749e-22	984.0
d2iu5a1.pdb	71	1.649e-12	504.0
d2nlsa_.pdb	36	4.4e-08	301.0
d2nn6d1.pdb	116	5.294e-27	1011.0
d1dx5i1.pdb	43	2.684e-09	367.0
d1efpa1.pdb	183	3.484e-40	1573.0
d1vlia1.pdb	72	5.265e-16	609.0
d1wdka3.pdb	186	4.173e-41	1655.0
d1m7ja3.pdb	358	2.191e-77	3147.0
d3ubya_.pdb	204	3.231e-47	1840.0
d1r0ri_.pdb	51	1.58e-11	425.0
d1rutx1.pdb	30	5.453e-06	245.0
d1seda_.pdb	112	3.969e-17	753.0
d1vl6a1.pdb	222	1.798e-46	1878.0
d1f3ua_.pdb	118	9.267e-27	1014.0
d1okkd2.pdb	207	1.099e-44	1738.0
d1hsta_.pdb	74	4.985e-15	565.0
d1koha1.pdb	162	9.49e-35	1351.0
d1rypj_.pdb	204	6.305e-45	1798.0
d2q43a1.pdb	273	1.806e-63	2471.0
d1tuaa2.pdb	104	5.732e-20	800.0
d2c9wa2.pdb	103	1.406e-20	822.0
d2q5za_.pdb	93	1.209e-14	630.0
d12asa_.pdb	327	4e-73	2924.0
d2hqsa1.pdb	269	1.03e-55	2592.0
d1jjcb5.pdb	207	2.908e-45	1802.0
d2oula_.pdb	241	8.095e-58	2190.0
d1k94a_.pdb	165	6.502e-30	1267.0
d1vmia_.pdb	329	5.107e-73	2848.0
d1c6wa_.pdb	33	8.381e-08	272.0
d1clia1.pdb	166	5.441e-38	1442.0
d1t6ja_.pdb	647	8.933e-95	5270.0
d2ak5a_.pdb	60	1.662e-11	521.0
d2fn0a1.pdb	408	9.842e-90	3686.0
d1ywsa1.pdb	82	6.825e-20	702.0
d2izva1.pdb	44	5.058e-08	298.0
d2izva2.pdb	112	1.412e-26	983.0
d3dv3a_.pdb	288	4.824e-58	2459.0
d1vjra_.pdb	261	5.838e-58	2223.0
d3c8da1.pdb	136	4.963e-29	1230.0
d1j5pa3.pdb	103	1.689e-24	894.0
d1r6da_.pdb	322	5.119e-72	2846.0
d1ogad2.pdb	84	6.601e-15	688.0
d1vjna_.pdb	194	2.301e-42	1830.0
d3ilwa_.pdb	464	9.17e-88	3937.0
d1c0ma1.pdb	53	4.213e-11	490.0
d1g47a1.pdb	35	2.954e-06	252.0
d1ghja_.pdb	79	1.051e-16	655.0
d1m7va_.pdb	361	9.376e-78	3167.0
d2axtt1.pdb	30	0.0006326	143.0
d2axwa1.pdb	121	1.825e-23	1102.0
d3pt8a_.pdb	151	3.252e-22	1097.0
d1jtdb_.pdb	273	5.731e-57	2598.0
d1xwva_.pdb	129	3.259e-27	1228.0
d3bmva1.pdb	83	1.431e-15	698.0
d1de4c3.pdb	294	5.617e-67	2603.0
d2yrka1.pdb	48	3.695e-11	342.0
d2yvla_.pdb	247	1.885e-57	2208.0
d1wjja_.pdb	145	3.961e-27	1193.0
d1hyha1.pdb	139	9.415e-30	1133.0
d2fzta1.pdb	78	2.586e-10	372.0
d2hpua1.pdb	126	5.388e-27	1067.0
d2p0ma2.pdb	111	1.276e-21	1007.0
d1boua_.pdb	132	2.555e-22	952.0
d1gh6a_.pdb	114	1.201e-20	819.0
d1k8wa3.pdb	62	4.038e-14	542.0
d1o7qa_.pdb	287	5.306e-68	2583.0
d2jbwa1.pdb	359	4.991e-74	3131.0
d2mnra2.pdb	130	1.822e-26	1060.0
d1sb8a_.pdb	341	1.625e-76	3033.0
d1r1ma_.pdb	140	2.415e-31	1131.0
d2anea1.pdb	110	2.82e-23	987.0
d1ceoa_.pdb	332	1.283e-74	2837.0
d2zfia_.pdb	329	1.175e-79	2968.0
d2be3a1.pdb	203	1.173e-40	1549.0
d3oe2a_.pdb	133	1.725e-29	1198.0
d1ryba_.pdb	186	8.9e-45	1642.0
d1cjya2.pdb	504	8.648e-95	4432.0
d2x4ka_.pdb	62	1.625e-12	447.0
d2cfxa2.pdb	77	6.027e-15	607.0
d2o6pa1.pdb	122	5.471e-24	1102.0
d1hlqa_.pdb	75	2.125e-17	618.0
d1hyea2.pdb	162	4.199e-36	1350.0
d1rkta1.pdb	81	2.575e-13	508.0
d1tbfa_.pdb	326	4.296e-45	2552.0
d1g8ka1.pdb	143	6.975e-35	1313.0
d1lwha2.pdb	391	1.056e-88	3498.0
d1p8ba_.pdb	37	1.469e-07	299.0
d1r1fa_.pdb	37	4.839e-08	315.0
d1qcsa1.pdb	86	3.004e-18	759.0
d1vlga_.pdb	164	7.77e-24	1148.0
d2i53a2.pdb	110	2.582e-18	827.0
d3ntxa_.pdb	331	1.576e-75	2876.0
d2p45b_.pdb	121	3.853e-25	1132.0
d1g86a_.pdb	141	2.471e-29	1360.0
d1ykia_.pdb	216	1.858e-41	1742.0
d1dbqa_.pdb	276	6.805e-59	2324.0
d1adua2.pdb	79	1.281e-16	622.0
d1cx4a2.pdb	139	9.746e-31	1205.0
d2bkra_.pdb	211	2.135e-46	1835.0
d1h16a_.pdb	759	0.0	6738.0
d1t98a1.pdb	103	1.686e-18	726.0
d2al6a1.pdb	123	8.912e-19	875.0
d2hq2a1.pdb	330	1.033e-71	3002.0
d1vlpa1.pdb	149	2.324e-29	1181.0
d2q4ma1.pdb	162	2.358e-32	1477.0
d1jlva2.pdb	84	4.043e-17	662.0
d1pmia_.pdb	440	2.273e-95	3995.0
d1k3sa_.pdb	109	6.298e-21	843.0
d2gf4a1.pdb	89	4.741e-14	556.0
d2xrwa_.pdb	349	2.646e-67	3011.0
d2d1ha1.pdb	102	5.518e-18	705.0
d2veaa3.pdb	117	3.22e-23	987.0
d1g66a_.pdb	207	2.155e-47	1802.0
d1un8a4.pdb	335	1.088e-79	3014.0
d1tafa_.pdb	68	1.229e-10	413.0
d1tuaa1.pdb	84	1.729e-17	688.0
d2akab1.pdb	299	1.158e-68	2628.0
d1sqwa1.pdb	76	1.069e-18	683.0
d3ezwa1.pdb	251	1.741e-63	2257.0
d1pvda3.pdb	196	9.84e-43	1623.0
d3arcd_.pdb	342	9.504e-55	2762.0
d1pgja1.pdb	300	6.239e-47	2317.0
d2vgna2.pdb	133	5.393e-29	1067.0
d1pd3a_.pdb	54	6e-08	306.0
d1qdma1.pdb	77	2.044e-11	492.0
d1ryia2.pdb	88	4.369e-17	770.0
d1wu4a1.pdb	374	1.082e-76	3324.0
d1m8aa_.pdb	61	1.793e-12	498.0
d1ldja2.pdb	359	3.921e-47	2676.0
d2q0zx1.pdb	176	2.166e-27	1293.0
d1jqga2.pdb	92	3.881e-18	711.0
d1prtf_.pdb	98	1.208e-19	866.0
d1xhca2.pdb	122	1.861e-28	1033.0
d2z67a1.pdb	434	2.516e-87	3727.0
d1d1ra_.pdb	83	4.93e-17	653.0
d1vhta_.pdb	208	4.995e-41	1555.0
d1fnaa_.pdb	91	1.074e-15	749.0
d1nzja_.pdb	273	1.213e-63	2384.0
d1ix9a1.pdb	90	2.307e-14	639.0
d1nh2d1.pdb	50	6.74e-08	295.0
d1nh2d2.pdb	54	2.021e-09	447.0
d1qxma1.pdb	145	2.938e-29	1273.0
d2fhfa2.pdb	125	6.707e-26	1108.0
d3n8ia_.pdb	154	6.413e-36	1363.0
d1r7ja_.pdb	90	1.72e-15	594.0
d1v70a_.pdb	105	1.656e-21	981.0
d2gwfa1.pdb	135	1.404e-31	1159.0
d1a6ca2.pdb	172	7.286e-35	1593.0
d1vjxa_.pdb	149	1.917e-22	1023.0
d2j4ka_.pdb	207	1.67e-45	1784.0
d1mdya_.pdb	68	1.197e-10	389.0
d1nc7a_.pdb	116	8.762e-23	1071.0
d1yrza1.pdb	205	2.599e-43	1938.0
d1c3ma_.pdb	145	8.371e-28	1308.0
d1s7za_.pdb	106	8.226e-17	727.0
d1vq821.pdb	46	1.356e-07	290.0
d1vyra_.pdb	363	4.245e-76	3258.0
d1zsoa1.pdb	156	2.643e-31	1456.0
d2ja9a1.pdb	90	7.384e-18	784.0
d1avgi_.pdb	142	5.921e-32	1310.0
d1okca_.pdb	292	1.848e-39	2228.0
d2iwna_.pdb	93	1.252e-18	773.0
d1e1oa2.pdb	341	2.449e-72	2964.0
d2oo2a1.pdb	75	2.673e-13	499.0
d3chbd_.pdb	103	1.71e-21	850.0
d1dl2a_.pdb	510	2.369e-94	4521.0
d2o8ra1.pdb	94	2.864e-14	575.0
d3c8ya3.pdb	83	3.906e-18	693.0
d2ch9a_.pdb	126	4.793e-23	1049.0
d3bpka_.pdb	196	1.384e-39	1715.0
d1smyf3.pdb	184	1.287e-26	1305.0
d2nv0a_.pdb	191	3.747e-43	1629.0
d1m5za_.pdb	91	1.308e-19	818.0
d1s5ja1.pdb	408	8.188e-88	3573.0
d1lkta_.pdb	104	1.618e-19	883.0
d1wy5a1.pdb	216	1.241e-45	1686.0
d1byia_.pdb	224	2.023e-51	1933.0
d2a10a1.pdb	104	4.291e-24	883.0
d1r6wa2.pdb	100	6.099e-21	848.0
d1wdpa_.pdb	493	0.0	4383.0
d2p6za_.pdb	112	1.869e-26	995.0
d3l21a_.pdb	297	2.413e-57	2473.0
d3e7da_.pdb	202	1.753e-40	1679.0
d1v72a1.pdb	345	5.468e-75	3070.0
d2crga1.pdb	57	1.563e-09	394.0
d2f69a1.pdb	78	3.312e-15	701.0
d2ux0a1.pdb	135	3.363e-26	1102.0
d1gtea3.pdb	153	1.349e-36	1378.0
d1p1ta_.pdb	104	4.44e-23	847.0
d1vk0a_.pdb	200	1.426e-44	1666.0
d2z0xa_.pdb	157	2.144e-38	1399.0
d1fcqa_.pdb	314	1.461e-68	2779.0
d1boba_.pdb	306	4.236e-66	2616.0
d2fzva1.pdb	233	2.014e-51	2000.0
d1uvqb1.pdb	89	2.754e-17	802.0
d2fdbm1.pdb	147	6.171e-31	1329.0
d3cfya_.pdb	130	3.008e-27	1006.0
d1r6wa1.pdb	221	9.202e-46	1866.0
d1sg1x3.pdb	42	8.826e-08	362.0
d1txna_.pdb	259	3.369e-51	2175.0
d1cd9b2.pdb	99	6.857e-19	896.0
d1oedc_.pdb	127	1.992e-17	732.0
d1su3a2.pdb	195	1.014e-41	1814.0
d2bmoa1.pdb	150	1.755e-31	1325.0
d3ftba_.pdb	334	1.117e-73	2870.0
d3cx5e2.pdb	56	6.663e-09	280.0
d3cx5g_.pdb	126	6.018e-21	865.0
d1asha_.pdb	147	2.108e-21	1061.0
d1dbha2.pdb	133	5.005e-26	1101.0
d1poca_.pdb	134	1.979e-31	1193.0
d1vh6a_.pdb	102	7.104e-14	552.0
d1x91a_.pdb	149	5.873e-21	1046.0
d2r6gf2.pdb	244	4.078e-35	1796.0
d1fu9a_.pdb	36	5.813e-07	255.0
d1fvga_.pdb	192	5.429e-44	1672.0
d1tp6a_.pdb	126	3.347e-26	1041.0
d2gyka1.pdb	83	3.105e-16	650.0
d2q4qa_.pdb	122	1.267e-27	1036.0
d1onfa2.pdb	117	1.574e-25	973.0
d1yf9a1.pdb	158	1.76e-35	1362.0
d2sqca1.pdb	352	8.251e-63	3109.0
d1v59a1.pdb	233	2.927e-53	2009.0
d3kqra_.pdb	204	6.541e-45	1950.0
d1rutx3.pdb	31	8.168e-05	206.0
d1so2a_.pdb	363	6.435e-58	2980.0
d1ez3a_.pdb	124	4.871e-17	737.0
d1mc0a1.pdb	187	3.094e-40	1513.0
d2bzva_.pdb	146	4.725e-32	1365.0
d2w72b_.pdb	146	1.196e-20	1034.0
d1d2fa_.pdb	361	6.252e-81	3199.0
d1cfba1.pdb	100	2.352e-20	965.0
d1ojxa_.pdb	250	2.502e-56	2207.0
d1g8aa_.pdb	227	1.456e-53	2062.0
d2gaua2.pdb	137	3.1e-29	1121.0
d3zyha_.pdb	121	2.723e-25	1147.0
d1k3b.1.pdb	164	1.91e-39	1362.0
d1lvla2.pdb	115	1.913e-27	1019.0
d1z01a2.pdb	279	3.972e-61	2454.0
d2v94a1.pdb	92	1.913e-18	730.0
d1cqxa1.pdb	150	3.278e-21	1032.0
d1ou8a_.pdb	106	2.277e-21	911.0
d1wh8a_.pdb	111	3.665e-19	806.0
d2bcqa1.pdb	76	1.791e-13	544.0
d2fq3a1.pdb	85	6.723e-15	637.0
d2mysa1.pdb	46	8.449e-08	347.0
d2xiga_.pdb	146	6.304e-29	1105.0
d1kyqa1.pdb	139	3.263e-29	1164.0
d1w98b2.pdb	140	1.789e-22	1051.0
d1yovb_.pdb	397	9.472e-89	3546.0
d1vk6a4.pdb	29	0.000101	222.0
d1vq8c1.pdb	246	4.699e-55	2093.0
d2ns0a1.pdb	85	1.925e-18	691.0
d3imia_.pdb	143	8.712e-30	1150.0
d1p22a2.pdb	293	9.701e-55	2706.0
d3bi1a3.pdb	304	8.239e-74	2730.0
d1x4aa1.pdb	95	1.776e-21	798.0
d2icga1.pdb	158	3.248e-32	1271.0
d1f0xa1.pdb	237	1.059e-49	2008.0
d2nqca1.pdb	97	2.813e-20	887.0
d1at0a_.pdb	145	1.97e-28	1275.0
d1ntha_.pdb	457	2.16e-98	4100.0
d1u5ra_.pdb	309	9.542e-61	2681.0
d1a6ca1.pdb	176	1.118e-38	1623.0
d1pya.1.pdb	81	4.696e-16	591.0
d1qmea4.pdb	357	4.636e-77	3162.0
d1dx5i2.pdb	35	3.444e-06	256.0
d1e5ka_.pdb	188	1.287e-45	1669.0
d1weha_.pdb	171	2.492e-37	1451.0
d1b0aa2.pdb	121	1.111e-24	909.0
d1m7sa_.pdb	484	5.322e-96	4211.0
d1gu2a_.pdb	124	3.027e-26	991.0
d1maia_.pdb	119	9.569e-26	1057.0
d1wpba_.pdb	168	5.106e-26	1212.0
d2dypd2.pdb	91	7.773e-18	816.0
d3f31a_.pdb	137	2.516e-19	839.0
d1h6fa_.pdb	184	1.511e-40	1660.0
d1wzna1.pdb	244	1.638e-57	2203.0
d1p1xa_.pdb	250	1.235e-49	2076.0
d1xm3a_.pdb	244	9.166e-49	1965.0
d1pz4a_.pdb	113	1.197e-25	955.0
d1wkra_.pdb	340	1.654e-76	3179.0
d1d3ba_.pdb	72	1.908e-14	636.0
d1jwqa_.pdb	179	5.952e-41	1562.0
d2bv3a4.pdb	44	6.599e-08	319.0
d2cw9a1.pdb	182	2.989e-38	1432.0
d3pgga_.pdb	78	3.421e-15	698.0
d1dzfa2.pdb	72	6.658e-16	591.0
d1gsoa3.pdb	218	3.839e-50	1933.0
d1qb2a_.pdb	106	9.358e-17	752.0
d1v2ba_.pdb	148	3.051e-30	1335.0
d3mmcb3.pdb	179	3.337e-41	1520.0
d1h4vb2.pdb	308	1.358e-67	2643.0
d2icya1.pdb	83	5.818e-17	713.0
d2uubc1.pdb	105	2.777e-23	848.0
d3hzaa_.pdb	162	5.368e-32	1348.0
d1pbyb_.pdb	337	1.947e-70	3293.0
d3hupa_.pdb	121	6.329e-24	1058.0
d1irxa1.pdb	199	3.439e-33	1527.0
d2uzga1.pdb	95	3.945e-21	782.0
d3bula1.pdb	90	4.669e-14	646.0
d3tssa2.pdb	101	2.788e-22	889.0
d1kcxa1.pdb	142	1.746e-29	1186.0
d1oz2a1.pdb	110	2.759e-23	916.0
d1ux6a1.pdb	211	1.098e-44	2033.0
d1hska2.pdb	109	2.463e-22	833.0
d1tfia_.pdb	50	1.643e-09	432.0
d1vd4a_.pdb	62	1.514e-12	492.0
d1wlna1.pdb	107	1.01e-22	1015.0
d2dt8a_.pdb	280	1.803e-65	2480.0
d1ucpa_.pdb	91	2.414e-14	679.0
d1zela1.pdb	82	7.269e-18	641.0
d2co5a1.pdb	89	9.25e-18	649.0
d2hcfa1.pdb	225	1.283e-50	1909.0
d1rlia_.pdb	156	7.522e-35	1288.0
d3k4ga_.pdb	84	6.758e-17	604.0
d3n9ka_.pdb	394	7.079e-90	3528.0
d2r0xa_.pdb	156	2.223e-32	1389.0
d1m22a_.pdb	487	0.0	4404.0
d1vpha_.pdb	138	4.807e-34	1233.0
d2qf3a1.pdb	189	2.117e-39	1738.0
d1lwuc1.pdb	262	3.723e-64	2493.0
d2bfda1.pdb	374	4.259e-73	3114.0
d1xjca_.pdb	145	3.144e-32	1198.0
d3hzba_.pdb	86	4.266e-18	793.0
d1f2t.1.pdb	145	3.008e-28	1197.0
d1ua7a2.pdb	344	2.878e-78	3104.0
d1okja1.pdb	106	1.462e-22	833.0
d1ylxa1.pdb	100	2.838e-18	803.0
d2wjnc_.pdb	332	3.467e-65	2811.0
d1ib8a1.pdb	74	6.736e-14	621.0
d1rm6b1.pdb	107	4.502e-22	845.0
d1wjka_.pdb	100	3.646e-22	801.0
d2cpwa1.pdb	51	1.889e-09	356.0
d2dg5.1.pdb	351	4.792e-66	2885.0
d1s4ea2.pdb	171	1.622e-31	1334.0
d2hlca_.pdb	230	3.811e-51	2141.0
d1kwia_.pdb	85	2.313e-17	728.0
d1q44a_.pdb	284	8.431e-57	2368.0
d2gkma_.pdb	127	1.218e-20	941.0
d3cx5h_.pdb	93	4.304e-17	582.0
d3cz1a_.pdb	117	3.943e-20	883.0
d1gcya2.pdb	354	1.231e-82	3286.0
d3a7sa_.pdb	204	5.088e-47	1802.0
d1rbli_.pdb	109	2.314e-23	917.0
d1xeqa1.pdb	89	3.863e-14	611.0
d2arha1.pdb	196	1.129e-40	1616.0
d1e4cp_.pdb	206	2.962e-45	1769.0
d1sska_.pdb	158	8.413e-32	1309.0
d1egwa_.pdb	71	2.729e-12	458.0
d1kcfa1.pdb	36	1.92e-05	229.0
d1kl7a_.pdb	509	1.98e-102	4420.0
d1roca_.pdb	155	9.102e-32	1417.0
d2j01n1.pdb	138	1.637e-30	1167.0
d1boub_.pdb	298	1.12e-72	2745.0
d1zx5a1.pdb	299	4.599e-64	2764.0
d1nyka_.pdb	156	2.025e-35	1430.0
d1wdna_.pdb	223	1.082e-51	1947.0
d1d8wa_.pdb	402	1.444e-78	3390.0
d1lvfa_.pdb	106	1.995e-15	655.0
d1sddb1.pdb	67	1.486e-12	495.0
d1tuea_.pdb	201	1.032e-47	1767.0
d2zosa_.pdb	238	2.106e-52	2004.0
d1tc3c_.pdb	51	2.191e-08	327.0
d1uc2a_.pdb	480	0.0	4431.0
d1nfpa_.pdb	228	2.809e-50	1915.0
d1hxna_.pdb	210	3.965e-46	2009.0
d1vlya1.pdb	82	1.076e-15	737.0
d2choa1.pdb	154	7.76e-24	1121.0
d1ne7a_.pdb	281	5.533e-68	2505.0
d1nija1.pdb	222	1.74e-49	1897.0
d2z8la2.pdb	104	1.122e-20	903.0
d1ip9a_.pdb	85	8.885e-18	699.0
d1ldma2.pdb	169	1.281e-36	1399.0
d1ufha_.pdb	155	7.13e-32	1204.0
d2qfia2.pdb	204	3.15e-35	1593.0
d3qsda_.pdb	253	2.758e-62	2325.0
d1mjuh2.pdb	96	6.778e-18	815.0
d1vpua_.pdb	45	5.662e-08	321.0
d1ehia2.pdb	228	4.133e-50	1952.0
d1y5ib_.pdb	509	0.0	4508.0
d1u2ca2.pdb	125	3.38e-30	1093.0
d2g09a_.pdb	291	2.887e-61	2430.0
d1x1ia3.pdb	273	9.941e-59	2610.0
d1edqa1.pdb	109	8.485e-22	1009.0
d1p4aa2.pdb	196	1.105e-45	1745.0
d2yxna_.pdb	322	8.248e-68	2798.0
d2o2xa1.pdb	209	1.156e-48	1822.0
d1pufa_.pdb	77	2.237e-13	500.0
d1jmma_.pdb	377	1.232e-81	3401.0
d2c1ia1.pdb	196	3.035e-46	1737.0
d1p2za1.pdb	575	0.0	5209.0
d1quba1.pdb	62	2.799e-11	535.0
d1vdma1.pdb	151	2.717e-33	1331.0
d2paga1.pdb	132	6.584e-28	1082.0
d3k77a_.pdb	152	3.634e-33	1430.0
d1nrla_.pdb	278	1.083e-43	2219.0
d3l5xa_.pdb	101	1.435e-18	759.0
d1hkfa_.pdb	108	4.211e-22	999.0
d3bbda1.pdb	204	5.631e-47	1754.0
d1ogmx1.pdb	199	6.914e-43	1830.0
d2b6oa1.pdb	235	6.207e-35	1799.0
d1h70a_.pdb	255	2.739e-59	2302.0
d2fr5a_.pdb	136	6.845e-32	1202.0
d2wfia_.pdb	172	5.351e-38	1605.0
d1ixha_.pdb	321	5.035e-82	2851.0
d2fefa2.pdb	156	9.057e-27	1199.0
d3biga_.pdb	321	8.225e-76	2913.0
d1ycya1.pdb	62	5.429e-13	520.0
d3gkxa_.pdb	117	4.884e-25	919.0
d1c9ka_.pdb	170	1.791e-36	1420.0
d1y6ja2.pdb	158	1.186e-31	1244.0
d2htsa_.pdb	88	5.028e-20	714.0
d2j5ha1.pdb	39	1.669e-08	335.0
d2ji7a3.pdb	183	1.46e-43	1604.0
d1s28a_.pdb	130	5.75e-27	1068.0
d2dsma1.pdb	64	2.424e-11	434.0
d2f6ma_.pdb	65	1.508e-09	380.0
d2h0va_.pdb	335	8.772e-79	3265.0
d1mqsa_.pdb	588	0.0	4971.0
d1quua2.pdb	124	9.214e-18	828.0
d2a5yb3.pdb	275	1.871e-50	2267.0
d1t7va2.pdb	179	6.489e-39	1550.0
d2bkwa1.pdb	381	4.348e-82	3334.0
d2ci8a_.pdb	98	4.125e-19	775.0
d2w43a_.pdb	201	3.125e-44	1617.0
d1s21a_.pdb	165	2.709e-38	1480.0
d2fefa1.pdb	124	3.268e-19	873.0
d3gj0a_.pdb	207	2.079e-47	1799.0
d1oaca4.pdb	86	1.75e-16	723.0
d1ty0a1.pdb	96	4.18e-20	767.0
d1xu1a_.pdb	137	7.74e-28	1296.0
d3buxb2.pdb	130	4.603e-20	921.0
d1j3da_.pdb	78	5.119e-14	547.0
d1jh3a_.pdb	99	4.859e-23	833.0
d1m3ya1.pdb	197	5.461e-43	1786.0
d2bs2b1.pdb	133	8.382e-22	1033.0
d2jdia3.pdb	285	3.727e-66	2503.0
d1wpga2.pdb	168	1.131e-36	1431.0
d1lnsa2.pdb	213	4.576e-44	1947.0
d2cp5a1.pdb	128	1.996e-22	911.0
d2o5aa1.pdb	108	1.191e-22	909.0
d1faoa_.pdb	100	4.657e-20	894.0
d1nsja_.pdb	205	1.652e-43	1740.0
d3emha_.pdb	300	2.944e-62	2901.0
d1t15a2.pdb	102	1.478e-23	863.0
d1xo1a1.pdb	105	1.008e-16	763.0
d2ba0a2.pdb	51	7.636e-11	421.0
d2c4ea_.pdb	299	9.926e-67	2727.0
d1u1ja1.pdb	394	1.72e-81	3271.0
d1t0fa1.pdb	100	1.307e-18	727.0
d1xdna_.pdb	265	1.235e-56	2312.0
d1cbha_.pdb	36	4.583e-08	326.0
d1e2ta_.pdb	274	9.203e-57	2492.0
d2cqia1.pdb	90	9.893e-20	747.0
d3ag3h_.pdb	79	2.109e-14	558.0
d3c70a_.pdb	256	2.056e-59	2233.0
d2d6fc1.pdb	51	1.478e-08	362.0
d2ef7a1.pdb	127	2.98e-30	1013.0
d1uasa1.pdb	89	7.063e-18	821.0
d2c5sa1.pdb	204	2.109e-45	1703.0
d1pxea_.pdb	48	7.355e-11	397.0
d1pzqa_.pdb	60	4.128e-09	296.0
d1pzxa_.pdb	277	1.187e-62	2496.0
d1m2ka_.pdb	249	4.311e-59	2161.0
d2i7da_.pdb	193	9.452e-46	1662.0
d1jm7b_.pdb	97	2.886e-19	744.0
d1neia_.pdb	60	2.128e-11	431.0
d1q8ba_.pdb	93	7.251e-20	752.0
d2hmfa3.pdb	95	5.075e-21	781.0
d3mw9a1.pdb	293	1.051e-58	2327.0
d1w96a3.pdb	267	9.166e-60	2384.0
d1fmca_.pdb	255	4.278e-56	2184.0
d3r4ca_.pdb	268	1.883e-61	2346.0
d2gf9a_.pdb	176	1.325e-40	1517.0
d1lxja_.pdb	104	1.599e-21	796.0
d1v5va1.pdb	89	2.016e-17	785.0
d2cxaa1.pdb	229	1.089e-55	2076.0
d1e6ua_.pdb	315	1.824e-71	2809.0
d1kwga2.pdb	393	8.193e-86	3477.0
d1qzma_.pdb	94	1.529e-19	760.0
d1u69a_.pdb	156	1.136e-36	1363.0
d2im9a1.pdb	299	5.523e-68	2613.0
d1pzla_.pdb	227	1.717e-35	1765.0
d2hjqa2.pdb	49	2.209e-09	380.0
d2nn6h1.pdb	82	6.187e-18	748.0
d1b12a_.pdb	239	5.166e-47	2180.0
d1vmda_.pdb	156	1.866e-33	1232.0
d1bhga2.pdb	204	2.823e-43	1840.0
d1w85i_.pdb	42	3.167e-08	307.0
d1w9ya1.pdb	298	3.425e-66	2472.0
d1hfel2.pdb	85	9.288e-22	748.0
d1j8ra_.pdb	196	1.446e-45	1917.0
d2d29a1.pdb	153	4.313e-21	1051.0
d3ge6a_.pdb	210	8.127e-43	1679.0
d1nhya2.pdb	75	3.897e-15	579.0
d1siga_.pdb	305	4.94e-43	2200.0
d2x61a_.pdb	245	4.746e-56	2104.0
d1mxga1.pdb	74	1.488e-15	671.0
d1dd9a_.pdb	310	2.881e-66	2619.0
d2r2za1.pdb	84	4.962e-17	697.0
d3ovpa_.pdb	221	3.079e-47	1935.0
d2ivxa1.pdb	143	1.689e-21	1045.0
d1b0ba_.pdb	142	5.832e-20	959.0
d1iyma_.pdb	55	4.918e-13	450.0
d1j9ia_.pdb	68	1.862e-13	512.0
d1jnsa_.pdb	92	5.816e-21	781.0
d1oxja2.pdb	108	6.964e-16	748.0
d1y8xa1.pdb	157	3.988e-35	1337.0
d1biaa1.pdb	63	6.866e-12	438.0
d1d4oa_.pdb	177	1.21e-41	1536.0
d2avda1.pdb	219	4.367e-46	1845.0
d1r17a2.pdb	172	1.041e-37	1555.0
d2nrac1.pdb	135	5.049e-30	1082.0
d1c4oa1.pdb	330	2.404e-73	2809.0
d2c42a4.pdb	253	8.862e-54	2153.0
d1p42a2.pdb	147	1.53e-34	1278.0
d2f2ab1.pdb	107	3.984e-18	781.0
d2j01v1.pdb	101	6.976e-19	886.0
d2ijra1.pdb	280	5.887e-59	2417.0
d1pn2a1.pdb	148	1.107e-30	1268.0
d1wwca_.pdb	105	4.079e-19	882.0
d2qamx1.pdb	63	8.481e-09	393.0
d2wapa_.pdb	541	0.0	4811.0
d3bona1.pdb	411	2.177e-88	3602.0
d1wgra_.pdb	100	4.608e-19	811.0
d2b4aa1.pdb	116	7.474e-25	923.0
d3qy3a1.pdb	130	1.606e-25	1125.0
d1mh1a_.pdb	183	1.044e-40	1538.0
d1f75a_.pdb	217	1.655e-46	1814.0
d2p12a1.pdb	165	2.617e-34	1458.0
d1g73a_.pdb	157	1.36e-19	901.0
d1ryia1.pdb	276	1.011e-61	2498.0
d3n2wa_.pdb	367	5.339e-89	3384.0
d1x82a_.pdb	190	7.274e-40	1717.0
d3qmxa_.pdb	99	7.148e-22	804.0
d1iama1.pdb	103	2.183e-20	930.0
d1pd0a2.pdb	177	1.816e-37	1567.0
d2giaa1.pdb	154	2.237e-30	1296.0
d1c8da_.pdb	548	0.0	5041.0
d2ffma_.pdb	83	8.408e-17	679.0
d2xwsa_.pdb	126	4.196e-27	1058.0
d1kqpa_.pdb	271	3.206e-51	2210.0
d3thra_.pdb	286	4.371e-65	2523.0
d3ivva_.pdb	140	2.331e-30	1333.0
d1m1xb3.pdb	85	4.459e-19	720.0
d1s4ka_.pdb	120	7.229e-21	888.0
d1xcra1.pdb	313	1.406e-69	2990.0
d1ji1a2.pdb	83	4.18e-16	746.0
d1oywa2.pdb	206	1.855e-43	1690.0
d3lmba_.pdb	164	1.177e-37	1400.0
d1rcqa1.pdb	131	1.056e-29	1215.0
d2cm5a1.pdb	134	4.998e-27	1204.0
d3n4ib_.pdb	165	6.753e-36	1501.0
d1ox0a1.pdb	256	3.051e-61	2222.0
d2g2da_.pdb	160	9.663e-25	1167.0
d1cwva3.pdb	103	1.075e-19	866.0
d1pv5a_.pdb	261	2.746e-60	2371.0
d2id4a2.pdb	339	1.93e-78	3080.0
d1q88a_.pdb	189	5.269e-41	1622.0
d1xeba_.pdb	149	1.534e-32	1274.0
d3ddja1.pdb	141	1.757e-29	1064.0
d1eera_.pdb	166	1.277e-28	1247.0
d1szna1.pdb	103	1.008e-20	936.0
d2bw3a1.pdb	84	5.167e-13	432.0
d2bw3a2.pdb	431	2.729e-69	3461.0
d2ezla_.pdb	99	2.331e-15	681.0
d2i9wa2.pdb	39	9.409e-08	266.0
d2id6a1.pdb	75	2.251e-11	489.0
d2etja1.pdb	211	4.306e-47	1731.0
d1h0hb_.pdb	214	5.822e-50	1940.0
d1ui5a1.pdb	71	5.051e-11	469.0
d1v5ja_.pdb	108	1.734e-21	965.0
d2j2zb1.pdb	150	6.926e-29	1300.0
d1hyha2.pdb	158	9.447e-34	1264.0
d1pj5a2.pdb	305	9.898e-69	2689.0
d1nofa1.pdb	106	5.947e-21	1011.0
d1wrua2.pdb	174	1.468e-38	1616.0
d3t5gb_.pdb	147	8.073e-32	1360.0
d2dm6a1.pdb	147	4.817e-33	1291.0
d3igra_.pdb	183	9.348e-45	1620.0
d1s99a_.pdb	186	1.284e-43	1671.0
d3b8la1.pdb	144	6.397e-30	1227.0
d1k9oi_.pdb	376	3.577e-85	3416.0
d3ma2b_.pdb	117	2.206e-27	1068.0
d1kf6c_.pdb	130	2.643e-21	841.0
d1nixa_.pdb	33	3.405e-07	273.0
d1njqa_.pdb	37	4.084e-07	267.0
d1nrfa_.pdb	246	7.403e-56	2242.0
d2c12a1.pdb	170	1.654e-24	1244.0
d3cs0a2.pdb	88	5.479e-19	723.0
d1a32a_.pdb	85	4.967e-13	524.0
d1f74a_.pdb	293	1.273e-54	2394.0
d1iarb2.pdb	92	1.027e-18	849.0
d1rypf_.pdb	233	2.058e-54	2094.0
d1e43a1.pdb	90	1.361e-18	844.0
d1m0ua2.pdb	76	1.693e-17	636.0
d1qbaa2.pdb	173	9.954e-38	1579.0
d2i5ha1.pdb	178	2.996e-37	1501.0
d2gk3a1.pdb	246	2.257e-58	2213.0
d1u2ca1.pdb	103	7.425e-21	929.0
d2bogx_.pdb	280	2.279e-62	2403.0
d1pcia_.pdb	311	5.504e-73	2750.0
d2i02a1.pdb	140	6.579e-29	1246.0
d1j6ua3.pdb	207	2.184e-47	1820.0
d2pzzb_.pdb	124	2.564e-27	1006.0
d1e3oc1.pdb	57	4.687e-09	351.0
d1f8fa2.pdb	174	8.722e-35	1384.0
d1y5ic1.pdb	217	9.607e-30	1564.0
d2f1la2.pdb	89	1.791e-17	800.0
d2r7ga2.pdb	142	8.418e-23	1049.0
d1csna_.pdb	293	1.864e-60	2521.0
d2ccva1.pdb	99	1.564e-19	885.0
d3arcc_.pdb	451	3.073e-74	3682.0
d2azna1.pdb	219	9.142e-49	1879.0
d1o04a_.pdb	494	0.0	4531.0
d1tf5a3.pdb	267	4.146e-55	2229.0
d1geqa_.pdb	241	7.179e-51	1995.0
d1eu1a2.pdb	612	0.0	5550.0
d1okta1.pdb	126	1.012e-19	906.0
d1y0ba1.pdb	191	6.583e-43	1658.0
d1gcya1.pdb	61	4.91e-12	491.0
d1k91a_.pdb	37	1.099e-06	268.0
d1kb0a2.pdb	573	0.0	5517.0
d1c8ba_.pdb	320	2.748e-69	2724.0
d3l5la_.pdb	359	2.793e-74	3164.0
d2if6a1.pdb	182	9.637e-44	1612.0
d1cpqa_.pdb	129	7.403e-20	882.0
d1k3ia3.pdb	387	4.481e-76	3691.0
d2cpea1.pdb	101	6.17e-23	843.0
d3ecma_.pdb	338	6.497e-48	2695.0
d1wlza1.pdb	83	1.69e-16	609.0
d1x6fa1.pdb	75	7.778e-13	459.0
d1xw3a1.pdb	110	7.636e-25	917.0
d2pw6a1.pdb	244	7.144e-60	2202.0
d1urva_.pdb	154	1.015e-21	1097.0
d2oo3a1.pdb	267	5.806e-63	2436.0
d1zs9a1.pdb	252	8.761e-52	2028.0
d1gqva_.pdb	135	5.461e-31	1209.0
d1cf2o1.pdb	171	1.163e-38	1437.0
d1w9aa_.pdb	142	1.378e-29	1197.0
d3echa_.pdb	129	8.619e-23	844.0
d3t3la_.pdb	121	1.321e-24	962.0
d1ju5a_.pdb	109	2.343e-24	917.0
d1qlma_.pdb	316	5.519e-73	2795.0
d3og7a_.pdb	247	9.114e-51	2096.0
d1tyeb1.pdb	135	3.016e-28	1226.0
d2nsfa2.pdb	80	9.212e-18	664.0
d2zsja_.pdb	350	4.897e-77	3014.0
d2p13a1.pdb	85	6.159e-18	730.0
d1b9ra_.pdb	105	1.426e-24	914.0
d1fs1b2.pdb	61	3.348e-12	456.0
d1iapa_.pdb	190	1.58e-27	1411.0
d1vhoa1.pdb	75	2.832e-14	633.0
d2ag4a_.pdb	164	2.792e-35	1540.0
d1efub2.pdb	143	8.705e-29	1074.0
d1m93.1.pdb	46	4.087e-08	282.0
d1nrva_.pdb	100	3.711e-24	876.0
d1vdla_.pdb	80	3.795e-12	504.0
d1sisa_.pdb	35	9.51e-08	294.0
d1tl2a_.pdb	235	4.875e-47	2204.0
d2huja1.pdb	120	1.014e-17	843.0
d3mjza_.pdb	131	3.154e-29	1077.0
d1r0ma1.pdb	243	3.149e-56	2089.0
d3mj0a_.pdb	118	5.941e-27	1039.0
d1e12a_.pdb	239	2.709e-34	1789.0
d1wb8a1.pdb	89	2.592e-15	619.0
d1xqoa_.pdb	253	5.268e-39	2030.0
d1gwya_.pdb	175	2.273e-38	1689.0
d1914a2.pdb	85	3.386e-18	703.0
d1k0da1.pdb	129	8.264e-22	986.0
d1ufwa_.pdb	95	2.721e-20	774.0
d1znfa_.pdb	25	0.0001924	168.0
d1znpa1.pdb	140	3.784e-30	1331.0
d3r3qa_.pdb	153	8.654e-31	1228.0
d1r26a_.pdb	113	2.621e-26	942.0
d1xb2b2.pdb	111	1.596e-23	931.0
d2phcb2.pdb	84	5.16e-16	613.0
d3r04a_.pdb	271	9.75e-60	2424.0
d1wmda1.pdb	116	3.994e-21	1008.0
d2vsmb_.pdb	137	2.242e-34	1278.0
d1ix9a2.pdb	115	3.302e-25	933.0
d1nlta3.pdb	74	7.881e-17	638.0
d1pp7u_.pdb	114	1.1e-23	929.0
d1wlja_.pdb	168	6.516e-39	1438.0
d2nn6b2.pdb	90	2.041e-18	689.0
d3ejva1.pdb	159	3.203e-34	1382.0
d1nf2a_.pdb	267	2.227e-60	2339.0
d1i4na_.pdb	251	1.023e-55	2086.0
d1fl0a_.pdb	164	2.535e-34	1508.0
d1txka1.pdb	115	2.204e-22	999.0
d2djka1.pdb	133	2.255e-28	1036.0
d1914a1.pdb	78	3.832e-15	596.0
d1k8ua_.pdb	89	7.603e-16	614.0
d1nkda_.pdb	59	2.14e-08	334.0
d1owla2.pdb	202	1.674e-46	1731.0
d2nzug_.pdb	275	8.681e-61	2340.0
d2egja_.pdb	126	3.405e-25	1079.0
d3gv3a_.pdb	62	1.802e-12	491.0
d1g5aa1.pdb	74	8.156e-15	673.0
d1p4ua_.pdb	145	2.13e-29	1319.0
d2a8ea1.pdb	210	9.831e-43	1788.0
d1fltx_.pdb	95	7.352e-19	832.0
d1oaca1.pdb	424	8.756e-90	4072.0
d1jb7a2.pdb	124	1.746e-24	1031.0
d1t7sa_.pdb	129	5.045e-21	761.0
d1w68a_.pdb	281	1.197e-39	2193.0
d3omya_.pdb	51	1.531e-07	279.0
d3pmga3.pdb	117	2.206e-24	927.0
d2p0ma1.pdb	551	1.592e-93	4740.0
d2gs5a1.pdb	193	9.308e-43	1660.0
d1fsha_.pdb	94	1.595e-20	806.0
d1n6ma_.pdb	362	6.895e-79	3093.0
d1kbea_.pdb	49	2.726e-09	398.0
d1ly2a2.pdb	63	4.654e-14	580.0
d1oaaa_.pdb	259	6.599e-56	2183.0
d1ljoa_.pdb	75	1.382e-14	664.0
d1s0pa_.pdb	176	2.949e-26	1286.0
d2je8a2.pdb	81	1.865e-14	678.0
d1vgya1.pdb	262	1.948e-61	2290.0
d1f6fb2.pdb	99	9.585e-19	884.0
d1q2za_.pdb	120	6.553e-19	833.0
d1stza2.pdb	236	8.329e-50	2007.0
d3lupa_.pdb	283	1.112e-67	2475.0
d3c9fa1.pdb	209	1.199e-49	1840.0
d1hkva1.pdb	181	5.708e-40	1633.0
d2cqla1.pdb	87	2.139e-16	675.0
d2qi9c_.pdb	248	3.144e-55	2189.0
d1twia1.pdb	170	1.859e-40	1584.0
d1r2ja2.pdb	209	1.402e-47	1827.0
d2i7ra1.pdb	115	4.829e-26	1018.0
d1ctfa_.pdb	68	6.195e-13	499.0
d1iv3a_.pdb	150	3.037e-36	1346.0
d1v8qa_.pdb	66	1.466e-14	582.0
d1xl7a2.pdb	207	1.892e-44	1758.0
d1beaa_.pdb	116	6.309e-25	968.0
d1gtea5.pdb	167	1.304e-35	1280.0
d1mkna_.pdb	59	1.748e-12	512.0
d1ow1a_.pdb	167	4.499e-36	1442.0
d1egia_.pdb	129	3.442e-28	1129.0
d1poib_.pdb	260	1.012e-61	2361.0
d3awda_.pdb	257	5.605e-54	2236.0
d2ayda_.pdb	76	9.941e-16	686.0
d2o3ha_.pdb	280	3.271e-70	2576.0
d1sfsa_.pdb	213	6.777e-45	1900.0
d3hp4a_.pdb	183	2.769e-36	1486.0
d2b3wa1.pdb	160	5.967e-30	1308.0
d2wjnl_.pdb	273	2.432e-43	2191.0
d1pjca2.pdb	193	2.042e-43	1634.0
d1clvi_.pdb	32	6.792e-08	303.0
d1cola_.pdb	197	2.595e-28	1445.0
d1r9wa_.pdb	138	2.04e-30	1153.0
d2cqea1.pdb	56	2.273e-09	328.0
d2cqea2.pdb	29	2.153e-05	208.0
d2cqha1.pdb	80	4.068e-18	660.0
d2lefa_.pdb	86	6.625e-14	578.0
d2q7sa1.pdb	271	3.564e-65	2370.0
d1n8va_.pdb	101	3.07e-15	718.0
d1qora2.pdb	179	1.706e-38	1500.0
d2nt0a1.pdb	143	1.058e-28	1273.0
d1h21a_.pdb	240	9.293e-45	1984.0
d1qp8a2.pdb	120	5.994e-29	1026.0
d1y74b1.pdb	50	8.264e-08	308.0
d2ahua1.pdb	242	4.521e-56	2166.0
d1dq3a4.pdb	109	2.745e-21	845.0
d1q1va_.pdb	70	3.154e-11	482.0
d1t8ha_.pdb	272	9.834e-66	2557.0
d2pa7a1.pdb	135	3.852e-28	1216.0
d1eg3a2.pdb	97	5.735e-18	695.0
d2bs2a2.pdb	336	7.272e-77	2978.0
d1npsa_.pdb	88	1.436e-18	805.0
d1t5ja_.pdb	301	6.056e-50	2479.0
d3qe1a_.pdb	102	1.318e-19	873.0
d1jzna_.pdb	135	2.027e-32	1241.0
d1s6da_.pdb	103	2.781e-18	786.0
d1to6a_.pdb	371	8.804e-87	3334.0
d1q7l.1.pdb	192	5.763e-42	1613.0
d2g1da1.pdb	98	1.368e-19	801.0
d3fnca_.pdb	160	1.857e-37	1404.0
d1t1da_.pdb	100	1.526e-21	794.0
d1uqwa_.pdb	487	0.0	4447.0
d1siqa1.pdb	154	2.629e-22	1115.0
d2fiqa1.pdb	410	2.742e-77	3551.0
d3mmcb1.pdb	65	1.277e-14	546.0
d3qxza_.pdb	259	6.162e-57	2165.0
d1k78a2.pdb	61	8.567e-11	425.0
d1kve.1.pdb	63	2.016e-12	427.0
d1l8na2.pdb	137	1.645e-30	1170.0
d1xzpa3.pdb	117	1.883e-26	1028.0
d1bika1.pdb	54	8.722e-12	473.0
d1fd9a_.pdb	204	5.146e-42	1646.0
d1w2za2.pdb	93	1.899e-19	776.0
d2dw4a2.pdb	425	7.127e-87	3504.0
d2ga1a1.pdb	102	4.126e-19	718.0
d2okua1.pdb	122	6.113e-17	820.0
d3ni6a_.pdb	124	1.438e-24	1110.0
d1mija_.pdb	139	9.478e-21	968.0
d1u6ea2.pdb	148	6.774e-34	1239.0
d2uy2a_.pdb	287	2.631e-61	2468.0
d1g7sa1.pdb	97	1.82e-18	886.0
d1sg1x4.pdb	24	0.003316	154.0
d1sq9a_.pdb	378	9.637e-79	3601.0
d1gm5a4.pdb	191	3.656e-42	1572.0
d1z24a1.pdb	189	6.817e-39	1726.0
d1hcia1.pdb	125	4.189e-18	848.0
d1nksa_.pdb	194	7.365e-40	1489.0
d2j2ja_.pdb	182	2.175e-40	1750.0
d1lnsa1.pdb	145	1.645e-27	1132.0
d1qg3a1.pdb	92	5.37e-19	880.0
d1lm8c_.pdb	88	3.946e-18	662.0
d1p1da2.pdb	99	2.142e-19	853.0
d1wiba_.pdb	92	6.073e-18	678.0
d2dxaa_.pdb	158	3.138e-38	1391.0
d3c4ia_.pdb	99	2.806e-19	738.0
d1hzma_.pdb	154	2.452e-36	1356.0
d1p99a_.pdb	255	1.236e-59	2161.0
d3ci3a_.pdb	188	4.491e-31	1412.0
d1rwia_.pdb	256	1.75e-53	2350.0
d2gu3a2.pdb	65	8.747e-11	483.0
d1zk8a2.pdb	105	2.045e-16	725.0
d2ifga3.pdb	156	3.456e-34	1423.0
d3b5ha2.pdb	80	1.199e-15	726.0
d1enfa2.pdb	112	2.286e-24	980.0
d1lcya1.pdb	100	1.823e-19	836.0
d1qksa1.pdb	127	9.197e-30	1083.0
d1yrva1.pdb	148	2.951e-34	1266.0
d2e74e1.pdb	32	0.0004776	135.0
d2e7ga1.pdb	116	3.387e-23	860.0
d2h1ca1.pdb	138	8.119e-26	1092.0
d3r68a_.pdb	85	1.143e-18	734.0
d1gz0a1.pdb	166	9.267e-34	1374.0
d1vq0a1.pdb	230	3.233e-51	2031.0
d1iiba_.pdb	103	5.538e-21	790.0
d1ve4a1.pdb	201	9.748e-48	1767.0
d3begb_.pdb	86	8.594e-20	732.0
d1ex0a4.pdb	320	3.603e-78	2958.0
d2hxsa_.pdb	178	4.125e-40	1495.0
d1u79a_.pdb	125	7.703e-28	1185.0
d2qqra2.pdb	56	4.528e-09	379.0
d3l8ra_.pdb	102	1.549e-13	585.0
d1f00i1.pdb	95	3.672e-19	869.0
d1o4wa_.pdb	125	2.754e-25	914.0
d2e9xb1.pdb	112	1.139e-17	774.0
d2pnra1.pdb	164	1.358e-23	1168.0
d1iioa_.pdb	84	1.97e-19	662.0
d1jl7a_.pdb	147	7.795e-22	1112.0
d1ux6a2.pdb	124	5.718e-32	998.0
d1vdca2.pdb	130	1.818e-30	1183.0
d2r2na_.pdb	425	3.372e-93	3704.0
d2xbla_.pdb	194	4.979e-38	1537.0
d1quba3.pdb	63	1.085e-12	567.0
d1vm9a_.pdb	109	5.245e-22	989.0
d2cwda_.pdb	150	1.556e-34	1271.0
d1m9sa2.pdb	75	2.89e-14	653.0
d1sjwa_.pdb	142	9.013e-35	1263.0
d2clsa_.pdb	179	8.792e-42	1559.0
d1mjuh1.pdb	116	2.066e-25	1120.0
d2c41a_.pdb	155	2.22e-23	1146.0
d1esfa2.pdb	113	1.074e-25	994.0
d1k3ya2.pdb	79	1.233e-16	617.0
d1q9ja1.pdb	163	5.916e-38	1404.0
d2hbva1.pdb	331	2.298e-73	2936.0
d2iqya_.pdb	190	7.835e-45	1804.0
d1hl9a2.pdb	329	2.968e-75	3006.0
d7reqb2.pdb	163	2.696e-33	1302.0
d1w9pa2.pdb	62	9.311e-13	548.0
d1ygya2.pdb	130	6.978e-30	1090.0
d2jhfa1.pdb	198	2.416e-48	1804.0
d1g6ga_.pdb	127	2.413e-25	1129.0
d1o0pa_.pdb	104	4.587e-24	901.0
d1u8xx2.pdb	269	1.56e-54	2208.0
d2r6ia1.pdb	261	2.601e-45	2122.0
d1qwya_.pdb	234	6.13e-51	2168.0
d2fmaa_.pdb	59	7.093e-13	495.0
d2o3ia1.pdb	376	4.114e-86	3313.0
d1x3da1.pdb	105	3.363e-20	941.0
d2rsla_.pdb	115	7.813e-25	911.0
d1j98a_.pdb	154	8.188e-34	1313.0
d2cg7a2.pdb	47	5.375e-10	418.0
d2pb9a1.pdb	184	1.339e-43	1554.0
d1jfia_.pdb	63	1.348e-10	391.0
d1jfla2.pdb	113	2.032e-21	785.0
d1x9na3.pdb	220	2.781e-49	1972.0
d2rbka_.pdb	261	3.359e-61	2333.0
d1z2ma2.pdb	76	1.905e-16	640.0
d2hd9a1.pdb	145	7.033e-34	1277.0
d1fkma1.pdb	194	1.368e-29	1511.0
d1u8va1.pdb	215	7.185e-33	1648.0
d2q46a_.pdb	253	1.145e-58	2264.0
d1xhna1.pdb	170	4.143e-39	1503.0
d3mh9a_.pdb	205	1.013e-41	1854.0
d1vqqa3.pdb	335	1.5e-70	2973.0
d1jrfa_.pdb	47	2.396e-11	383.0
d1js1x2.pdb	161	3.692e-37	1398.0
d1ua7a1.pdb	78	2.87e-15	722.0
d2bsya2.pdb	136	9.173e-27	1209.0
d3bzka1.pdb	90	3.776e-17	679.0
d3hf5a_.pdb	115	1.416e-26	963.0
d1vkza1.pdb	86	1.088e-16	741.0
d2a4va1.pdb	156	3.717e-36	1310.0
d3qy1a_.pdb	215	1.142e-44	1782.0
d1whya_.pdb	97	1.342e-21	783.0
d2ctda1.pdb	53	8.613e-11	395.0
d2f1la1.pdb	75	3.523e-17	656.0
d2rl8a_.pdb	148	3.845e-34	1384.0
d1ecaa_.pdb	136	1.829e-19	950.0
d1o89a1.pdb	143	4.783e-34	1296.0
d1whra_.pdb	124	5.365e-24	878.0
d2o5ua_.pdb	144	1.076e-28	1229.0
d1g2ya_.pdb	31	0.0008715	136.0
d1g3ka_.pdb	173	2.891e-37	1445.0
d1v0ea1.pdb	516	0.0	5044.0
d1td6a_.pdb	286	1.592e-47	2187.0
d3e4ha_.pdb	29	5.402e-06	222.0
d3eyka_.pdb	319	2.39e-71	3011.0
d1vk9a_.pdb	147	2.581e-32	1220.0
d2gmfa_.pdb	121	3.759e-22	963.0
d1dnu.1.pdb	104	1.466e-21	742.0
d2c2ia1.pdb	149	2.595e-31	1312.0
d3jtga_.pdb	95	5.167e-22	777.0
d1aoya_.pdb	78	5.52e-16	563.0
d1chca_.pdb	68	3.028e-15	556.0
d1ec7a2.pdb	120	7.054e-26	988.0
d1khya_.pdb	132	3.933e-21	938.0
d1ut7a_.pdb	147	1.953e-29	1266.0
d2nuga1.pdb	148	5.297e-22	1079.0
d1bdfa2.pdb	121	3.154e-25	1082.0
d1m7xa2.pdb	106	1.066e-21	972.0
d2hkja2.pdb	164	4.718e-37	1375.0
d3rnja_.pdb	67	1.86e-13	590.0
d1hyka_.pdb	46	8.262e-10	374.0
d1j2ra_.pdb	188	3.951e-42	1607.0
d1zema1.pdb	260	2.913e-57	2243.0
d1udla_.pdb	98	3.52e-18	762.0
d1x1na1.pdb	523	0.0	4629.0
d3elia1.pdb	141	1.444e-27	1213.0
d1m70a2.pdb	98	8.199e-20	779.0
d1or0.1.pdb	153	2.004e-25	1230.0
d3by8a_.pdb	133	3.135e-29	1081.0
d1gpsa_.pdb	47	3.312e-10	409.0
d1ib8a2.pdb	90	1.62e-18	682.0
d1sefa_.pdb	250	4.712e-52	2388.0
d3lfha_.pdb	129	1.93e-26	958.0
d1q77a_.pdb	138	6.879e-29	1062.0
d2hoea3.pdb	128	5.196e-28	1051.0
d7reqa1.pdb	557	3.408e-99	4722.0
d1v7ra_.pdb	186	5.708e-44	1633.0
d3a5fa_.pdb	291	2.069e-59	2407.0
d2glia1.pdb	32	1.44e-05	220.0
d2h1ia1.pdb	202	3.09e-43	1718.0
d1nv8a_.pdb	271	3.518e-57	2286.0
d1gvja_.pdb	141	3.536e-31	1159.0
d1jdwa_.pdb	360	5.942e-87	3348.0
d2a1ia1.pdb	129	1.993e-29	1074.0
d3soga_.pdb	197	2.917e-26	1232.0
d1iw4a_.pdb	55	2.85e-11	443.0
d1k0ha_.pdb	117	1.481e-23	987.0
d1sqga1.pdb	140	4.096e-20	981.0
d1ht6a2.pdb	347	5.142e-84	3133.0
d3r5ga_.pdb	195	2.335e-41	1665.0
d1q8ga_.pdb	166	1.345e-37	1428.0
d2adca2.pdb	88	5.508e-19	693.0
d2piha1.pdb	123	3.284e-16	678.0
d3d32a_.pdb	118	1.994e-27	994.0
d1j6qa_.pdb	100	3.656e-23	920.0
d1qfja1.pdb	91	1.053e-16	775.0
d2a0ba_.pdb	118	4.612e-18	812.0
d2iuha_.pdb	115	6.807e-25	959.0
d1ulva2.pdb	89	4.843e-17	783.0
d2cfua2.pdb	502	8.015e-95	4447.0
d1gxca_.pdb	116	1.002e-24	1072.0
d1v2da_.pdb	365	9.535e-79	3182.0
d1to9a_.pdb	225	3.529e-31	1594.0
d2cuqa1.pdb	32	1.176e-06	249.0
d2daxa1.pdb	140	1.291e-27	1122.0
d1ciia1.pdb	174	2.41e-26	1293.0
d1llaa2.pdb	260	3.461e-52	2176.0
d1zpva1.pdb	83	7.875e-16	645.0
d1r17a1.pdb	149	5.463e-30	1341.0
d2d4pa1.pdb	130	1.593e-27	1060.0
d3llba_.pdb	81	1.184e-15	672.0
d1fm0e_.pdb	142	4.907e-33	1274.0
d1w36d1.pdb	348	3.527e-71	2917.0
d1mso.1.pdb	30	0.0002556	173.0
d1nkga2.pdb	171	7.921e-39	1577.0
d1wmhb_.pdb	82	9.562e-19	723.0
d2f9fa1.pdb	166	1.43e-34	1345.0
d1h7sa2.pdb	193	6.842e-48	1766.0
d2hjsa1.pdb	144	4.357e-29	1178.0
d1bhea_.pdb	376	6.341e-66	3267.0
d1orra_.pdb	338	1.03e-77	3055.0
d1i0ra_.pdb	161	5.115e-34	1460.0
d2c4na1.pdb	250	1.798e-53	2154.0
d1p2fa1.pdb	97	4.368e-20	798.0
d1rwha3.pdb	272	1.177e-58	2611.0
d2oqma1.pdb	171	1.2e-25	1237.0
d1iqoa_.pdb	88	2.241e-17	694.0
d1n7ea_.pdb	95	2.743e-19	795.0
d1yb5a1.pdb	150	4.354e-34	1364.0
d3mkva1.pdb	103	1.113e-24	948.0
d1doqa_.pdb	69	1.185e-14	501.0
d1gksa_.pdb	78	7.642e-14	615.0
d1hywa_.pdb	58	2.004e-11	422.0
d1n81a_.pdb	186	1.179e-25	1321.0
d1y0pa1.pdb	102	7.548e-21	776.0
d1yqga2.pdb	152	2.208e-31	1268.0
d1c3ga1.pdb	80	2.701e-17	658.0
d1hi9a_.pdb	274	2.681e-66	2467.0
d2p6ra1.pdb	85	4.704e-18	673.0
d2zs0a_.pdb	140	1.343e-20	1008.0
d1g99a1.pdb	197	7.745e-47	1716.0
d1vz6a_.pdb	376	7.176e-90	3367.0
d1rtra_.pdb	277	5.927e-37	2082.0
d1egra_.pdb	85	1.586e-18	680.0
d1lb6a_.pdb	155	2.313e-32	1415.0
d1yqsa_.pdb	345	7.003e-79	3078.0
d1o12a1.pdb	75	1.293e-14	624.0
d1qhqa_.pdb	139	1.103e-31	1317.0
d1p4xa2.pdb	125	1.325e-23	879.0
d1upsa2.pdb	131	1.03e-25	1174.0
d2fcja1.pdb	114	3.014e-24	889.0
d1dfca1.pdb	125	1.493e-25	1171.0
d1pc3a_.pdb	333	8.225e-85	3018.0
d2nvwa2.pdb	178	1.435e-41	1640.0
d1pd0a3.pdb	220	3.081e-51	1915.0
d3bz6a1.pdb	84	1.042e-16	627.0
d1ej0a_.pdb	180	1.181e-40	1547.0
d2dy1a3.pdb	115	2.768e-27	1067.0
d2epia_.pdb	98	1.498e-19	762.0
d1cjwa_.pdb	166	6.118e-42	1500.0
d1p16a2.pdb	245	5.061e-58	2206.0
d2vcna_.pdb	249	1.033e-43	2057.0
d1knza_.pdb	154	2.318e-26	989.0
d1s70b_.pdb	291	5.026e-45	2269.0
d3ag3d_.pdb	144	2.098e-27	948.0
d3d36c_.pdb	42	1.309e-06	254.0
d3hyga_.pdb	217	7.218e-51	1905.0
d1pc6a_.pdb	141	4.697e-28	1016.0
d2qkwa1.pdb	101	7.071e-15	672.0
d1d5ya2.pdb	65	3.799e-12	476.0
d1g8ka2.pdb	679	0.0	6264.0
d1vi2a1.pdb	182	1.197e-38	1430.0
d1e4mm_.pdb	499	0.0	4584.0
d1n26a2.pdb	102	1.885e-19	902.0
d1xpna_.pdb	170	3.929e-33	1421.0
d1bgfa_.pdb	124	1.107e-18	794.0
d1f44a2.pdb	206	6.224e-39	1689.0
d1x48a1.pdb	76	9.115e-16	628.0
d1zcba1.pdb	126	1.656e-21	958.0
d2j0ia_.pdb	290	5.494e-61	2513.0
d1paqa_.pdb	161	2.843e-23	1155.0
d2c0ha1.pdb	350	2.551e-84	3161.0
d1xiya1.pdb	171	3.548e-40	1487.0
d2p0la1.pdb	266	2.74e-61	2326.0
d1zk4a_.pdb	251	7.445e-58	2201.0
d1tuwa_.pdb	106	7.716e-22	821.0
d1zgha2.pdb	164	1.368e-38	1423.0
d1fvia2.pdb	184	2.544e-42	1639.0
d1tvza2.pdb	221	3.135e-47	1820.0
d3ki3a_.pdb	198	1.058e-45	1722.0
d1qpma_.pdb	69	1.763e-14	544.0
d1u5ea1.pdb	168	9.151e-36	1437.0
d2qlvb2.pdb	68	7.434e-13	512.0
d3nioa_.pdb	316	5.698e-73	2780.0
d3b5ha1.pdb	101	2.367e-21	961.0
d1hxia_.pdb	112	1.838e-15	722.0
d1q3xa2.pdb	75	2.917e-14	631.0
d1trba2.pdb	126	4.702e-30	1128.0
d1xova2.pdb	180	1.229e-42	1595.0
d1f94a_.pdb	63	6.144e-12	515.0
d1hdca_.pdb	253	7.207e-57	2173.0
d2vq8a_.pdb	128	1.749e-28	1130.0
d1d6ga_.pdb	47	4.159e-09	315.0
d1d7oa_.pdb	297	7.367e-66	2563.0
d2wjnm_.pdb	323	6.999e-56	2551.0
d1puia_.pdb	169	1.229e-37	1404.0
d3e46a1.pdb	42	1.242e-06	279.0
d3k7pa_.pdb	153	1.778e-35	1282.0
d1gu3a_.pdb	142	9.34e-30	1341.0
d1u5sb1.pdb	31	1.511e-06	257.0
d1ueqa_.pdb	123	1.243e-24	990.0
d2c12a2.pdb	259	3.5e-54	2284.0
d1m0da_.pdb	129	1.809e-26	1008.0
d1wj5a_.pdb	120	7.913e-22	849.0
d2g03a1.pdb	177	1.703e-29	1402.0
d3r26a_.pdb	231	3.233e-56	2047.0
d1wiga2.pdb	41	6.345e-07	259.0
d1wiia_.pdb	85	4.511e-17	647.0
d1z6na1.pdb	166	1.802e-35	1324.0
d7reqa2.pdb	168	3.642e-34	1324.0
d1yvra1.pdb	346	2.957e-48	2696.0
d1osha_.pdb	216	5.161e-30	1583.0
d2fy7a_.pdb	268	2.315e-65	2479.0
d1ok3a1.pdb	64	1.577e-12	543.0
d1ryoa_.pdb	324	2.768e-77	2889.0
d2piaa2.pdb	120	2.022e-26	979.0
d1hula_.pdb	108	6.718e-17	629.0
d1jida_.pdb	114	5.849e-25	937.0
d1kq1a_.pdb	60	6.735e-12	509.0
d1r85a_.pdb	371	3.694e-84	3372.0
d1tjla1.pdb	104	1.211e-14	655.0
d1wmga_.pdb	90	4.283e-14	626.0
d1yuaa2.pdb	57	4.354e-11	456.0
d2bb3a1.pdb	191	6.932e-43	1633.0
d1gl4a2.pdb	40	5.201e-08	329.0
d1hx0a1.pdb	93	1.064e-17	818.0
d1on2a2.pdb	74	1.235e-10	453.0
d1sh8a_.pdb	153	1.458e-33	1340.0
d1t9ha2.pdb	212	5.767e-45	1699.0
d1a34a_.pdb	147	2.477e-28	1280.0
d1oaql_.pdb	110	8.272e-23	1035.0
d1ytla1.pdb	158	2.42e-36	1348.0
d1j5wa_.pdb	276	7.311e-56	2347.0
d2oaia1.pdb	80	7.723e-16	668.0
d3faua_.pdb	71	7.479e-14	518.0
d1auka_.pdb	481	0.0	4452.0
d2goma1.pdb	61	2.902e-09	388.0
d2igsa1.pdb	212	3.013e-36	1676.0
d1th7a1.pdb	76	9.866e-15	660.0
d1zl0a1.pdb	138	3.599e-33	1256.0
d3u5wa_.pdb	126	8.58e-26	1137.0
d1oi1a2.pdb	104	1.832e-22	897.0
d1xyza_.pdb	320	4.169e-76	2871.0
d1ueka1.pdb	148	4.806e-34	1317.0
d2ob5a1.pdb	147	2.221e-35	1274.0
d1hksa_.pdb	106	2.094e-24	894.0
d1jhsa_.pdb	188	2.649e-39	1618.0
d2bj7a2.pdb	82	5.525e-20	689.0
d2diba1.pdb	115	1.046e-23	1038.0
d3fzqa_.pdb	271	8.354e-61	2332.0
d1x4sa1.pdb	46	8.252e-10	359.0
d1x5ga1.pdb	103	6.307e-18	854.0
d2ziba_.pdb	130	5.909e-28	1178.0
d1cfza_.pdb	162	1.113e-36	1357.0
d1vk5a_.pdb	121	1.842e-23	929.0
d2aala1.pdb	129	4.639e-30	1100.0
d3kdfa_.pdb	115	2.423e-26	1008.0
d1hr6a1.pdb	220	1.129e-49	1883.0
d2ebsa1.pdb	427	2.295e-97	4139.0
d3dl3a1.pdb	96	9.15e-19	872.0
d1gv2a2.pdb	47	1.738e-08	329.0
d1gv8a_.pdb	159	1.265e-38	1407.0
d1owwa_.pdb	93	4.599e-18	852.0
d1xl7a1.pdb	382	1.776e-75	3218.0
d1nwwa_.pdb	145	4.916e-31	1227.0
d1y5ia2.pdb	1074	0.0	9928.0
d1tpga2.pdb	50	2.769e-10	430.0
d1wj3a_.pdb	117	9.903e-22	993.0
d2okfa1.pdb	129	2.93e-29	1063.0
d1mx3a2.pdb	133	2.746e-31	1181.0
d2bzba1.pdb	54	2.489e-08	276.0
d2c6ba1.pdb	46	1.563e-09	342.0
d2czla1.pdb	270	2.717e-63	2364.0
d1jyaa_.pdb	117	5.557e-24	943.0
d1wmsa_.pdb	170	1.788e-39	1469.0
d1nofa2.pdb	277	2.004e-63	2466.0
d3h8qa_.pdb	108	7.755e-23	861.0
d1j3ta_.pdb	74	7.523e-15	624.0
d1n5ua2.pdb	192	1.652e-28	1436.0
d1gpma3.pdb	121	1.62e-27	1020.0
d1q5za_.pdb	145	1.938e-23	1099.0
d1vc4a_.pdb	254	9.757e-56	2143.0
d1o9ga_.pdb	249	2.547e-50	2083.0
d7odca1.pdb	158	1.05e-36	1436.0
d1pvda2.pdb	172	1.497e-38	1435.0
d2pp6a1.pdb	85	8.542e-16	705.0
d3pwta_.pdb	562	0.0	4975.0
d1v2xa_.pdb	191	5.219e-41	1615.0
d3fdea_.pdb	209	6.121e-48	1870.0
d2cwya1.pdb	94	1.077e-14	662.0
d2ieaa3.pdb	186	1.895e-43	1595.0
d1psra_.pdb	100	1.314e-18	703.0
d1qo3c_.pdb	128	1.498e-27	1155.0
d1ywia1.pdb	28	3.675e-05	241.0
d2b4wa1.pdb	292	3.054e-57	2770.0
d1nbfa_.pdb	347	1.178e-81	3155.0
d1ep0a_.pdb	183	7.142e-40	1723.0
d1t4ba2.pdb	221	6.159e-55	1950.0
d3aala_.pdb	298	4.017e-65	2598.0
d1grja2.pdb	73	5.222e-15	611.0
d1jo0a_.pdb	97	9.893e-21	752.0
d1quba4.pdb	60	5.891e-13	558.0
d1tg7a4.pdb	175	2.146e-37	1653.0
d2vo8a1.pdb	135	7.752e-27	1270.0
d1kdxa_.pdb	81	4.424e-12	553.0
d1o2da_.pdb	359	2.517e-68	3040.0
d1l4sa_.pdb	112	1.388e-23	853.0
d1tygb_.pdb	65	3.982e-14	519.0
d1uzka3.pdb	66	5.998e-15	552.0
d1xkpb1.pdb	121	8.032e-26	982.0
d3beca1.pdb	93	5.007e-19	831.0
d1enwa_.pdb	114	7.233e-24	809.0
d1f7la_.pdb	118	1.208e-26	981.0
d1pgya_.pdb	47	1.056e-07	300.0
d1q0pa_.pdb	192	9.769e-45	1667.0
d2vo9a1.pdb	148	5.14e-33	1239.0
d1hr6b2.pdb	217	9.25e-47	1859.0
d1x4ka2.pdb	27	5.322e-05	197.0
d1xrta2.pdb	257	1.265e-55	2200.0
d2a40b_.pdb	260	7.464e-65	2349.0
d1h9aa1.pdb	195	5.817e-42	1628.0
d3grsa3.pdb	115	4.62e-24	979.0
d1odfa_.pdb	280	7.433e-63	2377.0
d3ct6a1.pdb	123	1.876e-27	997.0
d1mo9a2.pdb	121	2.19e-27	1033.0
d1yxma1.pdb	297	3.041e-67	2606.0
d1vhsa_.pdb	165	2.461e-38	1431.0
d3vc7a_.pdb	237	5.799e-52	1994.0
d2pu9c_.pdb	111	9.271e-26	938.0
d1kz7a2.pdb	142	1.056e-26	1167.0
d2fyuk_.pdb	53	3.277e-09	317.0
d2fywa1.pdb	265	1.308e-61	2319.0
d1t3ia_.pdb	406	7.541e-88	3615.0
d1snna_.pdb	219	1.706e-52	1885.0
d2wyqa_.pdb	77	4.31e-17	649.0
d1a0ia1.pdb	101	1.739e-20	853.0
d1fiua_.pdb	286	5.903e-61	2432.0
d2etha1.pdb	140	4.372e-23	876.0
d2pf1a1.pdb	91	2.701e-23	827.0
d1pvma3.pdb	36	2.016e-07	297.0
d1rewc_.pdb	86	2.799e-19	771.0
d1xkna_.pdb	353	1.097e-83	3222.0
d1ocka_.pdb	412	7.05e-95	3731.0
d1nepa_.pdb	130	1.671e-27	1244.0
d2ah5a1.pdb	210	6.533e-46	1746.0
d1ocsa_.pdb	132	1.964e-27	1075.0
d1w36d2.pdb	190	1.46e-41	1569.0
d3pdxa_.pdb	379	5.934e-87	3390.0
d2vfna_.pdb	555	5.4e-101	5154.0
d1txda1.pdb	234	3.036e-32	1672.0
d2yvxa1.pdb	125	6.749e-19	933.0
d1eeja2.pdb	60	1.083e-10	454.0
d1hxva_.pdb	85	1.447e-18	714.0
d1k3ia2.pdb	162	2.665e-35	1506.0
d1x9da1.pdb	451	1.768e-86	3957.0
d1ok7a2.pdb	122	1.881e-25	1098.0
d1yuza1.pdb	133	3.561e-18	888.0
d2vbua_.pdb	131	1.671e-25	1129.0
d1od6a_.pdb	155	6.352e-33	1210.0
d2exda1.pdb	72	1.674e-15	611.0
d2ghpa3.pdb	83	1.049e-17	673.0
d2zfga_.pdb	339	3.025e-69	3058.0
d1r8ga_.pdb	352	5.152e-71	3049.0
d1hh8a_.pdb	192	7.575e-30	1472.0
d1wb4a_.pdb	283	2.772e-70	2609.0
d1q3oa_.pdb	104	2.339e-21	892.0
d1uzma1.pdb	227	8.691e-47	1882.0
d1lm7a_.pdb	238	1.262e-52	1996.0
d1vz0a1.pdb	93	6.18e-14	646.0
d3niwa_.pdb	266	1.849e-59	2315.0
d2brfa1.pdb	100	5.576e-20	920.0
d2rb6a1.pdb	52	5.984e-09	419.0
d3cjkb_.pdb	75	7.625e-16	632.0
d1flca2.pdb	271	4.028e-60	2314.0
d2i6ea1.pdb	272	4.2e-61	2368.0
d1u78a2.pdb	50	6.582e-08	319.0
d1v87a_.pdb	114	5.324e-26	959.0
d1wfwa_.pdb	74	1.148e-13	612.0
d2arza1.pdb	238	2.221e-55	2141.0
d1zcea1.pdb	146	1.735e-33	1265.0
d2jfga1.pdb	93	2.04e-19	733.0
d1ah7a_.pdb	245	1.943e-36	1975.0
d1xksa_.pdb	374	6.721e-76	3517.0
d1l6xa1.pdb	105	3.928e-21	937.0
d1ub3a_.pdb	211	1.067e-44	1772.0
d1f97a1.pdb	102	4.542e-21	947.0
d1r61a_.pdb	205	1.257e-49	1887.0
d2gfna2.pdb	115	8.45e-17	762.0
d2je6i1.pdb	87	3.378e-17	752.0
d1otfa_.pdb	59	7.012e-12	439.0
d1st6a5.pdb	158	3.629e-22	1076.0
d2fura1.pdb	193	4.027e-38	1684.0
d1m45a_.pdb	142	2.309e-27	1044.0
d1nxma_.pdb	194	4.374e-40	1747.0
d2bbya_.pdb	69	9.201e-14	523.0
d2ejqa1.pdb	107	4.741e-23	853.0
d2j01t1.pdb	137	1.87e-27	1109.0
d1dv5a_.pdb	80	1.58e-14	584.0
d1gppa_.pdb	217	4.348e-43	1970.0
d1wpga1.pdb	115	1.556e-22	1001.0
d2j01e1.pdb	204	2.281e-42	1841.0
d1l1oc_.pdb	173	2.003e-35	1521.0
d1z45a1.pdb	342	4.008e-73	3255.0
d1jmaa_.pdb	259	9.591e-59	2376.0
d2dc4a_.pdb	164	1.338e-32	1434.0
d1k0ia2.pdb	102	3.257e-20	891.0
d1s5qb_.pdb	89	6.463e-15	595.0
d1tdja3.pdb	75	6.843e-16	640.0
d1xaka_.pdb	68	4.005e-15	620.0
d1z2aa_.pdb	164	1.058e-36	1349.0
d1k3ra2.pdb	191	3.875e-43	1609.0
d2od6a1.pdb	109	7.156e-26	854.0
d1d3bb_.pdb	81	4.158e-15	705.0
d1kbla3.pdb	375	9.554e-76	3216.0
d1dj8a_.pdb	79	1.061e-13	586.0
d1fo0b_.pdb	112	1.663e-23	1065.0
d1tuka_.pdb	67	3.325e-12	506.0
d1v9ma_.pdb	312	7.145e-44	2379.0
d1apsa_.pdb	98	3.852e-22	848.0
d1ixta_.pdb	27	4.067e-05	216.0
d1j0ha2.pdb	83	5.7e-16	744.0
d1tme3_.pdb	230	3.355e-44	1956.0
d3a0ua_.pdb	115	5.855e-24	876.0
d1hm9a1.pdb	208	5.6e-41	1874.0
d1nsta_.pdb	282	7.239e-59	2391.0
d2ozla1.pdb	361	2.914e-77	3218.0
d1zu1a1.pdb	72	3.776e-14	522.0
d2azwa1.pdb	146	9.596e-34	1338.0
d3t5ga_.pdb	171	5.89e-39	1457.0
d2c5sa2.pdb	168	6.496e-40	1498.0
d1d5ta2.pdb	97	1.241e-20	875.0
d1pcha_.pdb	88	9.194e-20	716.0
d1vq8a1.pdb	147	1.661e-32	1254.0
d2nsfa1.pdb	160	4.149e-27	1239.0
d1fpza_.pdb	176	3.008e-41	1551.0
d1wi1a_.pdb	126	3.712e-25	1100.0
d2psoa1.pdb	197	2.517e-40	1766.0
d1rrqa2.pdb	123	2.404e-28	1071.0
d1xkpa1.pdb	197	2.78e-27	1372.0
d1brta_.pdb	277	3.221e-65	2463.0
d2nwva1.pdb	112	1.678e-22	888.0
d1bw5a_.pdb	66	1.835e-11	471.0
d1e0ta1.pdb	98	3.362e-20	886.0
d1nlta2.pdb	80	9.263e-19	703.0
d1t6t1_.pdb	108	5.018e-22	789.0
d2cs4a1.pdb	84	2.08e-19	722.0
d2p02a2.pdb	126	1.466e-28	1047.0
d1dc1a_.pdb	310	1.136e-59	2491.0
d2hfgr_.pdb	27	0.0004045	181.0
d1jdqa_.pdb	98	2.863e-21	770.0
d1o26a_.pdb	219	4.051e-46	1825.0
d2gffa_.pdb	97	7.339e-21	783.0
d1dr9a2.pdb	95	5.739e-20	876.0
d1o12a2.pdb	288	4.663e-64	2392.0
d2qgva_.pdb	121	1.117e-26	961.0
d1f8ya_.pdb	156	3.137e-37	1348.0
d1tg7a5.pdb	354	2.497e-81	3246.0
d1od3a_.pdb	131	8.708e-26	1221.0
d2b4va1.pdb	178	3.613e-34	1449.0
d2zhja_.pdb	315	3.379e-48	2577.0
d1x5za1.pdb	102	3.69e-19	894.0
d2q07a1.pdb	66	4.568e-15	586.0
d3etja3.pdb	198	8.912e-45	1767.0
d1rzsa_.pdb	61	3.31e-11	453.0
d1sbza_.pdb	183	6.657e-38	1485.0
d1dtxa_.pdb	59	8.811e-13	523.0
d1gyoa_.pdb	106	2.466e-25	879.0
d1iowa2.pdb	210	3.831e-44	1756.0
d2ch5a2.pdb	117	3.802e-26	978.0
d3caoa_.pdb	103	6.665e-23	834.0
d3drna_.pdb	152	1.914e-34	1307.0
d1tt8a_.pdb	164	2.4e-34	1469.0
d2ozlb1.pdb	192	4.309e-46	1704.0
d1pf5a_.pdb	130	4.591e-32	1183.0
d1y7pa2.pdb	73	4.631e-15	588.0
d2idba2.pdb	166	1.488e-37	1373.0
d3zvzb_.pdb	55	2.183e-13	449.0
d5nula_.pdb	138	2.971e-28	1130.0
d1o89a2.pdb	177	7.342e-37	1498.0
d2os5d_.pdb	118	5.724e-28	998.0
d1asta_.pdb	200	1.957e-47	1779.0
d1nkpa_.pdb	88	7.412e-13	438.0
d1nyca_.pdb	111	2.047e-25	1001.0
d1urha2.pdb	115	1.176e-25	919.0
d2idxa_.pdb	148	1.485e-23	1048.0
d1e7ua2.pdb	149	5.511e-30	1338.0
d1ogya1.pdb	119	1.972e-29	1074.0
d1weva_.pdb	88	8.189e-18	651.0
d1xeaa1.pdb	167	7.841e-34	1269.0
d1hxma2.pdb	86	1.206e-15	728.0
d1s6ya2.pdb	247	1.996e-46	1931.0
d2bkyx_.pdb	86	4.209e-19	708.0
d3aksa_.pdb	190	3.697e-39	1825.0
d1rqba2.pdb	303	9.682e-62	2585.0
d1wbaa_.pdb	171	5.202e-31	1523.0
d3fwba_.pdb	153	8.164e-28	1125.0
d1bpoa1.pdb	157	1.475e-24	1190.0
d1mdba_.pdb	536	0.0	4927.0
d1qmea1.pdb	61	6.37e-14	518.0
d1t1ra3.pdb	26	0.0004053	165.0
d1t1ua1.pdb	382	3.382e-77	3186.0
d1gaia_.pdb	472	1.42e-86	4038.0
d2je8a5.pdb	348	3.815e-77	3149.0
d2bl9a_.pdb	216	1.081e-49	1892.0
d1jfba_.pdb	399	3.116e-70	3340.0
d2fd5a2.pdb	104	1.976e-15	718.0
d2wnxa_.pdb	157	1.786e-34	1458.0
d1k47a2.pdb	135	2.762e-27	1090.0
d1iq0a2.pdb	366	4.155e-75	3121.0
d1iuga_.pdb	348	3.542e-80	3096.0
d1bf2a1.pdb	162	1.091e-36	1469.0
d1musa_.pdb	458	8.623e-84	3972.0
d1sz2a1.pdb	319	4.055e-70	2785.0
d1iz0a1.pdb	131	6.935e-28	1156.0
d1wv8a1.pdb	71	9.358e-14	511.0
d2awna1.pdb	135	2.987e-26	1196.0
d3iara_.pdb	360	8.62e-70	3104.0
d1c3ha_.pdb	137	1.859e-27	1221.0
d1ubdc1.pdb	28	1.457e-05	197.0
d1uc8a1.pdb	88	5.999e-20	731.0
d1ydea1.pdb	250	3.114e-53	2161.0
d1q0ra_.pdb	297	1.06e-70	2628.0
d1ev2e2.pdb	93	3.569e-19	867.0
d1ktga_.pdb	137	1.004e-30	1203.0
d1r89a3.pdb	180	4.87e-36	1461.0
d2v0na2.pdb	153	2.022e-32	1182.0
d1pswa_.pdb	331	1.695e-68	2881.0
d1qhua1.pdb	185	3.355e-42	1791.0
d2p4wa_.pdb	197	4.514e-36	1339.0
d1j1ba_.pdb	354	8.642e-71	3068.0
d2p9ba1.pdb	118	9.236e-25	1028.0
d1pjra1.pdb	315	7.596e-60	2635.0
d1kjpa_.pdb	316	3.519e-72	2861.0
d2gena2.pdb	118	2.92e-20	794.0
d2qora_.pdb	196	6.396e-44	1636.0
d1v3ya_.pdb	170	7.084e-38	1445.0
d2hfna_.pdb	149	2.601e-34	1289.0
d1d3ga_.pdb	360	2.787e-80	3124.0
d2hiqa_.pdb	96	1.107e-18	737.0
d3zr0a_.pdb	154	8.947e-36	1444.0
d1rjda_.pdb	328	1.676e-66	2743.0
d1tuga1.pdb	310	3.016e-63	2712.0
d1kzla2.pdb	110	3.251e-22	921.0
d1x58a1.pdb	49	4.651e-08	331.0
d1yfsa1.pdb	212	7.44e-32	1596.0
d1allb_.pdb	161	2.299e-23	1122.0
d1lfoa_.pdb	127	2.512e-22	1061.0
d1xu6a_.pdb	80	7.194e-16	570.0
d2jxta1.pdb	78	2.345e-15	624.0
d3no6a_.pdb	235	1.656e-32	1731.0
d1ou5a2.pdb	140	7.927e-31	1187.0
d1wzda_.pdb	209	1.813e-29	1567.0
d3dbya1.pdb	121	7.785e-21	828.0
d1hbnb1.pdb	255	4.533e-40	2015.0
d1yira1.pdb	248	3.515e-55	2075.0
d1m48a_.pdb	123	4.364e-21	871.0
d1x5na1.pdb	101	2.58e-20	843.0
d2fyia1.pdb	220	3.194e-51	1921.0
d1a9xa2.pdb	138	1.546e-29	1088.0
d1tg7a3.pdb	163	5.02e-34	1429.0
d2fe1a1.pdb	130	4.476e-26	1038.0
d1ebda2.pdb	117	5.195e-28	1048.0
d1tvda_.pdb	116	2.74e-24	1090.0
d2nwwa1.pdb	405	1.892e-56	3024.0
d1ppjj_.pdb	32	5.5e-06	184.0
d1ppqa_.pdb	68	4.08e-14	617.0
d1srya2.pdb	311	9.831e-70	2764.0
d1auaa1.pdb	93	2.026e-16	656.0
d3r20a_.pdb	217	8.782e-41	1698.0
d1t3qb2.pdb	621	0.0	5697.0
d1qipa_.pdb	176	1.087e-40	1507.0
d2b3ra_.pdb	124	9.001e-25	1138.0
d3lxfa_.pdb	104	7.185e-24	903.0
d1c0pa2.pdb	95	7.882e-19	835.0
d1khta_.pdb	190	8.64e-40	1543.0
d2zd1b1.pdb	412	7.345e-92	3574.0
d2hrva_.pdb	139	1.301e-29	1304.0
d1e0na_.pdb	27	0.0001893	206.0
d1z3eb1.pdb	67	6.197e-14	497.0
d2as9a_.pdb	207	4.853e-40	1862.0
d1gqpa_.pdb	180	6.565e-46	1695.0
d1wfda_.pdb	93	1.652e-13	570.0
d1zyma2.pdb	124	1.186e-27	1020.0
d2y3qa_.pdb	157	1.657e-22	1101.0
d1nexb1.pdb	100	4.078e-16	662.0
d1r1ta_.pdb	98	7.68e-19	692.0
d1uu3a_.pdb	277	4.961e-58	2356.0
d3saoa_.pdb	150	2.991e-30	1336.0
d2acfa1.pdb	168	3.423e-38	1415.0
d1ehka_.pdb	544	7.676e-81	4394.0
d3i6va_.pdb	218	8.876e-52	1890.0
d1ppjd2.pdb	46	2.669e-07	237.0
d1ppjg_.pdb	73	2.749e-12	427.0
d1pq4a_.pdb	255	1.515e-51	2155.0
d1j7xa_.pdb	302	3.553e-67	2544.0
d2p5zx3.pdb	113	1.579e-24	975.0
d1d4ba_.pdb	122	3.214e-25	952.0
d1jlia_.pdb	112	1.507e-19	891.0
d2zp1a_.pdb	308	2.798e-59	2577.0
d2oyra1.pdb	245	3.454e-56	2095.0
d1pvta_.pdb	232	9.496e-52	2035.0
d1adua1.pdb	86	3.041e-13	614.0
d1gtma1.pdb	239	3.857e-52	1974.0
d2cyya2.pdb	86	2.876e-15	606.0
d2pida_.pdb	317	6.718e-63	2717.0
d2blna2.pdb	197	8.937e-47	1751.0
d1khia1.pdb	76	3.883e-14	668.0
d1tfra2.pdb	160	5.517e-36	1298.0
d2hr2a1.pdb	156	2.273e-20	1045.0
d1fgya_.pdb	127	2.955e-26	1146.0
d1uv7a_.pdb	76	2.027e-15	623.0
d2bg1a1.pdb	452	1.384e-92	4028.0
d1szia_.pdb	194	1.285e-33	1402.0
d2gria1.pdb	112	6.23e-25	920.0
d2py5a2.pdb	381	3.818e-84	3480.0
d2bgra1.pdb	470	1.02e-91	4304.0
d1uf2c1.pdb	262	1.155e-40	2093.0
d2p8ta2.pdb	117	2.248e-24	956.0
d2f48a_.pdb	551	0.0	4862.0
d1jjca_.pdb	266	1.238e-59	2334.0
d3alud_.pdb	157	4.303e-34	1422.0
d1k6da_.pdb	217	1.392e-50	1960.0
d2hd3a1.pdb	95	3.59e-21	840.0
d2wnpf_.pdb	217	4.933e-52	2062.0
d1jjga_.pdb	102	6.607e-21	814.0
d1o7d.1.pdb	37	4.618e-06	195.0
d1o7d.2.pdb	93	1.716e-17	820.0
d1uxya1.pdb	198	1.276e-47	1792.0
d3cgha1.pdb	507	3.257e-98	4405.0
d2f2ha1.pdb	108	3.047e-23	1008.0
d3daua_.pdb	159	1.524e-36	1423.0
d1ne9a1.pdb	164	7.446e-36	1326.0
d2apoa2.pdb	219	8.626e-49	1966.0
d1gm5a2.pdb	180	7.555e-38	1546.0
d1xb4a2.pdb	72	3.658e-14	566.0
d2cala_.pdb	153	8.199e-36	1469.0
d3nzbx_.pdb	206	8.781e-47	1792.0
d1tuba2.pdb	195	1.271e-41	1602.0
d2np3a1.pdb	38	3.77e-05	203.0
d2np3a2.pdb	104	8.845e-15	700.0
d3cx5a2.pdb	218	2.871e-48	1900.0
d1uf2c2.pdb	153	1.175e-31	1380.0
d2pwwa1.pdb	114	4.051e-24	991.0
d1drsa_.pdb	59	4.908e-13	505.0
d1fxka_.pdb	107	4.72e-15	575.0
d1k28d1.pdb	197	9.738e-42	1780.0
d1ygya3.pdb	78	3.949e-17	651.0
d2j5aa1.pdb	106	8.199e-23	892.0
d1eyba_.pdb	419	6.257e-93	4027.0
d2q9oa2.pdb	181	1.039e-36	1708.0
d1jlva1.pdb	123	1.452e-19	911.0
d1pwaa_.pdb	123	4.8e-24	1096.0
d2b8ma1.pdb	108	1.786e-20	963.0
d3tqga_.pdb	360	3.037e-53	2856.0
d2cqqa1.pdb	59	3.813e-09	387.0
d2feaa1.pdb	225	7.583e-50	1855.0
d1gkya_.pdb	186	6.37e-40	1466.0
d2gmna1.pdb	264	3.014e-62	2333.0
d1u6ea1.pdb	184	8.865e-44	1616.0
d2omzb_.pdb	104	2.257e-21	913.0
d1eqfa1.pdb	139	2.177e-21	1026.0
d1o51a_.pdb	89	1.534e-18	691.0
d1x4oa1.pdb	65	2.674e-11	456.0
d2azpa_.pdb	318	9.079e-75	3029.0
d1gyva_.pdb	120	3.719e-24	1117.0
d1uwya1.pdb	97	5.268e-22	873.0
d1yw4a1.pdb	319	9.064e-77	2918.0
d1vmea2.pdb	250	3.42e-58	2255.0
d1smyc_.pdb	1119	0.0	10162.0
d1tdha1.pdb	110	4.93e-21	836.0
d1uffa_.pdb	93	5.138e-17	714.0
d1yzha1.pdb	204	3.582e-48	1798.0
d1ldna1.pdb	148	2.855e-34	1271.0
d2aj6a1.pdb	118	2.016e-24	917.0
d3m31a_.pdb	357	4.685e-57	2932.0
d2csba4.pdb	55	3.45e-09	378.0
d2dyja1.pdb	91	6.661e-19	696.0
d2nyca1.pdb	130	1.354e-29	1047.0
d3c3pa_.pdb	198	1.747e-45	1685.0
d1x5aa1.pdb	94	2.183e-17	807.0
d2iaya1.pdb	113	3.033e-24	951.0
d3u2ua_.pdb	263	5.16e-61	2277.0
d1wfya_.pdb	104	4.336e-21	800.0
d2csba3.pdb	55	3.442e-09	380.0
d2et1a_.pdb	201	1.764e-42	1779.0
d1gkab_.pdb	174	7.649e-35	1558.0
d1v43a1.pdb	52	1.059e-09	416.0
d1z6ra2.pdb	129	1.099e-28	1095.0
d1a8la1.pdb	119	1.499e-26	971.0
d1joya_.pdb	67	1.833e-10	422.0
d1k78a1.pdb	63	1.149e-11	458.0
d1m2xa_.pdb	219	3.639e-51	1960.0
d2p7oa_.pdb	127	3.454e-28	1053.0
d1ekqa_.pdb	254	3.294e-48	2158.0
d3n9ra_.pdb	297	5.156e-61	2544.0
d1eucb1.pdb	148	1.975e-32	1256.0
d1xp4a2.pdb	269	3.141e-57	2282.0
d1gcia_.pdb	269	9.794e-79	2394.0
d1i5pa1.pdb	161	7.15e-34	1507.0
d1texa_.pdb	239	4.321e-53	2053.0
d1b77a1.pdb	110	1.763e-21	918.0
d1nq4a_.pdb	95	4.719e-20	708.0
d1r7aa2.pdb	434	2.278e-94	3939.0
d1p49a_.pdb	548	0.0	4909.0
d1ixla_.pdb	130	8.098e-28	1150.0
d1tzpa_.pdb	240	8.049e-58	2132.0
d2gw6a1.pdb	122	4.747e-27	1011.0
d2zong_.pdb	81	1.178e-13	586.0
d1lbua1.pdb	83	1.781e-18	653.0
d1oeda_.pdb	127	4.625e-17	721.0
d1qf8a_.pdb	167	5.276e-36	1392.0
d1upqa_.pdb	107	3.479e-21	930.0
d2cc0a1.pdb	192	1.7e-43	1696.0
d1vhea2.pdb	275	1.583e-66	2460.0
d1e4ft2.pdb	185	2.317e-44	1595.0
d1szqa_.pdb	473	1.893e-79	4038.0
d1tx2a_.pdb	269	1.654e-58	2298.0
d1tqga_.pdb	105	2.573e-16	672.0
d1ysja1.pdb	261	1.426e-59	2286.0
d1gxqa_.pdb	105	5.464e-23	878.0
d1l1ja_.pdb	226	1.845e-50	2081.0
d2h8ua_.pdb	65	1.381e-11	519.0
d2uy6b1.pdb	150	1.054e-29	1276.0
d1igqa_.pdb	54	9.143e-10	444.0
d1nkga3.pdb	250	1.029e-51	2336.0
d2h4oa1.pdb	62	2.003e-10	386.0
d2nn6g3.pdb	80	4.522e-16	621.0
d2wcja_.pdb	141	2.053e-22	1092.0
d2fnoa2.pdb	87	3.345e-20	728.0
d2z3va_.pdb	137	2.792e-30	1131.0
d1knca_.pdb	174	2.507e-25	1261.0
d1wjwa_.pdb	112	2.339e-23	882.0
d2pgda2.pdb	176	1.276e-40	1556.0
d1r8da_.pdb	109	4.448e-20	738.0
d1s9ua_.pdb	201	1.015e-33	1627.0
d2k7ia1.pdb	62	1.048e-11	463.0
d2q02a1.pdb	271	1.287e-56	2315.0
d1yuda1.pdb	158	1.667e-33	1437.0
d1dt9a2.pdb	126	5.238e-28	1015.0
d1gyya_.pdb	76	4.838e-14	517.0
d1jssa_.pdb	199	2.461e-41	1772.0
d2g64a1.pdb	139	2.676e-31	1176.0
d3lqna_.pdb	138	9.268e-33	1174.0
d1e5xa_.pdb	451	1.561e-87	3795.0
d1knxa1.pdb	132	1.089e-29	1088.0
d1uvja_.pdb	664	0.0	5883.0
d2ffia1.pdb	271	7.226e-60	2337.0
d1vq8h1.pdb	152	1.973e-35	1344.0
d3fz9a_.pdb	106	4.66e-23	853.0
d1ikta_.pdb	115	3.687e-25	905.0
d1ooha_.pdb	126	1.902e-22	1006.0
d1x1ma1.pdb	94	2.008e-22	818.0
d1zsqa2.pdb	387	7.43e-83	3354.0
d1tgoa1.pdb	347	5.577e-75	3065.0
d1o3xa_.pdb	112	6.745e-16	717.0
d1v9ka_.pdb	227	5.697e-50	2073.0
d1edta_.pdb	265	9.504e-63	2374.0
d3d01a_.pdb	158	2.339e-33	1295.0
d2elba1.pdb	258	1.18e-32	1603.0
d1ddba_.pdb	195	1.261e-28	1429.0
d1tf3a3.pdb	31	2.274e-06	224.0
d1tf5a1.pdb	122	6.121e-24	955.0
d1x6va2.pdb	235	5.015e-54	2023.0
d1nyoa_.pdb	163	2.397e-37	1406.0
d1ql3a_.pdb	99	1.754e-22	821.0
d1rmda1.pdb	30	0.0001441	193.0
d1s58a_.pdb	523	0.0	4817.0
d1ijwc_.pdb	47	1.488e-07	297.0
d2fc7a1.pdb	69	1.739e-14	585.0
d2ibga1.pdb	95	3.496e-18	831.0
d3q90a_.pdb	121	8.164e-23	977.0
d1ku3a_.pdb	61	1.266e-09	412.0
d1muca2.pdb	118	1.929e-23	953.0
d1toaa_.pdb	277	1.928e-58	2376.0
d1fcda3.pdb	74	1.479e-14	584.0
d1jjfa_.pdb	255	1.177e-63	2353.0
d1dl0a_.pdb	37	2.337e-07	296.0
d1e3ha2.pdb	149	2.939e-33	1283.0
d1wj9a1.pdb	87	1.718e-19	703.0
d2cx6a1.pdb	90	7.153e-20	722.0
d2ri9a_.pdb	475	7.365e-89	4131.0
d2ftxb1.pdb	59	5.868e-11	414.0
d2gxfa1.pdb	119	1.334e-22	929.0
d3rrca_.pdb	276	3.093e-42	2216.0
d1tuva_.pdb	103	5.703e-22	869.0
d2fgea3.pdb	268	1.898e-52	2014.0
d1ppya_.pdb	118	8.605e-25	1044.0
d1xvia_.pdb	232	1.893e-54	2022.0
d1wpga3.pdb	239	8.66e-54	2154.0
d1eu3a2.pdb	113	9.018e-25	981.0
d1lu4a_.pdb	134	1.325e-31	1206.0
d1xvwa1.pdb	153	6.837e-36	1341.0
d3gwya_.pdb	121	1.247e-25	1053.0
d1gzsb_.pdb	165	5.587e-27	1215.0
d1s48a_.pdb	588	0.0	5154.0
d1t9ma_.pdb	204	7.658e-43	1772.0
d3im3a_.pdb	50	1.078e-07	262.0
d3kl2a_.pdb	203	1.714e-45	1755.0
d3gp9a_.pdb	133	5.371e-34	1105.0
d1pj5a1.pdb	88	5.85e-17	777.0
d1vq8p1.pdb	143	9.587e-25	984.0
d1z2ua1.pdb	147	5.258e-34	1265.0
d2qamh1.pdb	91	6.644e-20	733.0
d3bc8a1.pdb	438	1.174e-89	3868.0
d1mdah_.pdb	368	1.394e-67	3318.0
d2rgqa1.pdb	133	2.994e-28	1140.0
d1j3ma_.pdb	127	4.314e-27	997.0
d2al6a3.pdb	100	2.085e-22	841.0
d1zcza1.pdb	157	1.697e-34	1272.0
d3lv0a_.pdb	258	1.292e-60	2328.0
d1u5ta2.pdb	68	9.574e-15	533.0
d1vsra_.pdb	134	1.197e-30	1116.0
d2ewla1.pdb	52	5.988e-10	379.0
d2fug71.pdb	127	4.085e-25	1002.0
d1dfca2.pdb	119	1.777e-24	1078.0
d1lj5a_.pdb	379	5.145e-84	3489.0
d1goia3.pdb	88	2.717e-19	737.0
d1jvaa3.pdb	107	3.466e-23	911.0
d2bwna1.pdb	396	1.568e-85	3531.0
d2d7na1.pdb	80	5.304e-15	707.0
d2vaca_.pdb	134	7.756e-32	1205.0
d1ewfa2.pdb	239	1.135e-47	2068.0
d1y9qa2.pdb	99	2.702e-20	921.0
d2oufa1.pdb	80	1.946e-11	428.0
d2piea_.pdb	132	1.867e-28	1258.0
d1eija_.pdb	72	5.217e-13	488.0
d1ewqa4.pdb	120	2.535e-27	1011.0
d1nh2a2.pdb	85	5.765e-18	690.0
d3ov1a_.pdb	101	2.17e-22	891.0
d1jfua_.pdb	176	1.662e-39	1533.0
d1wraa1.pdb	305	3.038e-69	2809.0
d1rq2a2.pdb	107	2.681e-25	921.0
d1w5sa2.pdb	287	4.07e-59	2364.0
d1w96a2.pdb	170	4.998e-40	1447.0
d3oiga_.pdb	260	2.294e-60	2251.0
d2ouxa1.pdb	130	2.18e-18	901.0
d1at3a_.pdb	217	4.022e-51	1890.0
d1pbya1.pdb	85	2.884e-17	643.0
d1grja1.pdb	78	1.869e-13	521.0
d1j0ha1.pdb	123	4.077e-25	1150.0
d1v96a1.pdb	146	2.926e-29	1077.0
d2fmpa3.pdb	187	1.575e-43	1598.0
d1gtda_.pdb	81	2.984e-14	553.0
d1m1xa2.pdb	139	1.051e-28	1310.0
d2f2la_.pdb	167	2.497e-39	1462.0
d3awma_.pdb	407	2.384e-70	3483.0
d1wkva1.pdb	382	3.585e-87	3420.0
d1ugia_.pdb	83	1.797e-14	674.0
d2d0ta1.pdb	373	5.22e-59	3081.0
d1qd1a1.pdb	179	1.034e-44	1643.0
d2g40a1.pdb	164	9.38e-40	1464.0
d1hn0a1.pdb	384	2.592e-63	3143.0
d3kucb_.pdb	76	2.213e-17	672.0
d1chma2.pdb	246	1.594e-55	2178.0
d1w36c1.pdb	347	7.396e-71	2913.0
d1o17a1.pdb	70	3.064e-11	456.0
d1q15a1.pdb	287	1.807e-50	2468.0
d1mjha_.pdb	143	6.008e-29	1072.0
d1mila_.pdb	104	7.895e-24	890.0
d1ta3a_.pdb	274	3.869e-58	2412.0
d1nbaa_.pdb	253	3.14e-56	2139.0
d1aym3_.pdb	238	7.048e-49	2063.0
d1weoa_.pdb	93	6.031e-20	708.0
d1wf9a1.pdb	94	1.313e-22	825.0
d1yq2a4.pdb	302	9.238e-63	2810.0
d1kk8a2.pdb	745	0.0	6347.0
d1cc8a_.pdb	72	9.279e-16	590.0
d1jqra_.pdb	174	1.664e-38	1528.0
d1leha2.pdb	134	1.855e-31	1156.0
d1yt8a2.pdb	101	3.467e-22	816.0
d2pf1a2.pdb	30	1.513e-05	196.0
d2pfsa_.pdb	125	7.104e-26	960.0
d1n2aa1.pdb	121	1.192e-18	828.0
d1nwba_.pdb	101	1.99e-22	827.0
d1ufaa1.pdb	105	2.25e-15	734.0
d1zmba1.pdb	282	2.656e-61	2390.0
d1v5pa_.pdb	126	1.438e-27	1115.0
d2inpl_.pdb	83	1.624e-17	704.0
d3i4wa_.pdb	97	2.934e-20	824.0
d1g40a1.pdb	64	2.61e-12	498.0
d1i7ka_.pdb	146	1.912e-32	1212.0
d1s35a1.pdb	106	1.379e-15	664.0
d1vhza_.pdb	186	5.617e-38	1607.0
d3b7la_.pdb	343	1.597e-48	2651.0
d1tdha2.pdb	130	4.286e-24	1127.0
d2ljra2.pdb	79	8.135e-17	620.0
d3hcna_.pdb	359	8.064e-78	3103.0
d3ldqb_.pdb	111	2.98e-15	628.0
d1n1ca_.pdb	199	1.207e-31	1333.0
d1th0a_.pdb	226	4.711e-50	1970.0
d1ckva_.pdb	141	6.38e-27	1144.0
d1m6sa_.pdb	343	9.686e-77	3041.0
d1oj4a2.pdb	120	2.851e-26	963.0
d1w9ha1.pdb	297	7.877e-66	2596.0
d1pbua_.pdb	162	4.137e-36	1393.0
d1x1ta_.pdb	236	5.442e-51	1969.0
d1ox0a2.pdb	158	1.333e-36	1357.0
d2biba1.pdb	232	5.506e-47	2134.0
d3bi1a1.pdb	155	7.521e-25	1158.0
d1jhfa2.pdb	126	1.74e-24	1133.0
d1wiaa_.pdb	95	5.137e-21	776.0
d2c8ma_.pdb	241	8.064e-58	2149.0
d1iuka_.pdb	136	2.736e-30	1140.0
d1xb2b3.pdb	109	1.326e-25	935.0
d2cpta1.pdb	104	9.861e-15	656.0
d3f1pa_.pdb	114	3.686e-24	1038.0
d1ihga1.pdb	169	8.977e-24	1191.0
d1svpa_.pdb	160	1.327e-31	1442.0
d2hg7a1.pdb	60	9.9e-13	460.0
d2np5a1.pdb	69	5.292e-10	449.0
d2pjqa1.pdb	206	2.091e-32	1550.0
d1h32a2.pdb	111	1.537e-25	929.0
d1jjcb1.pdb	77	3.198e-16	601.0
d1mjna_.pdb	179	5.435e-40	1490.0
d2iqia1.pdb	173	1.922e-39	1525.0
d1mb6a_.pdb	35	1.653e-07	297.0
d1ml9a_.pdb	260	1.254e-63	2432.0
d1v04a_.pdb	332	1.434e-67	3093.0
d2v1ra_.pdb	67	7.923e-13	584.0
d3k4ua_.pdb	233	4.632e-53	1999.0
d1vhya2.pdb	170	8.512e-38	1484.0
d3poza_.pdb	293	6.512e-59	2525.0
d1zbxb1.pdb	118	5.965e-27	1032.0
d2glia4.pdb	31	1.791e-05	207.0
d2gova1.pdb	184	3.87e-39	1665.0
d1kq3a_.pdb	364	2.078e-72	3136.0
d1jmca2.pdb	122	1.742e-24	1051.0
d1ux5a_.pdb	411	1.149e-57	3076.0
d1d2sa_.pdb	170	8.652e-36	1648.0
d1sa3a_.pdb	262	1.393e-61	2265.0
d3aiaa_.pdb	200	5.014e-47	1750.0
d1nkpb_.pdb	83	6.382e-13	448.0
d1ohea1.pdb	157	8.919e-34	1307.0
d1x5ya1.pdb	98	6.504e-19	892.0
d2nyva_.pdb	217	7.444e-45	1750.0
d1qo8a1.pdb	101	9.915e-22	806.0
d1qpoa1.pdb	169	4.402e-37	1387.0
d3k40a_.pdb	448	1.097e-91	3854.0
d1q8ia2.pdb	332	1.963e-67	2780.0
d2joza1.pdb	126	2.96e-22	1030.0
d1h7sa1.pdb	128	3.72e-31	1124.0
d1ofux_.pdb	118	1.704e-25	968.0
d2erfa_.pdb	209	3.05e-46	1923.0
d1l8qa2.pdb	213	4.019e-43	1671.0
d2wyta_.pdb	153	1.668e-31	1370.0
d1k32a3.pdb	360	1.855e-72	3376.0
d3beca2.pdb	259	1.909e-56	2283.0
d1whqa_.pdb	99	2.505e-19	766.0
d2fdna_.pdb	55	4.164e-12	451.0
d2foka4.pdb	193	4.972e-42	1647.0
d1prtb2.pdb	86	5.066e-20	748.0
d1rhca_.pdb	330	8.871e-77	2958.0
d1qzza1.pdb	91	5.606e-18	681.0
d1t94a1.pdb	97	1.777e-19	808.0
d2fh1a2.pdb	96	1.56e-21	820.0
d2shpa1.pdb	279	2.326e-59	2362.0
d1u4ga_.pdb	298	1.349e-68	2697.0
d3akya1.pdb	180	2.957e-37	1420.0
d1yqya2.pdb	286	3.379e-58	2336.0
d1nnha_.pdb	293	8.977e-69	2568.0
d2nn6f1.pdb	128	3.146e-29	1115.0
d3k34a_.pdb	258	3.917e-63	2483.0
d1y0na_.pdb	71	2.647e-13	508.0
d1zjka2.pdb	53	3.451e-10	427.0
d2e50a1.pdb	182	3.566e-34	1293.0
d2vnud1.pdb	95	1.037e-19	796.0
d1dcfa_.pdb	133	7.023e-30	1083.0
d1vzya1.pdb	233	1.81e-54	2123.0
d2fzpa1.pdb	125	4.277e-30	1069.0
d2uubn1.pdb	60	8.272e-13	434.0
d2uubr1.pdb	70	1.112e-13	515.0
d3c10a1.pdb	383	5.598e-87	3436.0
d1ppjb2.pdb	204	7.719e-42	1697.0
d2idob_.pdb	75	4.826e-12	517.0
d2oola1.pdb	194	4.624e-44	1656.0
d1ni7a_.pdb	149	3.247e-27	1137.0
d1ucra_.pdb	74	1.218e-14	545.0
d1xhba1.pdb	131	2.438e-26	1182.0
d1vp2a_.pdb	189	1.572e-43	1589.0
d2olua1.pdb	208	3.465e-39	1658.0
d1imta1.pdb	36	1.015e-07	291.0
d1j5xa_.pdb	319	3.218e-66	2711.0
d1ig3a2.pdb	169	2.288e-37	1377.0
d2nllb_.pdb	103	2.244e-21	768.0
d2vgna1.pdb	122	2.915e-24	1043.0
d1itua_.pdb	369	4.631e-77	3205.0
d1ciya2.pdb	206	1.573e-39	1822.0
d1vi6a_.pdb	193	3.83e-43	1650.0
d1q59a_.pdb	172	7.358e-28	1362.0
d1wqjb1.pdb	80	5.049e-18	699.0
d1xvla1.pdb	279	5.941e-58	2410.0
d1vf8a1.pdb	302	1.738e-66	2618.0
d1tqza1.pdb	133	1.721e-25	1128.0
d2i0ka2.pdb	216	5.236e-50	1952.0
d1jkxa_.pdb	209	1.532e-47	1783.0
d2ffja1.pdb	267	5.969e-54	2137.0
d1tfea_.pdb	142	1.37e-32	1169.0
d1ys1x_.pdb	320	2.045e-73	2824.0
d2pkgc1.pdb	80	6.984e-16	612.0
d2q66a2.pdb	197	2.604e-42	1584.0
d1feca2.pdb	117	1.337e-27	1035.0
d1tota1.pdb	52	2.537e-11	435.0
d1tyya_.pdb	297	1.503e-67	2720.0
d1k8ke_.pdb	174	9.399e-33	1404.0
d1s7ja_.pdb	260	6.095e-62	2467.0
d3duka_.pdb	125	5.018e-29	1118.0
d1kfwa1.pdb	374	6.104e-87	3351.0
d1fada_.pdb	95	2.067e-16	671.0
d1gl4a1.pdb	233	6.643e-53	2276.0
d2cpia1.pdb	89	1.487e-19	719.0
d2oq0a1.pdb	88	1.331e-16	745.0
d1dlja2.pdb	196	1.852e-42	1664.0
d2hgsa4.pdb	370	1.065e-80	3194.0
d1vmoa_.pdb	163	2.362e-32	1544.0
d3qraa_.pdb	152	6.587e-33	1432.0
d1n62c1.pdb	109	2.052e-23	924.0
d1vk3a3.pdb	163	2.09e-37	1371.0
d2r85a1.pdb	99	4.5e-22	803.0
d1cqxa3.pdb	142	2.4e-31	1216.0
d1v3wa_.pdb	173	3.338e-33	1504.0
d2ahra1.pdb	104	2.119e-14	567.0
d2bjua1.pdb	329	3.258e-72	3148.0
d1kk8a1.pdb	48	7.005e-08	365.0
d1ohfa_.pdb	539	0.0	5103.0
d1r8ja2.pdb	129	2.554e-28	1068.0
d2ouxa2.pdb	127	3.658e-28	1033.0
d3o79a_.pdb	97	7.526e-20	746.0
d1cp2a_.pdb	269	4.505e-58	2303.0
d1s14a_.pdb	168	5.801e-42	1576.0
d2v8qe2.pdb	159	1.449e-35	1272.0
d1autl1.pdb	48	1.242e-10	363.0
d1cs1a_.pdb	384	9.339e-90	3425.0
d1giqa1.pdb	207	6.228e-45	1748.0
d1vlia2.pdb	286	3.435e-62	2386.0
d1u0sa_.pdb	86	2.033e-18	684.0
d2bsya1.pdb	113	1.823e-23	1041.0
d1a8la2.pdb	107	2.97e-24	906.0
d1l9xa_.pdb	288	9.866e-70	2606.0
d1k3ra1.pdb	71	1.704e-14	600.0
d1ryja_.pdb	70	1.445e-14	597.0
d1wwra1.pdb	151	2.215e-36	1297.0
d2uyza1.pdb	156	9.302e-33	1303.0
d1gl5a_.pdb	67	2.687e-14	591.0
d1k47a1.pdb	185	1.198e-40	1606.0
d1zxta_.pdb	69	4.185e-16	592.0
d2ci1a_.pdb	275	6.298e-62	2392.0
d1p4ca_.pdb	353	1.854e-80	3100.0
d1u6ma_.pdb	189	1.412e-39	1593.0
d1udza_.pdb	179	4.128e-42	1595.0
d2hqya1.pdb	164	1.673e-34	1303.0
d1f2na_.pdb	189	8.151e-44	1778.0
d1tdqa2.pdb	92	1.166e-16	791.0
d2dt6a1.pdb	63	9.399e-11	439.0
d2fxaa1.pdb	156	7.981e-27	1084.0
d2zgya2.pdb	163	3.231e-34	1313.0
d1pm3a_.pdb	69	4.744e-16	573.0
d1rwua_.pdb	87	5.559e-20	767.0
d2btva_.pdb	845	0.0	7529.0
d1ji6a2.pdb	212	3.423e-41	1946.0
d2g30a1.pdb	120	3.64e-23	1105.0
d1bqua2.pdb	113	2.893e-24	1064.0
d1mvha_.pdb	269	1.085e-62	2420.0
d2al3a1.pdb	76	1.803e-18	680.0
d2gtra_.pdb	258	4.881e-54	2173.0
d1p5dx4.pdb	96	1.042e-20	813.0
d1y1pa1.pdb	342	9.734e-76	3030.0
d1twfi2.pdb	72	1.165e-14	563.0
d1x68a2.pdb	34	1.143e-06	247.0
d2x4da_.pdb	270	3.678e-63	2370.0
d1yzfa1.pdb	195	7.952e-44	1659.0
d1lmb3_.pdb	87	7.237e-14	615.0
d1okga1.pdb	156	1.399e-36	1326.0
d2ae6a1.pdb	148	3.856e-30	1248.0
d4mt2a_.pdb	61	3.956e-14	437.0
d4ubpb_.pdb	122	2.851e-27	1047.0
d1m2tb2.pdb	126	1.875e-26	1147.0
d1tc5a_.pdb	187	4.951e-44	1691.0
d2imja1.pdb	155	4.105e-34	1366.0
d2yc2a_.pdb	132	9.49e-29	1213.0
d1in0a1.pdb	88	2.616e-16	611.0
d1nyra2.pdb	59	2.799e-13	506.0
d1o65a_.pdb	218	1.018e-51	1968.0
d2c2la1.pdb	201	2.241e-27	1363.0
d2qyha_.pdb	256	2.905e-58	2258.0
d1xhca3.pdb	57	1.079e-10	456.0
d2g8ma_.pdb	264	1.514e-65	2385.0
d1j6wa_.pdb	161	1.257e-36	1362.0
d1zhva1.pdb	60	6.221e-12	458.0
d1jlya2.pdb	146	1.146e-30	1326.0
d1w7ca2.pdb	127	8.247e-23	992.0
d2guya1.pdb	95	4.921e-18	837.0
d1fnoa4.pdb	295	3.554e-69	2610.0
d2g45a_.pdb	117	8.366e-26	956.0
d2pl1a_.pdb	121	1.643e-24	898.0
d1k1ea_.pdb	177	1.769e-38	1502.0
d2cf7a_.pdb	156	2.897e-24	1134.0
d3q72a_.pdb	138	4.138e-31	1143.0
d1sh1a_.pdb	48	1.643e-10	400.0
d3bsoa_.pdb	479	3.563e-102	4277.0
d2k49a1.pdb	52	1.085e-09	375.0
d2rkqa_.pdb	169	3.765e-39	1458.0
d1h6da1.pdb	221	7.726e-51	1852.0
d2j9la1.pdb	162	1.085e-37	1386.0
d1edha2.pdb	112	5.044e-24	1050.0
d1pvc1_.pdb	279	2.043e-56	2418.0
d2nrac2.pdb	117	1.423e-24	939.0
d1de4c2.pdb	193	7.102e-46	1727.0
d1s69a_.pdb	123	1.195e-18	907.0
d1uaia_.pdb	223	1.032e-47	2176.0
d2y5ca_.pdb	107	6.254e-25	942.0
d1bvsa1.pdb	49	5.98e-07	305.0
d1cvra1.pdb	82	3.365e-16	745.0
d1jmab2.pdb	44	4.207e-09	360.0
d1m33a_.pdb	256	1.48e-59	2230.0
d1ac0a_.pdb	108	9.475e-23	993.0
d1kp8a3.pdb	97	6.184e-19	785.0
d1u46a_.pdb	255	2.841e-54	2226.0
d2yyua_.pdb	225	6.876e-48	1948.0
d1m5xa_.pdb	161	1.166e-31	1297.0
d2auaa1.pdb	192	1.561e-42	1627.0
d3t7ya_.pdb	94	1.22e-20	775.0
d1jz8a1.pdb	114	7.702e-22	1044.0
d1x61a2.pdb	32	8.516e-06	234.0
d1xipa_.pdb	367	1.283e-72	3462.0
d1l5ja2.pdb	212	6.511e-51	1876.0
d2f0ca2.pdb	46	7.574e-06	231.0
d2fbjh2.pdb	102	5.709e-19	881.0
d3mxma_.pdb	226	3.134e-50	1949.0
d1a6ja_.pdb	150	7.86e-35	1251.0
d1mv8a1.pdb	98	3.649e-17	642.0
d1ne9a2.pdb	171	1.831e-36	1399.0
d2bj7a1.pdb	50	2.203e-07	238.0
d2bo9b1.pdb	98	4.253e-18	819.0
d2zkmx1.pdb	139	3.05e-23	1052.0
d1clca2.pdb	100	2.744e-18	865.0
d1lk5a1.pdb	149	3.416e-32	1253.0
d2cmyb1.pdb	21	0.003122	123.0
d2cmza1.pdb	409	2.264e-87	3771.0
d1v9ya_.pdb	103	4.055e-22	896.0
d2f6mb_.pdb	107	6.514e-16	680.0
d2j01s1.pdb	86	1.706e-18	715.0
d3c0na1.pdb	83	2.609e-18	710.0
d1dn0b2.pdb	96	6.989e-19	856.0
d1ta8a_.pdb	313	2.886e-69	2748.0
d1a9xa3.pdb	127	1.71e-28	1049.0
d1tula_.pdb	102	1.082e-20	927.0
d2gj4a_.pdb	803	0.0	7102.0
d2d5ba2.pdb	348	1.002e-78	3087.0
d2efva1.pdb	82	1.468e-16	624.0
d2qv7a1.pdb	299	6.122e-72	2707.0
d2o7ta2.pdb	110	2.213e-17	749.0
d3coka_.pdb	234	1.065e-48	2009.0
d1r29a_.pdb	122	9.99e-26	944.0
d1w4xa2.pdb	235	8.168e-52	1951.0
d1a7ta_.pdb	227	1.291e-53	2073.0
d1z60a1.pdb	59	7.623e-13	497.0
d2a5sa1.pdb	276	1.267e-67	2501.0
d1ihua1.pdb	290	1.029e-59	2432.0
d1ug3a2.pdb	127	6.63e-20	931.0
d1zt2a1.pdb	327	1.146e-75	2953.0
d1n0ua5.pdb	114	1.393e-23	926.0
d1umqa_.pdb	60	1.092e-09	380.0
d1vfha2.pdb	237	9.46e-48	1993.0
d1hc1a2.pdb	259	1.261e-50	2153.0
d1qusa_.pdb	312	9.84e-58	2648.0
d1alua_.pdb	157	4.824e-22	1097.0
d1rx0a1.pdb	153	3.665e-21	1058.0
d2cb8a_.pdb	86	1.627e-13	622.0
d1mpya2.pdb	162	1.168e-38	1508.0
d1yk4a_.pdb	52	1.87e-11	421.0
d1yqya1.pdb	226	2.696e-41	1787.0
d1dqua_.pdb	513	4.504e-100	4320.0
d1r53a_.pdb	287	2.136e-65	2577.0
d3e05a_.pdb	188	1.008e-42	1595.0
d1ydua1.pdb	169	3.527e-32	1370.0
d2pmka1.pdb	241	1.948e-55	2079.0
d1qbaa1.pdb	105	7.864e-20	842.0
d1yioa1.pdb	70	1.448e-10	447.0
d1ogmx2.pdb	373	1.405e-67	3427.0
d1xrka_.pdb	120	4.793e-29	1093.0
d2qtva4.pdb	142	2.402e-31	1170.0
d1e5ba_.pdb	87	6.935e-16	760.0
d1mwva2.pdb	308	2.94e-56	2586.0
d3clsd1.pdb	192	5.55e-41	1619.0
d1tdja2.pdb	88	1.774e-17	705.0
d2bcqa2.pdb	57	5.446e-10	422.0
d2fc6a1.pdb	37	1.065e-07	274.0
d2ffga1.pdb	78	1.089e-15	589.0
d2b78a2.pdb	308	4.355e-72	2784.0
d1sxjb1.pdb	92	2.041e-14	630.0
d1ujra_.pdb	110	6.781e-23	898.0
d2ftsa2.pdb	181	8.642e-44	1593.0
d1ansa_.pdb	27	2.417e-06	222.0
d1aoca_.pdb	175	3.526e-38	1516.0
d1q5na_.pdb	431	5.002e-64	3364.0
d1fxla1.pdb	82	5.256e-19	692.0
d1ouwa_.pdb	149	1.089e-28	1337.0
d2f7fa2.pdb	137	5.213e-30	1153.0
d3c8ya2.pdb	126	2.159e-27	1050.0
d1cr5a2.pdb	96	4.512e-21	846.0
d1ixra2.pdb	62	5.361e-13	549.0
d1repc2.pdb	103	1.658e-21	813.0
d1vqqa1.pdb	112	1.341e-22	916.0
d2f23a1.pdb	75	1.579e-11	470.0
d2nqda_.pdb	109	1.922e-23	999.0
d1by5a_.pdb	697	0.0	6263.0
d2yvaa_.pdb	193	4.457e-38	1564.0
d1p3wa_.pdb	385	6.804e-84	3399.0
d1y74a1.pdb	57	3.476e-08	328.0
d2af4c_.pdb	332	3.464e-70	2838.0
d1yb1a_.pdb	243	7.36e-53	2079.0
d1s55a_.pdb	156	5.359e-32	1480.0
d2csoa1.pdb	115	1.988e-25	942.0
d2j9ub1.pdb	47	2.011e-09	368.0
d2p02a3.pdb	144	2.221e-32	1188.0
d3i3qa_.pdb	203	1.898e-47	1953.0
d1repc1.pdb	111	4.019e-24	918.0
d1vpla_.pdb	238	8.296e-54	2061.0
d3bzwa1.pdb	248	3.64e-58	2184.0
d2fcka1.pdb	174	1.537e-39	1517.0
d1duvg1.pdb	150	3.093e-31	1213.0
d1tkja_.pdb	277	1.347e-64	2488.0
d1k4za_.pdb	157	7.604e-30	1303.0
d1st9a_.pdb	137	7.426e-32	1188.0
d2cuna_.pdb	405	3.078e-80	3501.0
d3g63a_.pdb	372	3.406e-90	3276.0
d1rl1a_.pdb	92	2.153e-17	784.0
d1yp2a1.pdb	135	2.344e-27	1213.0
d1eo0a_.pdb	77	1.374e-10	464.0
d1h97a_.pdb	147	8.479e-23	1096.0
d1r46a1.pdb	98	4.909e-20	875.0
d1zhxa_.pdb	436	3.815e-86	3739.0
d1s9aa_.pdb	256	7.214e-57	2255.0
d3bvua1.pdb	111	4.139e-17	776.0
d1fita_.pdb	126	3.955e-28	1030.0
d1oota_.pdb	58	8.869e-12	507.0
d1qzea1.pdb	41	3.167e-07	284.0
d1ra0a1.pdb	103	4.998e-23	888.0
d2i0xa1.pdb	84	1.187e-17	634.0
d3l18a_.pdb	168	4.431e-40	1509.0
d1vrba1.pdb	302	1.242e-63	2549.0
d1dcea1.pdb	334	7.054e-48	2371.0
d1ucta1.pdb	95	7.3e-20	895.0
d2hc1a_.pdb	290	2.122e-64	2561.0
d1stza1.pdb	87	3.572e-17	630.0
d2ayua1.pdb	283	3.396e-53	2202.0
d1byfa_.pdb	123	9.34e-28	1082.0
d1n4qb_.pdb	346	7.416e-64	3021.0
d2ckxa1.pdb	83	3.431e-13	611.0
d2hgka1.pdb	109	2.113e-17	812.0
d2v1ma_.pdb	163	6.362e-39	1432.0
d1h67a_.pdb	108	4.239e-17	827.0
d1kxpd2.pdb	190	9.971e-28	1432.0
d1yb0a1.pdb	157	5.98e-41	1370.0
d2mev.1.pdb	58	6.433e-10	319.0
d2o3la1.pdb	82	6.191e-12	525.0
d3bwuc1.pdb	116	2.96e-22	1079.0
d1i2ka_.pdb	269	6.379e-63	2447.0
d1eu8a_.pdb	407	9.411e-87	3611.0
d3mmsa_.pdb	225	1.029e-52	2015.0
d1xpaa2.pdb	36	1.476e-08	304.0
d1xx7a_.pdb	172	3.174e-24	1191.0
d2p3xa_.pdb	339	5.397e-72	2955.0
d1gkub3.pdb	532	0.0	4737.0
d1qd6.1.pdb	13	0.6132	63.0
d1qdda_.pdb	144	2.574e-31	1262.0
d2asba1.pdb	76	3.975e-15	671.0
d2o8pa1.pdb	220	6.064e-30	1491.0
d2fug51.pdb	191	2.869e-42	1649.0
d1avwb_.pdb	171	8.636e-34	1574.0
d1vloa1.pdb	90	4.455e-16	757.0
d2ggca_.pdb	263	1.857e-60	2371.0
d1qama_.pdb	235	8.697e-53	1998.0
d1cxxa2.pdb	31	1.669e-05	219.0
d1ddwa_.pdb	111	1.629e-21	988.0
d1nsla_.pdb	176	9.819e-43	1539.0
d2c40a_.pdb	302	4.185e-69	2706.0
d2d7pa1.pdb	99	1.9e-19	865.0
d3rnme_.pdb	51	6.415e-10	357.0
d1a0tp_.pdb	413	1.864e-78	3655.0
d1z0sa1.pdb	249	4.287e-59	2343.0
d1tuha_.pdb	131	3.485e-27	1115.0
d2bd0a1.pdb	240	5.914e-53	2066.0
d1v3fa_.pdb	120	8.182e-26	938.0
d2ahfa_.pdb	377	3.346e-66	3282.0
d1saza1.pdb	172	5.09e-39	1442.0
d3amra_.pdb	352	6.558e-73	3335.0
d1yeya1.pdb	248	1.754e-54	2172.0
d1zmec1.pdb	36	5.902e-07	262.0
d1zmoa_.pdb	243	5.493e-56	2074.0
d1sz7a_.pdb	159	1.307e-31	1272.0
d2fyta1.pdb	311	1.054e-75	2847.0
d1zq9a1.pdb	278	7.479e-65	2396.0
d1r8ia_.pdb	187	1.417e-25	1264.0
d1xo8a_.pdb	151	8.889e-30	1343.0
d3rdra_.pdb	153	2.656e-37	1364.0
d1kw4a_.pdb	70	1.752e-12	506.0
d1mlaa1.pdb	235	1.677e-48	2061.0
d2qa0a_.pdb	519	0.0	4781.0
d2aeua1.pdb	366	1.209e-73	3133.0
d2fe0a1.pdb	131	1.032e-25	1141.0
d1axha_.pdb	37	4.949e-08	314.0
d1bo4a_.pdb	137	7.053e-31	1201.0
d1p1ja2.pdb	115	6.984e-26	983.0
d1wela1.pdb	112	1.616e-23	924.0
d2hs5a2.pdb	138	7.363e-21	961.0
d3k1ea_.pdb	124	4.001e-23	1011.0
d1iwga1.pdb	97	6.258e-21	810.0
d2ozga2.pdb	283	4.04e-68	2611.0
d1ti6a1.pdb	147	1.46e-35	1346.0
d1yksa2.pdb	291	5.274e-67	2585.0
d1h2ba2.pdb	172	7.15e-36	1408.0
d1zj8a4.pdb	165	1.944e-39	1462.0
d2yaya_.pdb	257	9.876e-38	2014.0
d1pjqa3.pdb	102	5.748e-18	713.0
d1r11a3.pdb	58	5.275e-11	399.0
d1s7ea1.pdb	50	5.094e-09	365.0
d1smpi_.pdb	100	1.812e-20	928.0
d2ez9a1.pdb	183	1.13e-39	1539.0
d1js8a1.pdb	281	3.823e-53	2386.0
d1zd3a2.pdb	322	2.551e-76	2930.0
d1n2za_.pdb	245	2.294e-56	2124.0
d1e9ga_.pdb	284	1.935e-63	2562.0
d1vq8x1.pdb	82	4.075e-19	680.0
d2aiba1.pdb	98	2.185e-17	753.0
d2ikba1.pdb	163	5.643e-27	1266.0
d3kwua1.pdb	133	1.642e-26	1228.0
d1sbxa_.pdb	106	2.201e-21	859.0
d2bkya_.pdb	89	7.897e-20	718.0
d3kzga_.pdb	228	1.115e-52	1967.0
d1u04a2.pdb	410	1.496e-91	3631.0
d1x5ja1.pdb	100	4.789e-19	885.0
d2hgxa_.pdb	356	1.316e-82	3284.0
d1w0pa3.pdb	364	8.52e-77	3541.0
d1ivsa2.pdb	218	6.228e-37	1705.0
d2ihoa2.pdb	138	1.338e-31	1220.0
d1cy5a_.pdb	92	2.359e-14	667.0
d1kcgc_.pdb	170	1.706e-37	1519.0
d1i39a_.pdb	200	2.751e-41	1624.0
d2b5ea1.pdb	140	6.582e-31	1155.0
d2olra1.pdb	313	9.981e-75	2820.0
d1kn6a_.pdb	73	6.076e-17	607.0
d1tb3a1.pdb	332	1.3e-72	2872.0
d1ojta1.pdb	229	5.98e-54	1967.0
d1zkia1.pdb	126	5.202e-29	1104.0
d3e9nd_.pdb	180	2.328e-39	1485.0
d1yz4a_.pdb	159	7.767e-33	1324.0
d1auaa2.pdb	203	1.54e-44	1681.0
d1kw3b1.pdb	132	4.068e-31	1190.0
d1tyeb3.pdb	57	4.586e-12	444.0
d1u7la_.pdb	364	1.616e-69	2945.0
d1hbnc_.pdb	247	1.302e-54	2081.0
d1vcha1.pdb	168	9.012e-40	1518.0
d1cg2a2.pdb	113	8.339e-29	967.0
d1of8a_.pdb	339	2.671e-72	2982.0
d1q7ha1.pdb	85	2.757e-20	691.0
d1ufza_.pdb	83	8.956e-13	528.0
d1vc1a_.pdb	110	2.692e-23	849.0
d1qpza1.pdb	57	8.82e-09	374.0
d1rw1a_.pdb	114	3.271e-25	932.0
d1w8ia_.pdb	155	5.407e-30	1203.0
d3bwga2.pdb	145	2.375e-28	1250.0
d1nrwa_.pdb	285	1.579e-65	2457.0
d1jb0f_.pdb	141	2.896e-24	1018.0
d1lama1.pdb	325	2.234e-73	2935.0
d2vhka_.pdb	206	7.31e-49	2016.0
d1hfua1.pdb	131	1.337e-32	1317.0
d1uw4b_.pdb	248	4.822e-36	1904.0
d1rg8a_.pdb	141	4.471e-28	1263.0
d2fx0a1.pdb	73	3.794e-11	495.0
d2nt2a_.pdb	142	1.614e-32	1227.0
d1hw7a_.pdb	229	4.176e-48	2007.0
d2hxva2.pdb	147	4.505e-36	1282.0
d1acwa_.pdb	29	3.495e-06	217.0
d1cqxa2.pdb	111	6.35e-22	1027.0
d1r3sa_.pdb	356	7.355e-71	3139.0
d1u1ia1.pdb	287	3.042e-58	2476.0
d1r4xa2.pdb	111	3.101e-22	942.0
d1wjna_.pdb	97	9.587e-22	833.0
d2dewx3.pdb	370	4.797e-87	3353.0
d1lara1.pdb	317	1.079e-70	2767.0
d3ag3a_.pdb	514	8.153e-76	4192.0
d1ylea1.pdb	326	6.887e-75	2958.0
d1sura_.pdb	215	2.361e-48	1821.0
d3r0sa_.pdb	252	6.892e-47	2240.0
d1hbxg_.pdb	112	5.504e-24	881.0
d1kkha2.pdb	137	9.692e-28	1028.0
d1t77a2.pdb	110	3.426e-22	979.0
d1twya_.pdb	249	6.736e-56	2127.0
d3s4ka_.pdb	124	4.54e-30	1100.0
d1iqca2.pdb	158	6.396e-32	1233.0
d1pj5a4.pdb	315	3.064e-74	2887.0
d1j3ba2.pdb	204	1.54e-46	1775.0
d1wg5a_.pdb	104	3.809e-23	856.0
d2f8ja_.pdb	335	1.911e-73	2847.0
d2fug34.pdb	143	8.466e-33	1201.0
d2qi2a1.pdb	104	4.329e-20	906.0
d1f9za_.pdb	128	2.844e-29	1119.0
d1o17a2.pdb	269	2.457e-53	2273.0
d1fnfa2.pdb	91	9.302e-17	795.0
d1r55a_.pdb	203	1.92e-48	1792.0
d2k2na1.pdb	170	1.017e-37	1412.0
d1eema2.pdb	98	9.516e-23	826.0
d1juva_.pdb	193	4.984e-46	1805.0
d2bmfa1.pdb	136	4.549e-29	1082.0
d2nn6i2.pdb	55	1.764e-11	458.0
d2w0pa_.pdb	93	3.029e-18	845.0
d1gkpa1.pdb	123	2.664e-27	1095.0
d2bi7a1.pdb	314	1.716e-70	2669.0
d1iyjb1.pdb	196	1.309e-36	1602.0
d1sgma2.pdb	111	2.905e-16	756.0
d1wvfa1.pdb	279	4.273e-59	2422.0
d1o4ta_.pdb	115	8.03e-24	1105.0
d1woua_.pdb	119	4.715e-28	1045.0
d2ghvc1.pdb	183	2.666e-43	1719.0
d1aoza1.pdb	129	1.377e-30	1283.0
d1nz6a_.pdb	98	2.378e-16	693.0
d1se8a_.pdb	213	5.283e-40	1946.0
d1ju3a1.pdb	223	4.49e-50	2094.0
d1zj8a1.pdb	80	3.087e-17	656.0
d2fpoa1.pdb	177	4.85e-39	1551.0
d1on3a1.pdb	253	1.702e-59	2149.0
d2ifca_.pdb	380	9.865e-56	3009.0
d1vhxa_.pdb	140	1.695e-30	1140.0
d2jcqa_.pdb	149	3.663e-33	1312.0
d1e5qa2.pdb	267	3.301e-62	2395.0
d2choa3.pdb	114	1.103e-27	994.0
d3gp6a_.pdb	155	4.871e-29	1397.0
d1ecwa_.pdb	114	4.609e-21	893.0
d1k5ca_.pdb	333	5.522e-59	2874.0
d1szwa_.pdb	334	1.104e-74	2999.0
d1jyea_.pdb	271	2.897e-61	2378.0
d1e8ca2.pdb	160	4.877e-38	1399.0
d1u0ka1.pdb	129	1.991e-29	1132.0
d2jdia2.pdb	71	1.608e-13	608.0
d3bvua3.pdb	381	3.404e-88	3399.0
d2nn6h3.pdb	120	2.854e-25	969.0
d3cx3a_.pdb	264	6.732e-54	2188.0
d1ow5a_.pdb	60	1.526e-09	411.0
d1qqp.1.pdb	46	1.577e-07	249.0
d1qqp1_.pdb	188	1.448e-37	1585.0
d2hoxa_.pdb	425	2.209e-94	3750.0
d2bl8a1.pdb	93	6.841e-14	635.0
d2foka1.pdb	132	5.474e-28	1073.0
d2pbea2.pdb	118	5.342e-26	986.0
d1bgca_.pdb	158	3.764e-22	1126.0
d1pzwa_.pdb	80	3.182e-15	551.0
d1rxwa1.pdb	101	2.565e-17	717.0
d2zxya_.pdb	86	1.577e-15	655.0
d3dfra_.pdb	162	1.17e-36	1423.0
d1ti6b2.pdb	195	2.244e-45	1723.0
d2b4va2.pdb	259	7.298e-57	2198.0
d1nxua_.pdb	332	4.408e-70	2860.0
d1cpza_.pdb	68	1.626e-15	563.0
d1gpea2.pdb	196	1.794e-42	1716.0
d1wb9a3.pdb	153	5.107e-37	1341.0
d3d19a2.pdb	130	2.64e-21	888.0
d1hd6a_.pdb	37	5.927e-07	263.0
d3b7ea_.pdb	385	1.966e-81	3848.0
d1twfl_.pdb	46	1.907e-07	299.0
d1u5da1.pdb	106	2.603e-22	924.0
d2efka1.pdb	272	1.049e-33	1684.0
d1crka2.pdb	282	1.061e-58	2499.0
d1z91a1.pdb	137	1.211e-23	899.0
d2grga1.pdb	98	2.214e-19	811.0
d3khta_.pdb	132	2.494e-27	1028.0
d1uema_.pdb	117	3.839e-23	1052.0
d2jdih1.pdb	44	2.159e-06	254.0
d1yi9a2.pdb	143	7.072e-30	1326.0
d3a6sa_.pdb	125	2.406e-29	1146.0
d1iyjb3.pdb	116	9.738e-25	1033.0
d1q6ha_.pdb	210	1.619e-40	1616.0
d2lisa_.pdb	131	1.184e-20	976.0
d3pfta_.pdb	156	1.973e-32	1405.0
d1v9fa_.pdb	250	2.892e-59	2293.0
d1b5qa1.pdb	347	9e-79	3100.0
d2fbqa2.pdb	134	4.242e-20	903.0
d2yyba_.pdb	242	2.552e-58	2190.0
d2j0121.pdb	50	6.352e-08	305.0
d2j0151.pdb	59	4.119e-11	410.0
d2j07a2.pdb	170	8.402e-38	1417.0
d1ny5a1.pdb	137	9.195e-27	979.0
d2ccma_.pdb	190	9.595e-32	1523.0
d3ezwa2.pdb	247	1.473e-56	2149.0
d1vkfa_.pdb	172	8.321e-35	1402.0
d3mw9a2.pdb	208	6.011e-48	1766.0
d1vpka1.pdb	120	4.46e-23	994.0
d3etja1.pdb	79	7.333e-17	638.0
d2cyja1.pdb	118	1.197e-26	987.0
d2olua2.pdb	400	4.321e-85	3539.0
d1vr3a1.pdb	179	8.701e-36	1540.0
d3cs0a3.pdb	203	1.586e-39	1787.0
d1sg4a1.pdb	249	2.241e-50	2062.0
d1c01a_.pdb	76	1.354e-15	715.0
d1fp3a_.pdb	402	6.642e-70	3435.0
d2icsa1.pdb	101	6.91e-21	912.0
d1ak0a_.pdb	264	6.397e-42	2160.0
d1sffa_.pdb	425	5.61e-93	3711.0
d1gvha3.pdb	143	2.149e-29	1207.0
d1wjra_.pdb	127	2.845e-28	1071.0
d2cqna1.pdb	64	4.609e-10	435.0
d2ghta_.pdb	180	4.091e-43	1604.0
d1irqa_.pdb	48	9.896e-08	272.0
d1ivsa1.pdb	66	1.258e-08	363.0
d1kloa2.pdb	56	4.087e-14	465.0
d1kmoa_.pdb	661	0.0	5877.0
d1eh9a2.pdb	67	1.796e-12	591.0
d1i58a_.pdb	189	1.918e-42	1627.0
d2oeea1.pdb	92	9.296e-13	484.0
d2ot3a_.pdb	253	1.609e-35	1923.0
d1nxja_.pdb	156	1.545e-33	1431.0
d1yzya1.pdb	412	1.799e-92	3603.0
d2zwia_.pdb	370	2.941e-78	3172.0
d1a6qa2.pdb	295	1.674e-67	2726.0
d1z0pa1.pdb	73	5.604e-12	484.0
d2d00a1.pdb	104	1.78e-20	729.0
d2o8la1.pdb	216	2.492e-46	2020.0
d1q2la3.pdb	240	5.236e-52	2062.0
d1x0ha1.pdb	100	1.973e-20	814.0
d2gdza1.pdb	254	3.478e-55	2136.0
d2euia1.pdb	153	1.57e-32	1197.0
d1cvja1.pdb	80	1.538e-18	692.0
d1i8oa_.pdb	114	3.318e-23	914.0
d1owfb_.pdb	94	1.736e-19	738.0
d1xr4a1.pdb	236	3.976e-52	1967.0
d1jb0l_.pdb	151	1.011e-24	1158.0
d1svia_.pdb	182	3.652e-40	1496.0
d1ei1a2.pdb	219	2.736e-52	1993.0
d1evha_.pdb	111	5.53e-22	1009.0
d1tvfa1.pdb	68	4.597e-13	588.0
d1weqa_.pdb	85	1.295e-16	636.0
d1woha_.pdb	303	2.251e-68	2641.0
d1v4ra1.pdb	100	1.69e-21	773.0
d1zj8a2.pdb	152	6.567e-34	1295.0
d2j9ua_.pdb	94	6.468e-16	636.0
d3e5ua2.pdb	139	4.539e-29	1188.0
d1k99a_.pdb	91	2.723e-16	634.0
d1kp8a1.pdb	252	3.94e-41	1973.0
d1ag7a_.pdb	34	3.415e-06	246.0
d1b5ea_.pdb	241	3.406e-57	2106.0
d1sw6a_.pdb	254	9.839e-47	2113.0
d2fomb1.pdb	150	1.261e-29	1362.0
d1e7ua1.pdb	196	2.138e-30	1492.0
d1ohwa_.pdb	461	2.436e-100	4062.0
d1vi0a2.pdb	117	2.344e-16	783.0
d1yvia1.pdb	139	3.764e-20	955.0
d2saka_.pdb	121	3.334e-27	1080.0
d1g0da3.pdb	101	1.209e-18	923.0
d1yrka_.pdb	126	1.83e-24	1130.0
d3rzia_.pdb	453	7.177e-95	3907.0
d1c3za_.pdb	108	9.098e-18	796.0
d1ej2a_.pdb	167	1.875e-36	1399.0
d2bykb1.pdb	89	2.618e-13	502.0
d2dkja_.pdb	402	3.702e-90	3517.0
d2ef5a_.pdb	273	1.182e-54	2375.0
d2fh1a3.pdb	104	9.722e-24	903.0
d3ff7c_.pdb	112	1.665e-23	1020.0
d1bkba2.pdb	65	3.559e-12	547.0
d1wtya_.pdb	116	1.502e-16	783.0
d2exna1.pdb	128	2.394e-28	1132.0
d3dtca_.pdb	245	2.146e-51	2100.0
d1uw4a_.pdb	91	2.178e-17	742.0
d2affa1.pdb	98	1.257e-20	913.0
d2ofya1.pdb	82	3.617e-12	571.0
d2zcta_.pdb	236	9.219e-53	2039.0
d1viba_.pdb	55	8.511e-09	377.0
d1x4pa1.pdb	53	4.09e-08	346.0
d1xdpa3.pdb	187	1.936e-42	1646.0
d1tfza2.pdb	205	1.165e-47	1829.0
d3mv4a_.pdb	200	4.095e-46	1890.0
d1pn0a1.pdb	360	3.142e-79	3165.0
d1j4aa2.pdb	134	3.304e-30	1160.0
d2ctka1.pdb	91	9.731e-18	676.0
d2r8oa3.pdb	136	8.96e-31	1121.0
d1mi8a_.pdb	141	3.76e-30	1281.0
d1zq1c2.pdb	131	8.53e-28	1055.0
d2q0ta1.pdb	257	2.034e-35	1856.0
d1o50a3.pdb	138	2.007e-31	1143.0
d1xm9a1.pdb	420	8.417e-53	3272.0
d1rwta_.pdb	218	3.311e-40	1650.0
d1vm7a_.pdb	299	1.764e-66	2647.0
d1v7wa1.pdb	509	2.026e-101	4593.0
d1t0ba_.pdb	240	5.613e-56	2159.0
d1chua3.pdb	116	6.998e-25	950.0
d1h9ra2.pdb	62	2.106e-11	502.0
d1oo0a_.pdb	144	4.566e-30	1224.0
d2bi0a1.pdb	178	3.657e-35	1514.0
d1c7na_.pdb	394	1.887e-86	3482.0
d2scpa_.pdb	174	7.387e-29	1393.0
d1exha_.pdb	110	1.284e-22	1029.0
d1t3ta2.pdb	262	1.001e-63	2354.0
d3h79a_.pdb	115	3.052e-26	967.0
d1l6wa_.pdb	220	3.643e-47	1784.0
d3feaa_.pdb	83	4.004e-17	643.0
d1b6aa1.pdb	74	2.602e-16	589.0
d1s6la1.pdb	60	2.17e-11	414.0
d1s7ia_.pdb	124	7.783e-26	1051.0
d2diga1.pdb	55	1.645e-10	449.0
d2g38a1.pdb	77	9.539e-11	455.0
d2o9ca1.pdb	187	5.95e-42	1638.0
d1iv8a1.pdb	67	9.687e-13	592.0
d1qmea3.pdb	82	4.842e-18	702.0
d1t72a_.pdb	215	5.344e-26	1371.0
d2j85a1.pdb	115	2.637e-25	925.0
d1dl6a_.pdb	58	2.619e-11	413.0
d1erda_.pdb	40	3.042e-07	302.0
d1hl9a1.pdb	92	1.022e-16	775.0
d1sroa_.pdb	76	5.735e-17	657.0
d2xwtc_.pdb	234	1.085e-41	2111.0
d1ep3b2.pdb	160	2.855e-38	1436.0
d1u6ka_.pdb	282	2.971e-56	2280.0
d1rp3a2.pdb	71	5.145e-10	411.0
d1st6a7.pdb	137	2.094e-18	897.0
d2dixa1.pdb	73	7.398e-15	576.0
d2r6ja_.pdb	310	2.399e-68	2602.0
d2crba1.pdb	83	3.491e-12	504.0
d2fmla2.pdb	202	1.136e-45	1760.0
d1hbna2.pdb	268	1.104e-54	2183.0
d3nuaa_.pdb	236	3.375e-49	2022.0
d1tkia_.pdb	321	1.694e-68	2796.0
d1k8wa5.pdb	242	1.36e-55	2175.0
d2q3ga_.pdb	89	1.524e-17	737.0
d3l9jc_.pdb	130	2.436e-31	1196.0
d1jg5a_.pdb	83	1.341e-16	736.0
d1rkda_.pdb	306	6.932e-68	2754.0
d1olta_.pdb	434	3.71e-96	3846.0
d1x5fa1.pdb	107	3.416e-21	980.0
d2rcfa1.pdb	82	2.386e-18	739.0
d1eb6a_.pdb	177	2.274e-32	1458.0
d1o98a2.pdb	275	1.805e-65	2496.0
d1cjxa2.pdb	202	6.484e-49	1832.0
d1vdra_.pdb	157	5.236e-35	1350.0
d2wdta_.pdb	204	7.367e-47	1774.0
d1kbla1.pdb	364	6.467e-67	3062.0
d1o7ia_.pdb	115	8.597e-23	1037.0
d1y02a1.pdb	44	1.667e-07	295.0
d1yt8a1.pdb	136	1.494e-30	1118.0
d2ycix_.pdb	271	4.867e-54	2314.0
d3ue2a_.pdb	118	1.479e-24	901.0
d1k8ba_.pdb	52	9.278e-11	409.0
d1mzpa_.pdb	217	5.793e-51	1877.0
d3bu7a1.pdb	355	8.438e-79	3349.0
d1u9ya2.pdb	119	1.085e-22	950.0
d2hzta1.pdb	95	2.986e-17	637.0
d2vv5a2.pdb	101	1.993e-20	771.0
d1ftra1.pdb	148	1.017e-31	1245.0
d1s1fa_.pdb	397	2.173e-72	3441.0
d1i5pa3.pdb	263	2.256e-35	1946.0
d2cy4a1.pdb	129	1.662e-25	1142.0
d1ckqa_.pdb	261	8.129e-57	2252.0
d2e9xb2.pdb	61	9.573e-12	485.0
d2hbja2.pdb	292	1.537e-65	2555.0
d1k07a_.pdb	262	1.031e-63	2322.0
d2it9a1.pdb	119	2.58e-22	982.0
d1cjca2.pdb	230	4.174e-52	1969.0
d1z2ma1.pdb	76	1.982e-17	652.0
d2baia1.pdb	32	3.076e-06	229.0
d2basa2.pdb	145	7.525e-32	1228.0
d1k8ta_.pdb	498	1.013e-98	4159.0
d1uvqa2.pdb	83	3.435e-16	657.0
d1xvsa_.pdb	124	1.875e-24	1121.0
d3ag3g_.pdb	84	2.086e-16	572.0
d3ak8i_.pdb	155	2.7e-23	1081.0
d1jvaa2.pdb	106	2.96e-22	854.0
d1pula1.pdb	103	1.015e-18	756.0
d1vgja_.pdb	184	4.049e-39	1577.0
d1e8ra_.pdb	50	4.734e-11	439.0
d1f1ua2.pdb	176	2.576e-40	1607.0
d1kjwa2.pdb	199	1.357e-46	1686.0
d2pa2a1.pdb	108	1.841e-24	932.0
d1hj9a_.pdb	223	1.429e-46	2017.0
d1vq8u1.pdb	53	2.122e-11	427.0
d1xew.1.pdb	147	2.765e-29	1193.0
d2hoea1.pdb	58	1.834e-11	419.0
d2ov0a_.pdb	105	2.174e-23	998.0
d1di6a_.pdb	183	6.416e-42	1570.0
d1rssa_.pdb	140	4.076e-25	1079.0
d2geca1.pdb	138	5.498e-27	1163.0
d2hsja1.pdb	211	3.065e-45	1699.0
d1swya_.pdb	164	1.921e-27	1298.0
d2gm3a1.pdb	153	4.857e-34	1266.0
d1gwma_.pdb	153	6.873e-31	1438.0
d1uz5a2.pdb	176	1.712e-37	1542.0
d2g38b1.pdb	173	2.795e-25	1199.0
d3otma_.pdb	205	3.145e-40	1843.0
d1f0la3.pdb	178	3.033e-27	1376.0
d1qw2a_.pdb	102	7.78e-20	831.0
d1zkpa1.pdb	244	1.834e-55	2238.0
d1b5ta_.pdb	275	3.556e-59	2289.0
d1gsha1.pdb	122	2.537e-29	1068.0
d1vqsa_.pdb	110	8.777e-24	914.0
d2g9hd1.pdb	83	1.59e-16	694.0
d3gu3a_.pdb	276	3.627e-61	2399.0
d2fgqx_.pdb	330	2.521e-75	3079.0
d1jmta_.pdb	98	4.202e-20	760.0
d1okga2.pdb	134	4.361e-32	1133.0
d1v8ya_.pdb	150	2.354e-33	1324.0
d2pmra1.pdb	75	1.693e-11	467.0
d3rg8a_.pdb	155	1.706e-30	1158.0
d1ueha_.pdb	214	1.148e-45	1723.0
d1ddga1.pdb	221	4.241e-48	1931.0
d1r0va3.pdb	75	6.846e-16	580.0
d1vp8a_.pdb	190	3.199e-43	1607.0
d1ctaa_.pdb	34	5.343e-06	223.0
d1ctja_.pdb	89	2.874e-19	723.0
d1fmta2.pdb	200	4.974e-47	1741.0
d2ce2x_.pdb	166	2.903e-38	1418.0
d1pp0a_.pdb	191	2.163e-42	1672.0
d2gpia1.pdb	90	2.599e-18	686.0
d3l44a_.pdb	426	2.816e-92	3659.0
d3dy8a_.pdb	328	1.624e-46	2643.0
d2c4ka2.pdb	145	1.435e-31	1184.0
d1d7ya1.pdb	183	4.207e-43	1645.0
d1vq8d1.pdb	140	2.598e-33	1211.0
d2esna1.pdb	89	4.619e-15	571.0
d2jdid3.pdb	276	3.354e-63	2374.0
d1ug7a_.pdb	128	2.963e-21	948.0
d2cqka1.pdb	88	7.639e-19	716.0
d1pdua_.pdb	230	1.376e-36	1810.0
d2ylba_.pdb	65	5.461e-13	536.0
d3s5oa_.pdb	296	6.036e-58	2473.0
d3nzea_.pdb	256	3.777e-58	2267.0
d2bbaa1.pdb	180	3.982e-39	1696.0
d1gsia_.pdb	208	1.235e-41	1710.0
d2cchb2.pdb	124	3.576e-20	954.0
d2qp8a_.pdb	390	3.915e-88	3743.0
d1vlja_.pdb	398	1.689e-78	3432.0
d2akja3.pdb	126	5.954e-30	1137.0
d1ug8a_.pdb	87	1.028e-16	629.0
d1yvua2.pdb	377	6.665e-85	3276.0
d2ddra1.pdb	288	2.432e-71	2738.0
d1koha2.pdb	96	2.662e-19	802.0
d1sk7a_.pdb	187	8.073e-28	1383.0
d2d8xa2.pdb	25	0.0001397	185.0
d2dm6a2.pdb	182	4.704e-40	1534.0
d1kbla2.pdb	133	2.6e-32	1202.0
d1uoka1.pdb	79	1.002e-14	678.0
d2bv6a1.pdb	136	3.931e-25	940.0
d1nowa2.pdb	131	4.948e-32	1195.0
d1wj1a_.pdb	156	3.39e-34	1351.0
d3lqsa_.pdb	280	1.225e-65	2518.0
d1vr4a1.pdb	103	1.83e-21	828.0
d2e64a2.pdb	179	3.073e-40	1551.0
d1hjra_.pdb	158	1.662e-34	1308.0
d2h7ma_.pdb	268	3.137e-61	2325.0
d1to3a_.pdb	291	2.013e-61	2473.0
d1qxma2.pdb	138	4.738e-28	1260.0
d2f5tx2.pdb	137	3.42e-32	1181.0
d3d19a1.pdb	134	4.992e-19	915.0
d1i7na2.pdb	206	1.066e-45	1812.0
d2fjla1.pdb	101	2e-21	877.0
d1eg3a1.pdb	125	3.199e-23	898.0
d1l0wa2.pdb	120	1.503e-26	972.0
d1vaja1.pdb	203	9.056e-50	1848.0
d3d06a_.pdb	179	8.589e-40	1684.0
d1p3da2.pdb	152	1.963e-34	1269.0
d2wy8a_.pdb	292	1.987e-46	2401.0
d1w7ja2.pdb	691	0.0	5987.0
d1qora1.pdb	147	1.679e-32	1292.0
d2bjra2.pdb	184	4.229e-37	1745.0
d1f5na2.pdb	270	2.04e-63	2403.0
d3djha_.pdb	114	8.748e-27	984.0
d1i8da2.pdb	113	9.782e-23	941.0
d1sq5a_.pdb	302	4.304e-67	2590.0
d1jb0e_.pdb	69	2.295e-13	560.0
d1lbua2.pdb	130	2.22e-30	1114.0
d1sfua_.pdb	70	1.732e-13	503.0
d1tm9a_.pdb	137	5.885e-22	1025.0
d1lsha1.pdb	336	7.54e-44	2527.0
d3ko8a_.pdb	297	6.259e-67	2674.0
d2cq4a1.pdb	101	9.832e-23	821.0
d3px8x_.pdb	258	1.412e-60	2307.0
d1tqyb2.pdb	194	1.072e-47	1728.0
d2ipqx1.pdb	121	7.167e-27	1032.0
d1e32a3.pdb	94	1.566e-21	829.0
d1lcya2.pdb	196	1.574e-40	1769.0
d2gysa1.pdb	103	5.442e-19	876.0
d3i9la_.pdb	251	4.259e-59	2216.0
d2vkwa2.pdb	92	1.764e-17	823.0
d1h6ya_.pdb	157	1.647e-32	1482.0
d1w4ta1.pdb	276	1.235e-63	2486.0
d1f5qb2.pdb	106	3.939e-17	790.0
d1lg7a_.pdb	164	2.131e-34	1473.0
d2b4jc1.pdb	81	4.256e-12	517.0
d2dbsa1.pdb	80	5.681e-16	578.0
d2pyta1.pdb	128	7e-26	1185.0
d1dgwa_.pdb	178	4.675e-37	1627.0
d1vava_.pdb	222	1.127e-46	2166.0
d1pvma4.pdb	142	8.308e-35	1222.0
d1usub_.pdb	132	2.221e-26	1126.0
d2hyma2.pdb	103	7.175e-20	912.0
d1a26a1.pdb	135	3.576e-21	960.0
d1lsha2.pdb	268	1.15e-56	2505.0
d2o6ia1.pdb	436	1.965e-73	3684.0
d2idla1.pdb	112	1.027e-24	933.0
d1o8xa_.pdb	143	3.599e-33	1225.0
d1yo6a1.pdb	237	4.181e-53	1988.0
d1r75a_.pdb	110	6.484e-22	1016.0
d1r2ja1.pdb	144	1.274e-20	1008.0
d1y63a_.pdb	168	1.572e-36	1361.0
d1bjta_.pdb	679	0.0	5773.0
d1wdva_.pdb	150	5.032e-34	1275.0
d2hx0a_.pdb	138	1.85e-26	1280.0
d1ka8a_.pdb	100	2.263e-22	825.0
d1rgoa1.pdb	36	4.418e-08	275.0
d1rh5c_.pdb	32	0.0001232	167.0
d1rype_.pdb	242	1.094e-52	2102.0
d3h93a_.pdb	192	1.155e-38	1546.0
d2ibaa2.pdb	159	1.202e-32	1305.0
d1ac5a_.pdb	483	0.0	4376.0
d1e8ca3.pdb	234	1.69e-54	2078.0
d2o4aa_.pdb	84	4.725e-14	588.0
d2r9fa1.pdb	322	1.027e-76	2950.0
d1x45a1.pdb	85	4.159e-18	716.0
d2b9da1.pdb	52	4.135e-09	382.0
d2f76x1.pdb	94	5.84e-16	646.0
d2ilaa_.pdb	145	6.859e-28	1340.0
d1hf8a2.pdb	131	9.523e-22	1000.0
d2o38a1.pdb	89	2.069e-13	568.0
d3ci0k1.pdb	64	1.339e-12	483.0
d3ebya1.pdb	153	3.891e-33	1331.0
d1ptqa_.pdb	50	5.304e-12	421.0
d1quua1.pdb	124	3.138e-17	747.0
d1vfya_.pdb	67	1.069e-14	539.0
d1wd5a_.pdb	208	2.044e-48	1790.0
d1fp1d1.pdb	110	1.558e-21	826.0
d1od5a2.pdb	173	2.673e-35	1512.0
d2c9aa1.pdb	96	1.252e-19	905.0
d1x5oa1.pdb	101	1.538e-21	788.0
d2f7fa1.pdb	345	6.517e-77	2962.0
d2bcoa1.pdb	338	3.211e-79	3070.0
d1vpma_.pdb	155	2.447e-32	1291.0
d3f81a_.pdb	179	3.631e-39	1533.0
d1t61a2.pdb	111	4.416e-23	952.0
d1y7ma2.pdb	48	1.16e-09	346.0
d1y7ra1.pdb	133	5.986e-30	1069.0
d2vk9a1.pdb	540	4.157e-87	4403.0
d1b9ha_.pdb	384	2.309e-85	3401.0
d2d81a1.pdb	318	2.829e-79	2999.0
d1l3ka1.pdb	84	1.743e-19	717.0
d1tlya_.pdb	251	3.374e-47	2331.0
d3ie5b_.pdb	164	5.562e-37	1464.0
d1ncsa_.pdb	47	7.466e-10	366.0
d1ni5a4.pdb	88	9.562e-18	691.0
d1q1ra3.pdb	103	2.834e-21	872.0
d1y0ka1.pdb	180	1.022e-40	1512.0
d2z9ia1.pdb	87	1.886e-16	752.0
d3pzsa_.pdb	285	3.237e-62	2546.0
d3cnva1.pdb	156	2.483e-29	1286.0
d1p3da1.pdb	96	3.399e-21	773.0
d1wbea_.pdb	204	2.938e-34	1569.0
d3arca_.pdb	334	7.648e-60	2724.0
d1ooea_.pdb	235	2.155e-53	2011.0
d3l77a_.pdb	235	2.831e-51	2023.0
d2phda1.pdb	349	3.371e-78	3305.0
d1vmha_.pdb	129	4.242e-29	1116.0
d2o3bb_.pdb	135	3.691e-27	1134.0
d1mwva1.pdb	406	1.939e-83	3534.0
d1st6a3.pdb	119	1.235e-18	845.0
d1zmta_.pdb	252	1.304e-57	2168.0
d1vgya2.pdb	113	1.035e-26	1004.0
d2gvha1.pdb	135	9.494e-27	1153.0
d1g5ca_.pdb	169	2.161e-37	1376.0
d1w8oa3.pdb	356	2.817e-77	3450.0
d1em9a_.pdb	147	9.61e-25	1113.0
d1s7ma_.pdb	158	1.169e-31	1283.0
d1xsva_.pdb	106	3.525e-15	670.0
d2b1ya1.pdb	101	1.241e-15	505.0
d2ih2a1.pdb	223	3.671e-51	2022.0
d1ni3a1.pdb	296	2.993e-59	2345.0
d3nuga_.pdb	247	7.184e-54	2087.0
d2ihta2.pdb	183	9.926e-43	1572.0
d1edga_.pdb	380	7.581e-87	3394.0
d1k7ka_.pdb	207	9.177e-49	1789.0
d1ycsb2.pdb	63	1.312e-12	542.0
d2co8a2.pdb	36	5.343e-08	286.0
d2cona1.pdb	66	3.18e-12	485.0
d2gf5a2.pdb	82	2.983e-13	523.0
d2ccqa1.pdb	99	5.584e-19	748.0
d2gx6a_.pdb	271	1.684e-55	2300.0
d2i9da_.pdb	214	2.031e-50	1890.0
d1lqla_.pdb	141	3.651e-31	1188.0
d2a97a_.pdb	392	4.412e-85	3497.0
d1izma_.pdb	170	2.884e-26	1270.0
d1x6va1.pdb	161	7.37e-38	1401.0
d2guka1.pdb	111	2.112e-21	835.0
d3es6b1.pdb	118	1.392e-21	1016.0
d1j9ba_.pdb	138	1.964e-30	1116.0
d1vbfa_.pdb	224	3.609e-52	1979.0
d4cpai_.pdb	37	1.849e-09	299.0
d4tmka_.pdb	210	2.071e-41	1685.0
d2gsca1.pdb	113	2.995e-17	759.0
d1bqca_.pdb	302	6.763e-70	2651.0
d3bzna_.pdb	430	1.598e-92	3877.0
d2sqca2.pdb	271	2.827e-47	2259.0
d1sjda2.pdb	125	4.677e-26	1039.0
d2byea1.pdb	109	1.758e-22	924.0
d2obxa_.pdb	150	1.86e-30	1195.0
d1oyia_.pdb	62	2.79e-12	433.0
d1q2la2.pdb	228	1.241e-52	1987.0
d2hf1a1.pdb	59	4.388e-12	459.0
d2j73a_.pdb	103	7.224e-22	980.0
d1gvea_.pdb	324	1.389e-69	2826.0
d1bi6.2.pdb	11	2.543	49.0
d1bi6h1.pdb	24	0.0002807	205.0
d1biaa3.pdb	182	6.807e-43	1581.0
d1thta_.pdb	294	5.268e-67	2587.0
d1t6ex_.pdb	362	4.441e-83	3417.0
d1autc_.pdb	240	7.944e-51	2235.0
d1vp6a_.pdb	133	4.933e-28	1126.0
d2pq8a_.pdb	260	2.699e-60	2271.0
d1nula_.pdb	142	4.029e-32	1264.0
d1y0pa3.pdb	143	2.955e-32	1206.0
d2oq0a2.pdb	101	7.682e-20	866.0
d1azsa_.pdb	190	5.593e-43	1685.0
d1umda_.pdb	362	2.015e-70	3063.0
d1r89a2.pdb	142	8.424e-31	1129.0
d1y8ca_.pdb	246	4.912e-58	2218.0
d2cpda1.pdb	86	7.697e-19	692.0
d2wf7a_.pdb	218	3.073e-46	1764.0
d1tdja1.pdb	331	6.359e-72	2845.0
d1u9la_.pdb	68	7.928e-11	469.0
d1wuil_.pdb	534	1.65e-101	4710.0
d1rl6a2.pdb	89	9.973e-17	753.0
d2ex0a1.pdb	387	3.559e-80	3379.0
d1zrua1.pdb	103	4.811e-20	958.0
d2z1ca1.pdb	71	2.88e-14	576.0
d3k2aa_.pdb	55	3.876e-09	371.0
d1apja_.pdb	74	3.949e-17	624.0
d1cwva5.pdb	100	3.942e-23	880.0
d1h2ba1.pdb	171	8.777e-38	1445.0
d1rm6c2.pdb	81	9.759e-19	713.0
d1twfb_.pdb	1094	0.0	10012.0
d1vl0a_.pdb	281	1.988e-63	2470.0
d1mdca_.pdb	131	9.085e-24	1127.0
d1zr9a1.pdb	67	6.408e-13	472.0
d1zxxa_.pdb	319	1.464e-70	2812.0
d2b5ua2.pdb	232	2.844e-47	2060.0
d2astb2.pdb	284	5.359e-58	2539.0
d1iu4a_.pdb	331	1.008e-76	2883.0
d2enga_.pdb	205	8.641e-50	1997.0
d3eera_.pdb	140	7.422e-30	1112.0
d1hzea_.pdb	97	5.158e-19	834.0
d1utya_.pdb	153	1.289e-35	1380.0
d2hlya1.pdb	200	4.265e-45	1751.0
d1ix2a_.pdb	102	2.585e-21	915.0
d1vcaa2.pdb	90	4.053e-18	826.0
d2cu2a2.pdb	268	2.51e-66	2432.0
d2j3sa2.pdb	73	8.802e-14	600.0
d3c1la_.pdb	182	5.512e-28	1366.0
d1k2ea_.pdb	152	2.011e-31	1273.0
d1xdia1.pdb	227	2.82e-51	1925.0
d1gtma2.pdb	178	7.41e-42	1543.0
d2ckaa1.pdb	58	1.011e-10	409.0
d2cyea1.pdb	130	4.465e-28	1154.0
d1dmua_.pdb	299	2.909e-66	2606.0
d1zgha1.pdb	62	2.067e-12	486.0
d2disa1.pdb	96	2.574e-20	778.0
d2glia2.pdb	33	3.184e-06	244.0
d2h26a1.pdb	96	3.709e-18	839.0
d3m9za_.pdb	124	1.617e-25	1059.0
d1jz8a5.pdb	292	9.103e-74	2643.0
d1b3ta_.pdb	147	6.049e-34	1247.0
d1nkla_.pdb	78	6.08e-13	598.0
d1qb7a_.pdb	236	6.337e-52	2073.0
d3gvoa_.pdb	342	1.275e-45	2646.0
d1wpia1.pdb	133	1.251e-31	1143.0
d2b1xb1.pdb	167	2.61e-30	1301.0
d1kv7a2.pdb	165	6.671e-36	1606.0
d1wgsa_.pdb	133	1.409e-22	882.0
d2wfha_.pdb	181	4.634e-35	1554.0
d1eu3a1.pdb	97	3.046e-21	839.0
d1l6xa2.pdb	102	4.629e-21	907.0
d1x2ia1.pdb	68	4.674e-13	511.0
d1xv2a_.pdb	232	1.606e-52	2170.0
d1m3ka2.pdb	124	2.588e-30	1079.0
d1t95a3.pdb	73	7.153e-14	584.0
d1zrua3.pdb	129	2.788e-28	1202.0
d1sqwa2.pdb	94	4.622e-20	746.0
d1wexa_.pdb	104	1.156e-22	848.0
d2essa1.pdb	145	2.184e-32	1255.0
d1bo9a_.pdb	73	1.57e-12	542.0
d1fuia2.pdb	355	9.331e-75	2963.0
d1dvoa_.pdb	152	8.448e-27	1071.0
d1ne8a_.pdb	116	9.693e-25	1016.0
d2akka1.pdb	72	2.69e-14	599.0
d2gjxa2.pdb	130	1.231e-31	1175.0
d3rlfg_.pdb	286	7.757e-42	2177.0
d3c3da_.pdb	306	4.443e-68	2620.0
d1wvfa2.pdb	236	3.717e-59	2138.0
d1a6ca3.pdb	165	1.098e-33	1545.0
d1ne3a_.pdb	68	1.097e-12	526.0
d1vl2a1.pdb	166	9.945e-36	1343.0
d1jf8a_.pdb	130	8.475e-29	1114.0
d1wjpa1.pdb	42	2.118e-07	272.0
d1wk1a_.pdb	150	5.788e-33	1293.0
d2j5wa2.pdb	145	1.117e-35	1360.0
d1guza2.pdb	163	1.5e-35	1323.0
d1cixa_.pdb	44	1.716e-09	378.0
d1dy9.1.pdb	175	1.742e-39	1658.0
d1p3ca_.pdb	215	5.323e-46	1970.0
d2noca1.pdb	91	5.486e-19	715.0
d3d3ba_.pdb	139	4.734e-20	1014.0
d1n0za_.pdb	45	9.448e-10	349.0
d1n10a2.pdb	133	4.157e-32	1198.0
d1wdds_.pdb	122	7.61e-26	1005.0
d2eyqa1.pdb	80	9.288e-16	703.0
d3ge3a_.pdb	491	3.965e-76	4069.0
d1i42a_.pdb	89	2.842e-20	783.0
d1ouva_.pdb	265	4.49e-37	2026.0
d2gj8a_.pdb	161	2.175e-36	1354.0
d1njra_.pdb	249	2.186e-52	2110.0
d2dpma_.pdb	258	1.364e-57	2202.0
d1r5la2.pdb	185	3.67e-41	1516.0
d2gfqa1.pdb	274	1.99e-57	2464.0
d1tx9a1.pdb	138	7.704e-26	1100.0
d2c5lc1.pdb	97	2.085e-21	829.0
d2vqei1.pdb	127	1.337e-28	1076.0
d1h9ra1.pdb	77	2.158e-14	621.0
d1okkd1.pdb	58	9.158e-09	355.0
d1pd0a4.pdb	155	5.899e-34	1259.0
d1wita_.pdb	93	4.152e-20	885.0
d2jxca1.pdb	95	6.695e-18	699.0
d2p0wa_.pdb	319	1.985e-69	2817.0
d2a8na1.pdb	130	4.227e-31	1124.0
d2iuba2.pdb	50	2.776e-06	248.0
d2ji7a2.pdb	188	2.356e-44	1680.0
d1nt2a_.pdb	209	9.87e-50	1855.0
d1gnya_.pdb	153	3.809e-30	1363.0
d1xwdc1.pdb	242	2.853e-44	2137.0
d2d69a1.pdb	291	6.626e-62	2492.0
d2bh1x1.pdb	68	4.114e-14	529.0
d2hkja1.pdb	78	1.639e-14	582.0
d2ogfa_.pdb	121	1.28e-25	969.0
d1f2qa2.pdb	89	7.09e-18	819.0
d1lnga_.pdb	87	5.808e-18	684.0
d1pixa3.pdb	299	3.357e-68	2595.0
d1c4xa_.pdb	281	2.111e-63	2499.0
d1rvka2.pdb	126	2.206e-26	1059.0
d2asba3.pdb	67	2.578e-15	555.0
d2cvba1.pdb	187	1.575e-44	1646.0
d1elua_.pdb	381	1.311e-88	3368.0
d1epfa2.pdb	92	6.455e-18	821.0
d1lgha_.pdb	56	1.057e-09	313.0
d1lmja1.pdb	44	2.292e-09	355.0
d1lnsa3.pdb	405	1.944e-94	3649.0
d3o0da_.pdb	301	3.572e-73	2750.0
d1xiwa_.pdb	91	9.305e-19	793.0
d1rhya1.pdb	86	2.13e-18	697.0
d1wcv1_.pdb	243	3.347e-52	2080.0
d1r2qa_.pdb	170	7.161e-38	1448.0
d3ctda1.pdb	150	2.759e-24	1109.0
d1ekza_.pdb	76	9.361e-15	583.0
d1jnia_.pdb	62	4.049e-13	481.0
d1jnrb_.pdb	149	5.937e-32	1256.0
d1sqra_.pdb	87	2.575e-17	781.0
d2chua1.pdb	283	4.758e-62	2443.0
d1unqa_.pdb	117	1.999e-22	996.0
d2nrla_.pdb	145	3.744e-20	1018.0
d3o0gd_.pdb	149	1.04e-23	1156.0
d1l3wa5.pdb	107	3.352e-22	980.0
d1um1a_.pdb	110	1.828e-23	898.0
d1z8oa_.pdb	402	6.715e-69	3482.0
d1pdaa1.pdb	208	5.187e-49	1796.0
d2jfga2.pdb	140	1.042e-32	1214.0
d1k3ya1.pdb	142	1.05e-21	1017.0
d1tqyb1.pdb	208	7.067e-49	1756.0
d2izpa1.pdb	267	3.912e-44	2078.0
d1zaka2.pdb	31	1.675e-06	246.0
d1zavu1.pdb	30	0.00189	128.0
d1zbdb_.pdb	124	1.867e-24	894.0
d2g7ba_.pdb	137	4.46e-24	1167.0
d1g12a_.pdb	167	1e-31	1393.0
d1n4wa1.pdb	366	4.027e-86	3278.0
d3czza_.pdb	101	1.505e-19	895.0
d1e8pa_.pdb	46	1.236e-10	385.0
d1eaza_.pdb	103	2.468e-20	893.0
d1qvra1.pdb	145	1.024e-25	1108.0
d1yb2a1.pdb	230	3.187e-48	2026.0
d1ja9a_.pdb	259	2.17e-57	2265.0
d3loga_.pdb	435	1.054e-94	3921.0
d1b25a2.pdb	210	6.801e-51	1945.0
d1vmja_.pdb	139	2.581e-32	1233.0
d2hbaa1.pdb	52	3.529e-09	361.0
d2i15a1.pdb	122	1.375e-22	854.0
d2r40d1.pdb	233	5.76e-35	1773.0
d1p4ea2.pdb	275	1.708e-50	2298.0
d3f5oa_.pdb	138	9.899e-31	1181.0
d1h4ra2.pdb	99	2.078e-18	821.0
d1s9ra_.pdb	409	6.32e-90	3616.0
d1efva1.pdb	188	9.567e-40	1579.0
d1up7a2.pdb	250	4.706e-52	1982.0
d2o1qa1.pdb	144	2.109e-29	1329.0
d1ispa_.pdb	179	1.104e-42	1581.0
d1zupa1.pdb	291	6.771e-62	2501.0
d1p16a1.pdb	145	5.749e-27	1159.0
d1ybfa_.pdb	240	6.483e-55	2099.0
d1ng6a_.pdb	148	3.261e-22	992.0
d1xn5a_.pdb	138	3.411e-31	1263.0
d2z6oa_.pdb	166	7.91e-39	1428.0
d1k4ta1.pdb	72	8.073e-09	357.0
d1n13.1.pdb	46	1.136e-08	323.0
d1n1ja_.pdb	87	2.677e-15	563.0
d1n4ka1.pdb	150	9.501e-22	1086.0
d1wola_.pdb	122	4.012e-19	929.0
d2obba1.pdb	119	2.598e-26	970.0
d1fi4a1.pdb	188	1.754e-42	1653.0
d1uxza_.pdb	131	1.986e-31	1258.0
d2yx6a_.pdb	110	1.857e-26	968.0
d1gpma2.pdb	205	4.422e-50	1896.0
d2akja1.pdb	85	1.325e-18	705.0
d2id1a1.pdb	120	1.269e-25	989.0
d1c9oa_.pdb	66	3.081e-14	576.0
d1ibya_.pdb	112	2.007e-24	1067.0
d1sg1x2.pdb	39	1.247e-07	311.0
d1smyd_.pdb	1392	0.0	12078.0
d1z8ga1.pdb	255	5.971e-60	2456.0
d1gdha2.pdb	129	3.852e-29	1091.0
d3up9a_.pdb	239	3.824e-56	2102.0
d1zswa2.pdb	170	2.605e-38	1423.0
d3n2ta_.pdb	327	1.85e-70	2819.0
d2pnta_.pdb	90	1.695e-17	761.0
d5csma_.pdb	250	5.063e-40	1941.0
d1t61a1.pdb	109	2.139e-22	963.0
d1z3xa2.pdb	148	7.63e-26	1191.0
d2gtia2.pdb	153	1.222e-32	1297.0
d1dkza1.pdb	97	4.676e-13	577.0
d1fzcb1.pdb	259	5.459e-61	2454.0
d3boma_.pdb	142	2.081e-20	1014.0
d1hh2p4.pdb	126	1.449e-26	975.0
d1q4ga1.pdb	511	0.0	4430.0
d3c2wa2.pdb	173	2.318e-36	1415.0
d1h6wa1.pdb	82	1.63e-12	459.0
d1ic8a2.pdb	94	2.366e-14	626.0
d1ml4a2.pdb	157	3.247e-35	1304.0
d2ej5a_.pdb	250	9.256e-56	2114.0
d1kzfa_.pdb	198	7.677e-46	1773.0
d2f9zc1.pdb	152	2.216e-35	1398.0
d1tnsa_.pdb	76	3.372e-16	616.0
d1wdka2.pdb	95	8.476e-17	705.0
d1xoda1.pdb	105	1.174e-20	908.0
d3cf1a3.pdb	269	1.324e-57	2192.0
d1wfka_.pdb	88	3.693e-18	683.0
d1wu7a1.pdb	97	3.78e-20	743.0
d2p0ta1.pdb	148	1.525e-21	950.0
d3s3ta_.pdb	145	5.219e-32	1181.0
d1ppje2.pdb	69	6.006e-10	357.0
d1ppjf_.pdb	99	4.148e-17	645.0
d1sr8a_.pdb	282	5.956e-71	2539.0
d1fxoa_.pdb	292	5.563e-68	2596.0
d3m1ta_.pdb	269	1.243e-35	1993.0
d1weka_.pdb	208	6.621e-43	1675.0
d1dl5a1.pdb	213	1.965e-48	1888.0
d1z1ba1.pdb	49	4.515e-10	387.0
d2evra2.pdb	148	3.208e-34	1273.0
d3c07a2.pdb	146	8.747e-24	1040.0
d1h6va3.pdb	133	6.134e-29	1116.0
d1qy9a2.pdb	168	9.203e-38	1451.0
d2ha9a1.pdb	413	4.032e-82	3491.0
d3b8oa1.pdb	221	1.045e-42	1615.0
d1m4ua_.pdb	199	2.643e-41	1648.0
d2bi7a2.pdb	69	7.857e-13	603.0
d2fzfa1.pdb	158	3.634e-23	1116.0
d1edqa3.pdb	73	5.078e-15	630.0
d1k0ia1.pdb	292	2.832e-62	2568.0
d1d5va_.pdb	94	3.849e-19	737.0
d1iz5a1.pdb	119	1.943e-21	995.0
d1wfja_.pdb	136	7.954e-28	1252.0
d1zc0a_.pdb	286	6.856e-66	2589.0
d1ka9h_.pdb	195	1.312e-46	1744.0
d1x9na1.pdb	264	6.474e-41	2127.0
d1ia9a_.pdb	276	5.688e-60	2435.0
d2grrb_.pdb	157	3.706e-24	1217.0
d1g7sa2.pdb	125	1.421e-26	1121.0
d1s2xa_.pdb	180	2.419e-25	1260.0
d2bu1a_.pdb	129	1.312e-23	1046.0
d3r9za_.pdb	154	1.803e-30	1314.0
d1xqua_.pdb	113	2.106e-22	906.0
d1xg5a_.pdb	254	3.54e-56	2167.0
d1pjaa_.pdb	268	4.634e-66	2433.0
d3p1fa_.pdb	119	2.719e-22	925.0
d1imja_.pdb	208	1.389e-49	1877.0
d2j8ba_.pdb	78	6.418e-17	680.0
d3btaa2.pdb	217	1.153e-43	1978.0
d1ryp1_.pdb	222	1.434e-49	1946.0
d3cx5a1.pdb	213	7.267e-46	1781.0
d1pdkb_.pdb	149	1.591e-31	1358.0
d2au5a1.pdb	128	6.296e-19	865.0
d1rutx4.pdb	33	4.696e-06	239.0
d1sxea_.pdb	97	2.073e-18	762.0
d1tjya_.pdb	316	2.107e-67	2715.0
d1z9ha1.pdb	161	1.042e-24	1233.0
d3mita_.pdb	138	3.767e-26	1267.0
d1n7va_.pdb	533	0.0	5156.0
d1kyfa2.pdb	114	4.352e-22	904.0
d1wlta1.pdb	176	5.304e-37	1623.0
d2zxxc_.pdb	185	4.231e-38	1455.0
d1i7qa_.pdb	517	0.0	4759.0
d2cb0a_.pdb	320	4.857e-64	2715.0
d2c5aa1.pdb	363	1.604e-85	3270.0
d1xbia1.pdb	115	3.655e-26	933.0
d2jg6a_.pdb	186	5.76e-33	1555.0
d1epwa2.pdb	211	8.681e-39	1845.0
d1y88a2.pdb	125	7.858e-29	1067.0
d2v2ff_.pdb	366	5.753e-85	3332.0
d1sr2a_.pdb	116	4.651e-17	771.0
d1wdda2.pdb	140	1.628e-32	1243.0
d2i6ca1.pdb	160	7.621e-35	1395.0
d1hc1a1.pdb	131	4.122e-25	1038.0
d1o0sa2.pdb	294	1.067e-59	2443.0
d3repa_.pdb	268	2.158e-57	2293.0
d1uwfa1.pdb	158	1.543e-34	1553.0
d2nuga2.pdb	68	2.519e-13	536.0
d3en8a1.pdb	127	5.933e-27	1057.0
d1ntya2.pdb	121	6.576e-24	1044.0
d2b5ea3.pdb	125	8.954e-28	1004.0
d3bnya_.pdb	294	2.891e-42	2260.0
d1vq8q1.pdb	95	6.959e-20	821.0
d1t1ja_.pdb	119	8.975e-26	921.0
d2f06a2.pdb	70	1.596e-15	559.0
d2uz9a1.pdb	131	7.348e-28	1144.0
d4affa_.pdb	110	1.273e-22	904.0
d1t6ca1.pdb	126	2.909e-28	1056.0
d2fd6u1.pdb	77	2.21e-14	671.0
d2v76a_.pdb	99	3.207e-20	891.0
d1k4na_.pdb	183	4.044e-41	1629.0
d1xfka_.pdb	324	5.865e-75	2879.0
d2b0ta_.pdb	735	0.0	6645.0
d1jqea_.pdb	280	9.104e-65	2432.0
d1g7sa4.pdb	223	4.395e-51	1879.0
d2h92a_.pdb	216	1.395e-43	1784.0
d1t3qc2.pdb	176	7.498e-41	1518.0
d2coaa1.pdb	112	5.993e-23	979.0
d3a77a_.pdb	232	2.842e-52	2133.0
d1ppji_.pdb	43	7.776e-08	301.0
d1s98a_.pdb	97	5.892e-21	803.0
d1wy7a1.pdb	196	1.735e-46	1735.0
d1jlya1.pdb	153	1.57e-33	1403.0
d1iwga3.pdb	107	7.971e-26	925.0
d1p6qa_.pdb	129	5.718e-28	1047.0
d2epra1.pdb	35	1.693e-06	256.0
d2ewsa1.pdb	260	1.716e-57	2282.0
d1qmga2.pdb	226	5.501e-53	2036.0
d1fcha_.pdb	302	1.941e-39	2240.0
d2cg5b_.pdb	71	6.42e-13	517.0
d2drpa2.pdb	26	6.512e-05	183.0
d2ez9a3.pdb	228	1.313e-51	1926.0
d1oaia_.pdb	59	4.482e-10	408.0
d1oy5a_.pdb	218	5.657e-50	1820.0
d2pgca1.pdb	206	1.343e-45	1793.0
d1p5dx1.pdb	146	3.246e-35	1304.0
d2h5ca_.pdb	198	2.267e-38	1793.0
d1dmza_.pdb	158	2.871e-34	1504.0
d1q6oa_.pdb	213	1.142e-44	1836.0
d1k1va_.pdb	41	1.148e-06	242.0
d1k1xa1.pdb	74	3.142e-12	528.0
d1n5ua3.pdb	196	2.299e-28	1463.0
d1z3sa_.pdb	216	2.345e-49	2054.0
d2gysa3.pdb	94	1.477e-18	834.0
d1ddza2.pdb	239	7.901e-50	1926.0
d2cq1a1.pdb	88	2.16e-18	705.0
d2ooca1.pdb	104	9.87e-17	709.0
d3erwa_.pdb	134	6.217e-30	1106.0
d1kqfa2.pdb	817	0.0	7620.0
d1zs4a1.pdb	78	1.359e-12	512.0
d2bh4x_.pdb	121	4.066e-27	982.0
d2h1va_.pdb	309	1.666e-67	2592.0
d2uw1a_.pdb	327	2.972e-48	2548.0
d1jvga_.pdb	485	0.0	4364.0
d1tdza2.pdb	130	1.731e-26	1144.0
d2ce7a1.pdb	162	1.045e-26	1226.0
d1di2a_.pdb	69	6.176e-14	565.0
d1imhc1.pdb	101	5.826e-21	960.0
d1t6ca2.pdb	180	5.673e-38	1501.0
d3iira_.pdb	190	7.781e-38	1737.0
d1sc3.1.pdb	173	2.328e-38	1417.0
d2qmwa1.pdb	184	4.007e-43	1607.0
d1saua_.pdb	114	5.562e-24	947.0
d1pbya4.pdb	138	5.915e-31	1307.0
d1yksa1.pdb	140	4.096e-30	1148.0
d1b4fa_.pdb	74	8.297e-13	494.0
d1dlwa_.pdb	116	1.532e-17	846.0
d1nz8a_.pdb	119	6.486e-24	990.0
d1y60a_.pdb	168	3.959e-40	1489.0
d2r4ta_.pdb	477	0.0	4312.0
d1i3ja_.pdb	96	1.038e-19	721.0
d1jvwa_.pdb	160	2.934e-36	1414.0
d1x3aa1.pdb	87	1.278e-13	590.0
d2b1xa2.pdb	279	4.807e-63	2529.0
d1ldda_.pdb	74	1.123e-13	520.0
d1nqza_.pdb	171	4.41e-38	1587.0
d2cwpa_.pdb	109	6.039e-20	929.0
d2w3wa_.pdb	164	1.302e-38	1480.0
d1mkea1.pdb	114	1.368e-21	986.0
d1xsza1.pdb	197	6.893e-30	1513.0
d3ss1a_.pdb	537	9.597e-87	4391.0
d1dpja_.pdb	329	2.002e-73	3161.0
d2aqfa1.pdb	89	1.125e-15	642.0
d1wnda_.pdb	474	0.0	4287.0
d1wifa_.pdb	126	5.069e-24	971.0
d2bw4a2.pdb	173	1.841e-39	1602.0
d1dp4a_.pdb	425	4.934e-97	3842.0
d1t3ua_.pdb	92	1.23e-14	528.0
d1tfra1.pdb	123	8.181e-19	863.0
d1vcda_.pdb	126	1.42e-27	1119.0
d2pbdp_.pdb	139	8.754e-29	1188.0
d1ghha_.pdb	81	4.004e-17	607.0
d1n9pa_.pdb	197	8.401e-41	1758.0
d3u7qb_.pdb	522	0.0	4488.0
d1pl8a2.pdb	171	1.23e-36	1402.0
d2r1jl_.pdb	66	2.997e-11	497.0
d2vgna3.pdb	104	9.157e-23	804.0
d1gs0a1.pdb	128	2.181e-20	915.0
d1luaa2.pdb	96	5.465e-21	799.0
d1xhka_.pdb	185	6.62e-43	1617.0
d3l0fa_.pdb	162	1.304e-23	1169.0
d1nvmb1.pdb	157	1.653e-34	1301.0
d2he4a_.pdb	90	4.894e-18	790.0
d1xhja_.pdb	88	1.434e-18	664.0
d2elca1.pdb	52	1.453e-08	358.0
d2f9yb1.pdb	257	4.734e-59	2221.0
d1lpba2.pdb	46	1.277e-09	375.0
d1m6ia3.pdb	111	3.262e-25	946.0
d1v1aa_.pdb	301	1.444e-67	2685.0
d1spxa_.pdb	237	1.25e-50	1999.0
d1f7ua1.pdb	124	9.947e-19	904.0
d1naza_.pdb	154	2.635e-22	1101.0
d1xffa_.pdb	238	1.153e-54	2187.0
d3fhva_.pdb	150	1.735e-33	1293.0
d1jgka_.pdb	66	2.676e-12	579.0
d1mkya3.pdb	81	5.263e-18	645.0
d1snya_.pdb	248	2.404e-53	2081.0
d1guqa1.pdb	176	4.673e-37	1515.0
d1qh5a_.pdb	260	1.138e-59	2364.0
d3le0a_.pdb	142	9.841e-32	1284.0
d1nu9c1.pdb	145	3.263e-23	979.0
d1u84a_.pdb	81	4.583e-13	595.0
d1xkia_.pdb	128	1.116e-24	1144.0
d1pvga1.pdb	139	2.947e-32	1166.0
d2c1ia2.pdb	187	6.803e-39	1553.0
d3n7oa_.pdb	223	1.015e-47	2065.0
d1rypk_.pdb	198	2.81e-42	1729.0
d3pnza_.pdb	329	1.3e-74	2952.0
d3qk8a_.pdb	259	2.403e-55	2238.0
d1v33a_.pdb	346	1.081e-64	2984.0
d1gmua2.pdb	68	2.249e-14	553.0
d1olma3.pdb	199	5.206e-46	1680.0
d2i9ua2.pdb	310	3.526e-67	2642.0
d3kmaa_.pdb	105	4.175e-21	955.0
d1l5ja3.pdb	490	0.0	4490.0
d1smba_.pdb	149	3.136e-36	1267.0
d2e9xd2.pdb	58	4.559e-13	505.0
d2icsa2.pdb	267	2.017e-59	2212.0
d1wj4a_.pdb	124	2.878e-25	983.0
d2iafa1.pdb	140	8.603e-32	1151.0
d1dgna_.pdb	89	5.473e-14	644.0
d1gtea1.pdb	182	5.863e-30	1378.0
d1pkoa_.pdb	124	1.453e-27	1192.0
d2fug33.pdb	77	5.325e-18	663.0
d2i5fa_.pdb	99	3.241e-19	872.0
d1dhsa_.pdb	344	3.656e-68	2876.0
d1m7xa1.pdb	110	3.943e-23	1026.0
d1w1wa_.pdb	274	4.918e-65	2480.0
d1nvta1.pdb	177	4.489e-41	1514.0
d2hq4a1.pdb	149	4.534e-31	1251.0
d3tzla_.pdb	319	4.937e-57	2517.0
d2pv2a1.pdb	103	3.593e-23	844.0
d3rk1a_.pdb	221	1.855e-49	1871.0
d2icwg_.pdb	213	5.368e-29	1450.0
d1efvb_.pdb	252	4.76e-56	2134.0
d2nlia_.pdb	352	4.627e-82	3159.0
d3bexa2.pdb	127	2.526e-28	1057.0
d1jgta1.pdb	290	7.26e-49	2472.0
d3tssa1.pdb	89	6.11e-18	793.0
d1lmma_.pdb	40	9.369e-09	322.0
d1n91a_.pdb	108	4.686e-25	927.0
d1t4ba1.pdb	146	1.925e-33	1237.0
d2w4fa_.pdb	95	1.664e-19	798.0
d1xeda_.pdb	111	3.49e-23	1028.0
d2rdea1.pdb	110	2.614e-21	994.0
d1g4yb_.pdb	81	1.614e-12	495.0
d1jmja_.pdb	397	5.298e-91	3618.0
d1bd3a_.pdb	224	1.676e-51	1953.0
d2rn8a1.pdb	53	8.083e-12	453.0
d3f8ba_.pdb	101	1.001e-17	658.0
d1adua3.pdb	122	3.494e-24	929.0
d1dvka_.pdb	149	7.134e-23	1139.0
d1nlsa_.pdb	237	1.576e-50	2260.0
d2glza1.pdb	149	6.511e-32	1242.0
d1dlja1.pdb	98	3.892e-15	656.0
d1i52a_.pdb	225	8.753e-53	1948.0
d2frea1.pdb	200	1.852e-47	1714.0
d1h65a_.pdb	257	1.059e-54	2178.0
d1bu8a1.pdb	108	6.316e-22	1029.0
d1miwa1.pdb	265	1.222e-38	2037.0
d2db7a1.pdb	55	7.016e-09	341.0
d2fpna1.pdb	205	4.123e-40	1754.0
d1o6aa_.pdb	87	2.906e-15	635.0
d2jdid2.pdb	72	5.061e-13	609.0
d1awcb_.pdb	153	3.948e-25	1203.0
d1p80a2.pdb	571	0.0	5091.0
d1jqia2.pdb	231	7.691e-52	2041.0
d2hv2a1.pdb	107	1.072e-24	919.0
d3cx5f1.pdb	74	8.06e-12	479.0
d3d7ca_.pdb	111	2.677e-18	784.0
d1dcza_.pdb	77	2.596e-16	617.0
d1h75a_.pdb	76	1.326e-16	592.0
d1k4ta2.pdb	263	1.24e-46	2163.0
d1fftb2.pdb	91	6.422e-14	552.0
d1gjwa2.pdb	572	0.0	5106.0
d1igra1.pdb	149	1.543e-30	1359.0
d1n11a_.pdb	404	2.629e-64	3319.0
d2vpaa_.pdb	204	1.807e-40	1754.0
d1n4na_.pdb	47	4.692e-10	392.0
d1prta_.pdb	224	8.257e-52	1986.0
d2h1ta1.pdb	186	1.567e-38	1694.0
d1jiha1.pdb	120	5.21e-28	1019.0
d1vlra1.pdb	188	1.531e-40	1594.0
d1gska1.pdb	174	5.174e-41	1658.0
d1ueba1.pdb	63	2.656e-11	532.0
d1ze3h1.pdb	121	8.778e-23	1059.0
d2qx3a_.pdb	330	1.249e-60	3019.0
d1i5za1.pdb	69	9.21e-15	553.0
d1kmta_.pdb	138	1.111e-28	1245.0
d1x4ga1.pdb	96	1.421e-20	814.0
d2fm8a1.pdb	134	3.66e-28	1102.0
d1cg2a1.pdb	276	2.917e-62	2441.0
d3doua_.pdb	175	3.685e-39	1465.0
d1x9ma1.pdb	204	1.608e-43	1684.0
d1a9xb2.pdb	228	6.127e-55	2096.0
d1wtea_.pdb	272	5.35e-52	2204.0
d1h3da2.pdb	68	1.428e-13	524.0
d1lvaa4.pdb	60	3.59e-12	456.0
d1nlta1.pdb	74	2.689e-17	648.0
d1suua_.pdb	293	3.662e-61	2695.0
d2pbla1.pdb	261	2.426e-61	2301.0
d1ysra_.pdb	137	5.863e-32	1207.0
d2voua2.pdb	128	6.005e-29	1182.0
d1qbja_.pdb	65	7.092e-12	444.0
d1tkea1.pdb	62	6.971e-14	549.0
d1vpda1.pdb	133	5.434e-21	930.0
d2gn0a_.pdb	327	2.298e-73	2882.0
d2fb1a1.pdb	76	1.936e-14	549.0
d2g81i1.pdb	56	2.11e-11	484.0
d2iboa1.pdb	90	1.252e-18	672.0
d1d7qa_.pdb	143	3.317e-28	1058.0
d1nnwa_.pdb	251	1.624e-57	2178.0
d1a0ca_.pdb	437	1.92e-85	3659.0
d1pm4a_.pdb	117	6.627e-24	1079.0
d2a29a1.pdb	136	1.23e-32	1165.0
d2p61a1.pdb	113	1.785e-15	655.0
d1atza_.pdb	184	1.187e-39	1602.0
d1yfsa2.pdb	236	3.492e-56	2106.0
d1f5xa_.pdb	208	6.569e-30	1527.0
d1v1oa2.pdb	105	1.587e-21	911.0
d2bm5a_.pdb	183	1.307e-37	1750.0
d2gfna1.pdb	77	3.527e-12	524.0
d2qiya_.pdb	134	2.079e-27	1149.0
d1s6ya1.pdb	169	3.958e-37	1375.0
d3cmna1.pdb	294	2.176e-44	2359.0
d1v59a3.pdb	123	1.407e-25	991.0
d2ge3a1.pdb	164	4.496e-37	1427.0
d1kloa1.pdb	55	9.307e-13	491.0
d1l5ja1.pdb	160	4.335e-26	1211.0
d1rewa_.pdb	103	1.884e-21	943.0
d1z84a1.pdb	154	1.247e-33	1302.0
d2p8ta1.pdb	67	1.064e-11	439.0
d2qtva2.pdb	159	3.166e-33	1426.0
d1gvnb_.pdb	272	6.254e-52	2217.0
d1g1ta2.pdb	39	1.538e-08	315.0
d1gdna_.pdb	224	7.233e-49	2043.0
d1w96a1.pdb	112	3.544e-24	937.0
d2hi7b1.pdb	134	3.201e-20	972.0
d2yzqa1.pdb	124	9.914e-30	1046.0
d5eaua2.pdb	323	3.47e-43	2423.0
d1xoub_.pdb	84	1.561e-11	379.0
d1xova1.pdb	134	2.826e-26	1224.0
d3b84a_.pdb	113	9.904e-25	877.0
d3zqua_.pdb	207	1.614e-44	1749.0
d2imra1.pdb	74	9.946e-17	657.0
d2nn6a1.pdb	184	1.939e-43	1620.0
d1kcfa2.pdb	204	2.395e-43	1713.0
d2o36a_.pdb	654	4.893e-103	5541.0
d1f0ka_.pdb	351	6.498e-73	2965.0
d1krha3.pdb	104	5.729e-24	947.0
d1onwa2.pdb	271	4.33e-60	2321.0
d1isia_.pdb	250	7.064e-58	2188.0
d1vlra2.pdb	101	4.979e-18	801.0
d2cbia3.pdb	138	2.966e-32	1188.0
d3nxaa_.pdb	100	1.148e-17	672.0
d1af7a2.pdb	193	7.913e-45	1715.0
d1yrba_.pdb	259	3.433e-56	2142.0
d1u5sb2.pdb	35	6.475e-08	281.0
d1v7za_.pdb	257	5.872e-58	2148.0
d1h3fa1.pdb	322	7.185e-61	2679.0
d3nxba_.pdb	101	1.661e-18	781.0
d1jb7a1.pdb	169	1.037e-35	1502.0
d3buxb1.pdb	86	1.736e-16	671.0
d3usya_.pdb	227	6.108e-34	1629.0
d1th8a_.pdb	132	7.916e-29	1159.0
d2fkba1.pdb	161	3.275e-33	1402.0
d1g9ga_.pdb	629	0.0	5801.0
d1hq8a_.pdb	123	4.022e-28	1149.0
d1sddb2.pdb	124	1.307e-28	1225.0
d2a61a1.pdb	139	4.772e-25	963.0
d2xsta_.pdb	149	2.056e-31	1378.0
d1ogda_.pdb	131	3.698e-29	1080.0
d1crua_.pdb	448	8.421e-101	4250.0
d2ghsa1.pdb	295	1.038e-63	2828.0
d1kxua2.pdb	125	8.397e-20	825.0
d1sopa_.pdb	24	0.0004062	165.0
d1soua_.pdb	194	2.017e-44	1647.0
d2je8a1.pdb	111	3.034e-21	992.0
d1a12a_.pdb	401	5.778e-91	3886.0
d2b59b2.pdb	96	1.393e-22	917.0
d3bwuc2.pdb	84	1.178e-15	737.0
d1gmxa_.pdb	108	1.053e-24	904.0
d1pbya5.pdb	108	1.238e-20	960.0
d2ayna1.pdb	337	3.452e-77	3051.0
d1ohua_.pdb	165	6.955e-24	1200.0
d1xfea2.pdb	44	1.198e-09	333.0
d1xrsb2.pdb	52	1.376e-08	406.0
d2byla1.pdb	404	4.125e-89	3597.0
d2r31a_.pdb	236	2.947e-41	1905.0
d1qmva_.pdb	197	3.472e-45	1702.0
d2o6xa_.pdb	306	2.452e-71	2699.0
d1n62a2.pdb	79	1.823e-18	681.0
d1tvca2.pdb	141	3.906e-34	1256.0
d2prva1.pdb	152	1.778e-30	1207.0
d1bgxt1.pdb	116	2.32e-19	831.0
d1fp5a2.pdb	105	1.681e-20	912.0
d1ojta2.pdb	125	1.132e-26	1056.0
d1whxa_.pdb	111	5.324e-23	868.0
d2g3ra2.pdb	66	7.397e-12	523.0
d3bdwa_.pdb	123	1.782e-26	1083.0
d1c1da1.pdb	201	3.546e-41	1650.0
d1ydga_.pdb	201	2.234e-42	1696.0
d2apob_.pdb	55	2.755e-10	390.0
d2blla1.pdb	330	1.95e-78	2975.0
d1ug2a_.pdb	95	6.692e-15	613.0
d1vbka2.pdb	175	1.483e-40	1537.0
d1fcdc2.pdb	94	8.459e-18	725.0
d1hnfa1.pdb	101	6.512e-20	882.0
d1q6za3.pdb	183	4.053e-40	1471.0
d1bx4a_.pdb	342	9.676e-76	3013.0
d1e4ua_.pdb	78	1.479e-21	626.0
d1e88a3.pdb	41	2.358e-08	346.0
d1dqaa4.pdb	292	1.079e-58	2521.0
d1wr8a_.pdb	230	8.394e-55	2034.0
d1njka_.pdb	133	3.072e-26	1124.0
d1w77a1.pdb	212	1.005e-48	1824.0
d1bhga3.pdb	304	2.527e-71	2719.0
d7ahla_.pdb	293	7.857e-57	2736.0
d1x9ma2.pdb	471	2.611e-89	4049.0
d2grea2.pdb	219	9.89e-50	1874.0
d1nxca_.pdb	467	5.048e-89	4080.0
d1jc4a_.pdb	145	1.74e-32	1302.0
d1x6aa2.pdb	34	1.904e-06	251.0
d1xr4a2.pdb	269	1.29e-62	2351.0
d1hyua4.pdb	96	7.254e-22	786.0
d1pn2a2.pdb	124	3.086e-27	1066.0
d2ekpa_.pdb	238	6.675e-53	2031.0
d1rl2a2.pdb	66	3.013e-12	528.0
d1vq8i1.pdb	70	1.767e-15	548.0
d1xrxa1.pdb	35	5.705e-05	197.0
d1xs1a_.pdb	193	4.178e-40	1790.0
d4dfaa_.pdb	129	1.396e-30	1124.0
d1p22a1.pdb	109	2.183e-18	806.0
d1r6va_.pdb	671	0.0	6345.0
d2nl9a_.pdb	142	3.093e-20	1015.0
d3i06a_.pdb	215	1.844e-55	1995.0
d1oe8a1.pdb	123	8.984e-19	858.0
d1v8da_.pdb	189	1.642e-43	1627.0
d2pula_.pdb	381	1.448e-64	3239.0
d2grca_.pdb	121	2.155e-20	889.0
d3pc6a_.pdb	99	4.707e-23	837.0
d1j2la_.pdb	68	2.514e-15	569.0
d1bboa1.pdb	28	0.0002022	166.0
d1bbza_.pdb	58	7.95e-12	525.0
d1jq4a_.pdb	98	3.052e-22	871.0
d1ogad1.pdb	115	3.731e-25	1079.0
d1zgka1.pdb	288	1.504e-56	2794.0
d1f1ea_.pdb	151	2.505e-25	1131.0
d1qr0a1.pdb	101	6.393e-23	834.0
d1yb3a1.pdb	166	7.774e-35	1389.0
d3l6ta_.pdb	226	1.249e-48	1935.0
d1te2a_.pdb	218	6.822e-48	1800.0
d2zeqa_.pdb	78	2.192e-17	656.0
d1a41a_.pdb	221	2.51e-40	1709.0
d1rlra2.pdb	525	0.0	4709.0
d1t3ta5.pdb	200	5.482e-47	1735.0
d2ouwa1.pdb	134	4.161e-20	855.0
d3bofa1.pdb	260	5.697e-52	2106.0
d2trcp_.pdb	217	2.802e-46	1729.0
d1nhpa3.pdb	126	1.037e-25	1058.0
d1xzpa1.pdb	173	1.481e-24	1211.0
d3iofa_.pdb	227	1.548e-54	2035.0
d3h2ve_.pdb	74	4.656e-16	624.0
d1ga6a_.pdb	369	3.555e-86	3240.0
d3irba_.pdb	137	3.448e-29	1199.0
d1i16a_.pdb	130	4.968e-27	1062.0
d1oeyj_.pdb	105	1.287e-23	906.0
d1wf3a1.pdb	178	1.017e-41	1560.0
d1inla_.pdb	285	2.443e-67	2597.0
d4a14a_.pdb	296	6.781e-72	2710.0
d2z0da1.pdb	309	1.333e-75	2829.0
d1tf3a1.pdb	31	5.332e-06	220.0
d1hf2a1.pdb	107	5.494e-23	952.0
d1m98a1.pdb	174	3.978e-28	1334.0
d1x46a_.pdb	150	1.079e-23	1084.0
d2huec_.pdb	82	3.054e-14	508.0
d2i00a2.pdb	291	1.638e-68	2653.0
d1snla_.pdb	99	2.054e-16	665.0
d1sy7a1.pdb	184	1.865e-43	1613.0
d2vapa2.pdb	123	5.945e-28	1054.0
d1f8v.1.pdb	355	2.419e-75	3240.0
d2nr7a1.pdb	192	5.365e-35	1515.0
d2vcha_.pdb	462	9.682e-102	4070.0
d2tgia_.pdb	112	8.089e-23	999.0
d1dcea3.pdb	124	4.22e-26	1054.0
d1fx8a_.pdb	254	3.356e-38	2032.0
d2d4za3.pdb	160	3.58e-37	1318.0
d2oiea1.pdb	102	8.588e-16	700.0
d3t0ha_.pdb	208	5.599e-44	1754.0
d1t5ia_.pdb	159	1.931e-34	1296.0
d3q80a_.pdb	218	2.247e-49	1831.0
d2cp8a1.pdb	41	2.586e-06	258.0
d2hf2a_.pdb	266	1.383e-59	2298.0
d1tzza1.pdb	243	1.081e-57	2124.0
d1li4a2.pdb	267	4.459e-51	2227.0
d1dq3a2.pdb	79	5.611e-16	623.0
d1jyha_.pdb	155	5.749e-32	1375.0
d1xvha1.pdb	64	2.648e-09	417.0
d1xyia_.pdb	66	4.683e-12	525.0
d2h29a_.pdb	188	1.03e-41	1545.0
d1q1aa_.pdb	285	1.995e-64	2462.0
d1bvp12.pdb	134	2.065e-28	1245.0
d2z1ea2.pdb	179	7.211e-43	1571.0
d1mb3a_.pdb	117	5.196e-25	931.0
d2c0ga1.pdb	106	1.088e-15	707.0
d2f1fa1.pdb	76	1.68e-15	602.0
d2z3ga_.pdb	123	7.191e-26	1020.0
d1ja1a1.pdb	279	4.994e-62	2411.0
d2ebfx3.pdb	192	1.096e-42	1607.0
d1f97a2.pdb	105	8.286e-22	978.0
d1rxqa_.pdb	174	3.301e-29	1351.0
d2nx8a_.pdb	168	6.819e-38	1426.0
d1f1sa2.pdb	78	2.217e-17	676.0
d1mixa1.pdb	114	2.262e-18	891.0
d1skza1.pdb	52	1.728e-11	420.0
d1smxa_.pdb	87	3.048e-18	738.0
d1wxqa2.pdb	71	6.789e-17	609.0
d1y9ka1.pdb	152	1.876e-30	1252.0
d3blda_.pdb	348	8.066e-75	3061.0
d1a4ia2.pdb	125	1.779e-24	906.0
d1pjqa1.pdb	113	6.536e-25	918.0
d2fug13.pdb	84	2.787e-20	775.0
d2h3ja1.pdb	75	3.311e-14	636.0
d3eaua_.pdb	327	1.005e-71	2801.0
d2onda1.pdb	308	1.14e-39	2181.0
d1m6ba1.pdb	134	2.146e-27	1201.0
d1opoa_.pdb	267	1.588e-71	2435.0
d2jdid1.pdb	118	6.838e-19	842.0
d1cvra2.pdb	350	2.267e-81	3087.0
d3kb2a_.pdb	171	7.771e-35	1370.0
d1wrda1.pdb	93	1.416e-13	571.0
d2adra1.pdb	29	9.054e-06	211.0
d1wp9a1.pdb	200	2.163e-44	1665.0
d1jsxa_.pdb	193	1.382e-44	1633.0
d2iida2.pdb	113	1.638e-24	952.0
d3h0na_.pdb	184	2.243e-35	1500.0
d1rx0a2.pdb	231	1.547e-51	2037.0
d3k1sa_.pdb	109	1.989e-13	621.0
d1hp8a_.pdb	68	1.432e-10	420.0
d1jnya1.pdb	95	1.58e-19	891.0
d1tqha_.pdb	242	2.606e-52	1993.0
d1jqba2.pdb	174	1.004e-38	1470.0
d2p6va1.pdb	97	3.228e-14	642.0
d3bmva4.pdb	406	6.021e-92	3679.0
d3delb_.pdb	232	8.238e-53	1993.0
d1r3ea1.pdb	77	7.456e-18	676.0
d1usma_.pdb	77	7.725e-16	593.0
d2a6ca1.pdb	69	5.175e-10	434.0
d2ge7a1.pdb	107	1.116e-23	882.0
d2pjsa1.pdb	111	1.163e-24	909.0
d3pr9a_.pdb	150	2.992e-31	1317.0
d1o8ba1.pdb	96	3.374e-21	837.0
d1dt9a3.pdb	138	5.824e-28	1113.0
d1sumb_.pdb	225	6.119e-31	1579.0
d2idra_.pdb	177	2.013e-39	1597.0
d1lsha3.pdb	351	1.311e-67	3097.0
d3eevc_.pdb	208	5.472e-45	1799.0
d1f35a_.pdb	162	6.692e-33	1415.0
d1vcoa1.pdb	242	4.011e-59	2151.0
d1geea_.pdb	261	6.398e-55	2220.0
d1cq3a_.pdb	224	1.942e-49	2144.0
d1xdia2.pdb	118	2.657e-23	922.0
d1lv7a_.pdb	251	4.538e-55	2128.0
d3bmva2.pdb	105	4.719e-22	956.0
d1f81a_.pdb	87	7.113e-14	605.0
d1ig8a2.pdb	262	3.786e-52	2159.0
d2gkea1.pdb	130	3.047e-30	1157.0
d3tgla_.pdb	265	1e-60	2350.0
d1vmga_.pdb	83	1.423e-11	490.0
d1wfua_.pdb	120	1.033e-22	1039.0
d2p0sa1.pdb	130	3.949e-25	911.0
d3mmga_.pdb	217	4.171e-44	2026.0
d1ud9a2.pdb	119	5.612e-24	1055.0
d2inwa1.pdb	117	1.847e-25	1025.0
d1ab8a_.pdb	177	8.161e-39	1522.0
d1vhca_.pdb	212	2.743e-42	1660.0
d1ltqa1.pdb	149	1.148e-33	1263.0
d2dy1a5.pdb	96	1.344e-21	800.0
d3gixa_.pdb	141	1.73e-33	1233.0
d1j3wa_.pdb	134	8.36e-29	1111.0
d1woqa2.pdb	124	3.154e-28	1049.0
d2nwta1.pdb	61	1.101e-08	321.0
d3a8ga_.pdb	197	1.755e-41	1572.0
d1gz2a_.pdb	139	3.894e-31	1233.0
d1m36a_.pdb	33	1.08e-06	245.0
d1m55a_.pdb	193	1.269e-42	1675.0
d2c42a2.pdb	447	1.504e-89	3776.0
d1zc6a1.pdb	114	1.66e-26	971.0
d2qtpa1.pdb	147	9.021e-34	1320.0
d1sc6a3.pdb	84	4.967e-19	689.0
d1wj9a2.pdb	101	1.715e-24	851.0
d2haza1.pdb	101	1.58e-20	945.0
d2nlya1.pdb	216	1.553e-46	1867.0
d1xe1a_.pdb	91	2.409e-16	787.0
d2vapa1.pdb	209	1.411e-47	1723.0
d2b5id1.pdb	59	4.157e-11	442.0
d2bw8a_.pdb	226	3.371e-49	2190.0
d1i1wa_.pdb	303	1.235e-63	2679.0
d3laea_.pdb	81	3.64e-16	656.0
d1cs6a2.pdb	105	1.051e-20	916.0
d1m72a_.pdb	247	2.394e-57	2167.0
d2qswa1.pdb	90	3.239e-19	754.0
d2pbib_.pdb	345	8.963e-78	3280.0
d1tu7a2.pdb	77	2.617e-16	604.0
d1vzma_.pdb	43	1.087e-06	269.0
d1wima_.pdb	94	1.579e-20	761.0
d1zu1a2.pdb	55	1.082e-10	398.0
d1zuna1.pdb	197	5.404e-44	1605.0
d1hcda_.pdb	118	6.941e-20	950.0
d1ncna_.pdb	110	8.306e-25	1008.0
d1yjdc1.pdb	118	1.423e-25	1166.0
d3b8pa1.pdb	207	1.725e-41	1541.0
d1nh8a1.pdb	202	2.846e-49	1811.0
d2gmqa1.pdb	99	1.396e-20	856.0
d3t4na_.pdb	139	4.799e-28	1099.0
d1n69a_.pdb	78	3.796e-11	485.0
d1plqa2.pdb	132	1.739e-27	1176.0
d2dt7b1.pdb	84	2.243e-13	543.0
d2hfva1.pdb	75	2.61e-15	593.0
d3bl2a_.pdb	131	7.853e-21	986.0
d1hlva1.pdb	66	2.577e-10	424.0
d1krua_.pdb	201	3.638e-39	1761.0
d1mppa_.pdb	357	9.341e-83	3440.0
d3d2wa_.pdb	72	1.893e-16	605.0
d1c0aa2.pdb	133	8.985e-29	1115.0
d1nria_.pdb	248	1.241e-47	1971.0
d1bs0a_.pdb	383	5.591e-85	3371.0
d1eyfa_.pdb	92	7.835e-21	767.0
d1gtea2.pdb	307	1.103e-71	2721.0
d1gd8a_.pdb	105	3.188e-20	797.0
d1o5ha_.pdb	200	1.178e-25	1301.0
d1xfia_.pdb	343	5.47e-74	2904.0
d1fx7a3.pdb	86	3.591e-17	710.0
d1slua_.pdb	131	1.756e-26	1173.0
d1zbsa1.pdb	176	1.241e-36	1436.0
d1aqta1.pdb	50	7.587e-07	283.0
d1czpa_.pdb	98	1.509e-21	869.0
d1kqra_.pdb	160	5.661e-32	1472.0
d2cfxa1.pdb	63	3.099e-10	397.0
d2crna1.pdb	51	6.029e-09	348.0
d2crua1.pdb	105	5.621e-17	678.0
d2ij2a_.pdb	450	3.108e-76	3814.0
d1u2ha_.pdb	96	1.385e-20	917.0
d2d8xa1.pdb	32	2.681e-06	240.0
d2dasa1.pdb	49	2.141e-08	325.0
d2dk1a1.pdb	38	5.001e-07	288.0
d2hafa1.pdb	178	3.61e-38	1557.0
d1h99a1.pdb	115	5.512e-18	817.0
d1pzsa_.pdb	171	2.081e-35	1553.0
d2i9fa1.pdb	56	4.944e-10	380.0
d2oara1.pdb	109	3.2e-19	659.0
d2vwsa_.pdb	256	1.215e-54	2149.0
d1is3a_.pdb	134	1.04e-26	1263.0
d1xuba1.pdb	128	2.85e-30	1135.0
d2qamz1.pdb	77	1.742e-16	595.0
d3g02a_.pdb	387	7.248e-87	3450.0
d3tpaa_.pdb	507	0.0	4663.0
d1icha_.pdb	87	1.893e-13	609.0
d1n62b2.pdb	663	0.0	6186.0
d1t9ba3.pdb	227	9.288e-51	1899.0
d1deka_.pdb	241	1.905e-50	2007.0
d2mhra_.pdb	118	1.201e-18	855.0
d1p4aa1.pdb	73	1.635e-14	522.0
d1s1da_.pdb	317	2.974e-72	3103.0
d1byka_.pdb	255	4.151e-56	2139.0
d3c9ga_.pdb	130	1.768e-26	1054.0
d1kgsa1.pdb	97	1.805e-20	767.0
d1n0ua4.pdb	79	2.901e-17	647.0
d1yaro_.pdb	218	2.265e-30	1576.0
d1d1ga_.pdb	164	3.989e-38	1440.0
d1wzua1.pdb	271	9.954e-59	2323.0
d1n71a_.pdb	180	3.213e-43	1597.0
d1ih7a1.pdb	375	4.274e-76	3281.0
d1inpa_.pdb	400	1.376e-88	3542.0
d2zcwa2.pdb	112	1.215e-21	950.0
d1eyqa_.pdb	212	6.09e-46	1872.0
d2a3la1.pdb	616	0.0	5261.0
d1w7ca3.pdb	146	1.166e-31	1216.0
d2hsza1.pdb	224	2.866e-50	1926.0
d1s3ja_.pdb	143	2.03e-24	921.0
d1ybea2.pdb	155	4.526e-32	1262.0
d2zjru1.pdb	72	4.518e-13	549.0
d2cvla_.pdb	124	2.089e-28	1075.0
d2vvpa_.pdb	157	3.429e-35	1328.0
d1mj4a_.pdb	79	2.717e-17	637.0
d1nbua_.pdb	118	1.368e-25	985.0
d1ujoa_.pdb	144	2.931e-24	1161.0
d2fmpa1.pdb	82	5.985e-15	586.0
d2mnra1.pdb	227	3.01e-52	1958.0
d1xrua1.pdb	277	4.08e-60	2670.0
d1h3na3.pdb	494	0.0	4547.0
d1io0a_.pdb	166	3.23e-35	1368.0
d1xxaa_.pdb	71	4.524e-14	563.0
d2i7ca_.pdb	281	2.878e-65	2562.0
d2bzga1.pdb	229	8.356e-56	2052.0
d1gl1i_.pdb	34	1.331e-06	281.0
d1kbva2.pdb	151	1.554e-34	1438.0
d1udda_.pdb	215	5.463e-30	1551.0
d2pwaa_.pdb	279	2.207e-72	2546.0
d1sxje1.pdb	99	7.019e-16	721.0
d1yx1a1.pdb	250	4.731e-57	2148.0
d1v5ta_.pdb	90	1.374e-19	733.0
d2csba1.pdb	59	4.135e-09	396.0
d2dk5a1.pdb	78	3.598e-15	564.0
d2osoa_.pdb	157	6.867e-32	1251.0
d1ew0a_.pdb	130	3.337e-27	1104.0
d1mdoa_.pdb	365	8.941e-84	3251.0
d1ckea_.pdb	212	1.724e-42	1710.0
d2esha1.pdb	114	1.578e-20	772.0
d2uuia1.pdb	146	8.295e-22	979.0
d1h1oa1.pdb	82	1.537e-15	622.0
d1jwib_.pdb	123	8.701e-27	1100.0
d1uwwa_.pdb	184	5.498e-40	1745.0
d2wy4a_.pdb	139	1.912e-19	954.0
d1fkma2.pdb	128	7.598e-19	927.0
d1l6za2.pdb	96	3.658e-20	854.0
d1w9sa_.pdb	134	6.94e-27	1264.0
d3gmxa_.pdb	154	7.637e-35	1409.0
d1htr.1.pdb	43	1.035e-06	251.0
d1i25a_.pdb	37	1.292e-06	270.0
d1i36a1.pdb	106	4.349e-15	703.0
d1nekb2.pdb	106	6.13e-21	878.0
d1igna2.pdb	103	2.058e-21	790.0
d1ko7a2.pdb	156	5.743e-36	1355.0
d1w36b2.pdb	395	2.099e-79	3355.0
d1s29a_.pdb	92	4.389e-18	670.0
d1sh5a1.pdb	120	7.974e-20	918.0
d2gana1.pdb	182	4.538e-40	1528.0
d1b63a2.pdb	218	8.679e-50	1885.0
d1uwca_.pdb	261	1.215e-60	2304.0
d1ecia_.pdb	37	3.445e-05	229.0
d1evya2.pdb	189	3.128e-46	1678.0
d1t71a_.pdb	281	2.726e-64	2597.0
d1ly2a1.pdb	67	4.337e-13	584.0
d1pdaa2.pdb	88	1.31e-19	729.0
d1vqza1.pdb	88	1.131e-18	706.0
d2azeb1.pdb	101	5.985e-17	647.0
d2j49a1.pdb	134	1.555e-22	990.0
d3i47a_.pdb	259	3.667e-55	2113.0
d1svma_.pdb	362	5.758e-66	3049.0
d1fo8a_.pdb	330	4.182e-81	3047.0
d2hjsa2.pdb	190	1.707e-44	1676.0
d2q3za3.pdb	98	8.173e-20	909.0
d1ekja_.pdb	210	1.376e-45	1755.0
d2b0ga1.pdb	83	1.247e-18	686.0
d2ihta3.pdb	198	3.287e-44	1656.0
d1kl9a1.pdb	94	1.447e-14	648.0
d1qhda1.pdb	213	1.208e-37	1721.0
d2oeba1.pdb	152	2.061e-23	1159.0
d1cjxa1.pdb	150	1.152e-33	1364.0
d1rm6a1.pdb	125	1.043e-26	1023.0
d1xpaa1.pdb	77	1.478e-16	615.0
d1bboa2.pdb	29	2.336e-05	192.0
d1bcoa1.pdb	80	8.983e-15	673.0
d1mtp.1.pdb	320	4.061e-74	2893.0
d2vhla2.pdb	301	1.527e-70	2669.0
d2b06a1.pdb	150	2.322e-34	1395.0
d3kcgi_.pdb	419	2.319e-97	3785.0
d2pqca_.pdb	445	1.9e-102	4162.0
d2cr8a1.pdb	41	7.601e-08	293.0
d2crya1.pdb	115	3.979e-23	1039.0
d1c0pa1.pdb	268	1.25e-61	2419.0
d1zmaa1.pdb	115	5.115e-25	946.0
d3bz6a2.pdb	84	5.004e-17	627.0
d1cg5b_.pdb	141	1.06e-20	1029.0
d1l9na2.pdb	114	6.068e-23	1054.0
d1xxla_.pdb	234	5.66e-54	2076.0
d1r44a_.pdb	202	1.168e-47	1791.0
d2ahra2.pdb	152	2.138e-31	1298.0
d1b24a2.pdb	79	4.388e-17	635.0
d1g7sa3.pdb	131	4.797e-28	1013.0
d1uj0a_.pdb	58	3.486e-11	485.0
d1ifwa_.pdb	92	1.05e-13	609.0
d1m1qa_.pdb	90	8.922e-19	718.0
d1mf7a_.pdb	194	2.451e-44	1648.0
d2io8a1.pdb	115	8.721e-26	956.0
d1azsc1.pdb	116	2.327e-21	851.0
d1g5ta_.pdb	157	4.967e-34	1266.0
d1zk5a_.pdb	172	3.805e-37	1685.0
d3klra_.pdb	125	4.009e-26	1082.0
d1i36a2.pdb	152	3.056e-34	1343.0
d2fr1a1.pdb	247	3.906e-57	2144.0
d2je6b1.pdb	148	2.008e-32	1250.0
d1lsla1.pdb	54	2.945e-10	471.0
d1ny9a_.pdb	94	1.056e-14	687.0
d1qo0d_.pdb	189	5.289e-38	1448.0
d2wqfa_.pdb	189	1.07e-38	1547.0
d1op4a_.pdb	136	8.27e-28	1168.0
d1yoxa1.pdb	190	2.008e-35	1665.0
d1c8na_.pdb	189	1.137e-46	1733.0
d1sd4a_.pdb	122	1.777e-21	824.0
d2b2ya1.pdb	80	6.26e-16	598.0
d1rp3a1.pdb	77	2.995e-11	423.0
d1rqba1.pdb	168	6.535e-27	1231.0
d2ca6a1.pdb	343	4.024e-71	2867.0
d1uxoa_.pdb	186	3.651e-42	1581.0
d1akya2.pdb	38	4.41e-07	288.0
d1aoaa1.pdb	131	8.718e-21	1034.0
d1r0da_.pdb	194	4.057e-27	1353.0
d2g5ca2.pdb	171	1.573e-37	1458.0
d1nh2c_.pdb	50	8.37e-10	449.0
d1w1ha_.pdb	147	6.797e-30	1293.0
d2g82a1.pdb	168	4.807e-40	1485.0
d1b8wa_.pdb	42	2.186e-09	352.0
d1q8da_.pdb	100	1.021e-18	768.0
d1t07a_.pdb	81	2.847e-16	596.0
d1utga_.pdb	70	2.02e-10	466.0
d1vpaa_.pdb	221	4.928e-50	1892.0
d1fwxa1.pdb	132	1.638e-33	1244.0
d1ofcx3.pdb	87	2.809e-16	616.0
d1qapa2.pdb	122	1.506e-25	1018.0
d1yzxa_.pdb	218	5.808e-39	1804.0
d1iknd_.pdb	215	8.05e-41	1805.0
d1ru0a_.pdb	100	1.195e-20	802.0
d1yg2a_.pdb	169	1.878e-29	1168.0
d2je8a4.pdb	192	1.827e-45	1775.0
d1h6kx_.pdb	77	1.997e-18	672.0
d1m6ia1.pdb	211	1.851e-48	1911.0
d2cuia1.pdb	101	1.063e-18	890.0
d3cipg_.pdb	128	6.736e-30	1123.0
d1l3wa3.pdb	113	1.391e-23	1038.0
d1v05a_.pdb	96	1.313e-21	906.0
d1sxje2.pdb	218	1.597e-46	1808.0
d1csei_.pdb	63	6.057e-14	528.0
d1ebfa2.pdb	190	6.652e-42	1613.0
d1t23a_.pdb	93	1.677e-21	845.0
d1vema2.pdb	417	1.244e-91	3738.0
d2bcma_.pdb	138	2.845e-27	1248.0
d3nm6b_.pdb	229	8.12e-54	2057.0
d2z9ia2.pdb	197	1.474e-40	1765.0
d1lfka_.pdb	375	1.678e-65	3165.0
d2z3qa1.pdb	109	1.337e-19	759.0
d1rk8c_.pdb	33	4.767e-06	262.0
d1snza_.pdb	344	3.7e-73	3264.0
d3cu4a_.pdb	79	2.728e-18	631.0
d3ibxd_.pdb	216	9.549e-31	1564.0
d1qvea_.pdb	126	6.048e-25	990.0
d1ycca_.pdb	108	3.86e-26	882.0
d2b5ga_.pdb	164	2.329e-34	1306.0
d1by1a_.pdb	209	1.017e-29	1494.0
d1nkza_.pdb	53	4.229e-08	258.0
d1nkzb_.pdb	41	6.79e-06	192.0
d1mw5a_.pdb	162	2.5e-32	1242.0
d1xrsa_.pdb	516	1.828e-89	4443.0
d1hzda_.pdb	266	1.739e-56	2210.0
d2octa_.pdb	97	1.149e-16	747.0
d1e8ga1.pdb	287	3.664e-62	2514.0
d2cqaa1.pdb	82	1.618e-15	677.0
d2zs0b_.pdb	142	3.722e-21	1054.0
d1ezwa_.pdb	347	2.876e-75	3048.0
d1g9ra_.pdb	278	3.355e-63	2403.0
d2a9sa1.pdb	167	4.493e-37	1416.0
d1jnra3.pdb	145	5.476e-30	1147.0
d1ni5a3.pdb	118	9.203e-25	1060.0
d1vq831.pdb	92	9.031e-20	777.0
d2d4ca1.pdb	220	1.572e-29	1406.0
d3iwta_.pdb	166	3.173e-37	1378.0
d1pjqa2.pdb	233	2.191e-55	2085.0
d2yqca_.pdb	480	0.0	4298.0
d1csha_.pdb	435	4.047e-65	3460.0
d2a1ka_.pdb	215	1.217e-51	1926.0
d1gy8a_.pdb	367	4.675e-86	3287.0
d2nvwa1.pdb	219	4.709e-44	1766.0
d1u6za3.pdb	177	4.147e-37	1461.0
d3fapb_.pdb	94	3.466e-14	644.0
d1f4pa_.pdb	147	1.003e-33	1273.0
d2c78a2.pdb	93	1.953e-17	832.0
d3hqaa_.pdb	66	7.065e-11	433.0
d1c5ea_.pdb	95	6.78e-23	870.0
d1guda_.pdb	288	2.852e-54	2387.0
d1fmba_.pdb	104	1.156e-20	923.0
d1t9ia_.pdb	153	8.227e-30	1255.0
d1tc1a_.pdb	175	2.924e-40	1539.0
d2pvba_.pdb	107	2.962e-19	799.0
d3l6ea_.pdb	210	1.157e-44	1754.0
d2gnxa1.pdb	147	4.468e-20	946.0
d2vwra_.pdb	95	7.393e-18	769.0
d3u8ea_.pdb	216	8.762e-54	2005.0
d1m3qa1.pdb	190	8.277e-33	1545.0
d1vp7a_.pdb	68	9.329e-11	398.0
d1x52a1.pdb	111	1.239e-24	900.0
d2irfg_.pdb	109	1.749e-25	911.0
d1kzyc2.pdb	106	2.94e-24	887.0
d1smoa_.pdb	113	1.042e-23	1014.0
d2djfa_.pdb	118	4.766e-24	1118.0
d1d2pa4.pdb	96	2.251e-19	854.0
d1kpta_.pdb	105	1.266e-25	966.0
d1rfya_.pdb	89	2.789e-13	572.0
d1uadc_.pdb	92	2.098e-19	861.0
d2ba0g2.pdb	79	6.179e-16	597.0
d2je6a1.pdb	188	1.849e-41	1596.0
d1k8qa_.pdb	377	9.896e-95	3432.0
d1qtqa1.pdb	198	1.488e-46	1901.0
d2fwha_.pdb	117	2.65e-27	1000.0
d3snya_.pdb	87	1.504e-19	803.0
d1gh9a_.pdb	71	7.796e-15	567.0
d1h9ka1.pdb	76	1.66e-14	597.0
d1m9ua_.pdb	241	5.275e-54	2254.0
d2mpra_.pdb	421	2.99e-79	3878.0
d1vlua_.pdb	395	2.607e-80	3337.0
d2h9ec_.pdb	52	2.363e-11	412.0
d2i3ba1.pdb	189	3.666e-43	1611.0
d1uxca_.pdb	50	3.039e-09	376.0
d1v5da_.pdb	386	4.834e-77	3421.0
d1lkxa_.pdb	650	0.0	5671.0
d1y1oa_.pdb	168	1.374e-37	1448.0
d2py5a1.pdb	183	1.556e-42	1623.0
d1k0ga_.pdb	420	8.375e-96	3921.0
d1j5ya1.pdb	65	1.136e-11	438.0
d1m2tb1.pdb	136	7.032e-28	1210.0
d1vkda_.pdb	327	2.85e-63	3113.0
d1dsqa_.pdb	21	0.0004771	164.0
d1v65a_.pdb	64	5.544e-11	382.0
d1v6ga1.pdb	41	6.905e-08	302.0
d1v8ha1.pdb	106	2.717e-20	978.0
d2fcwb1.pdb	39	7.244e-08	288.0
d2fdoa1.pdb	92	4.457e-16	628.0
d2htia1.pdb	126	1.432e-26	1117.0
d1iuqa_.pdb	357	3.944e-71	2970.0
d3mkva2.pdb	311	1.119e-70	2680.0
d2spca_.pdb	107	2.342e-15	504.0
d2vdxa_.pdb	366	3.083e-83	3363.0
d1q9ca_.pdb	164	2.139e-25	1271.0
d2dt5a2.pdb	126	2.736e-25	1048.0
d1b34a_.pdb	80	8.385e-16	694.0
d1h3oa_.pdb	49	1.983e-07	282.0
d1h8ua_.pdb	115	3.839e-25	1019.0
d1oe8a2.pdb	81	1.229e-18	674.0
d1w6ga2.pdb	88	1.004e-17	705.0
d2gjva1.pdb	134	2.757e-28	1178.0
d1cg5a_.pdb	141	2.421e-20	1022.0
d1pgua1.pdb	325	3.179e-69	3102.0
d1nr3a_.pdb	122	2.837e-26	976.0
d1t2da2.pdb	165	3.003e-34	1323.0
d1ykwa1.pdb	283	3.65e-61	2467.0
d1vfga2.pdb	127	4.445e-28	1072.0
d2cu8a2.pdb	33	2.516e-06	241.0
d2duya1.pdb	65	1.163e-12	481.0
d2eiaa2.pdb	131	4.879e-22	995.0
d2ooka1.pdb	125	1.891e-26	1071.0
d1fnna1.pdb	103	1.281e-18	766.0
d1qtwa_.pdb	285	5.854e-61	2454.0
d1se0a_.pdb	97	9.571e-22	804.0
d1us0a_.pdb	313	6.951e-71	2730.0
d1rfea_.pdb	160	3.724e-33	1340.0
d2gf3a2.pdb	104	1.925e-22	942.0
d3p3va_.pdb	162	1.241e-35	1316.0
d1r3na2.pdb	116	3.19e-26	1001.0
d2cuma1.pdb	93	1.059e-16	802.0
d3fsoa_.pdb	109	5.9e-23	1068.0
d1ky8a_.pdb	499	0.0	4536.0
d1qwga_.pdb	251	6.756e-50	2073.0
d1qada_.pdb	104	2.161e-24	917.0
d1vbka1.pdb	132	1.335e-27	1010.0
d2v7fa1.pdb	139	1.872e-25	1065.0
d1irza_.pdb	64	3.856e-12	466.0
d1l3wa4.pdb	107	1.691e-21	952.0
d1t8ka_.pdb	77	6.271e-13	535.0
d1vyqa1.pdb	139	9.52e-30	1260.0
d2tnfa_.pdb	148	2.581e-30	1392.0
d1q1ra2.pdb	133	1.777e-29	1131.0
d2ao9a1.pdb	117	6.523e-18	811.0
d1qcxa_.pdb	359	4.044e-66	3298.0
d2gp4a1.pdb	190	2.282e-43	1610.0
d1edza2.pdb	146	1.04e-30	1127.0
d1tqya2.pdb	205	1.702e-50	1826.0
d2g7ga1.pdb	65	3.656e-11	435.0
d2hpsa_.pdb	184	3.099e-28	1398.0
d1ig3a1.pdb	85	4.273e-17	793.0
d1r5sa_.pdb	132	5.198e-24	869.0
d1r6fa_.pdb	272	4.141e-49	2082.0
d2b69a1.pdb	312	4.648e-72	2736.0
d1yaca_.pdb	204	6.468e-44	1704.0
d1l0wa1.pdb	104	1.545e-21	957.0
d1ulya_.pdb	190	1.94e-34	1389.0
d2j3wb1.pdb	167	5.529e-34	1324.0
d1fepa_.pdb	680	0.0	6149.0
d1an4a_.pdb	65	6.517e-12	401.0
d1ayea2.pdb	94	6.393e-18	734.0
d1kmma1.pdb	99	1.061e-22	830.0
d1v5ma_.pdb	136	1.522e-25	1117.0
d2q78a1.pdb	130	6.038e-24	1054.0
d1wpga4.pdb	472	2.078e-63	3671.0
d1ps9a2.pdb	162	6.51e-39	1432.0
d2c9ja_.pdb	213	4.513e-47	2107.0
d1g6xa_.pdb	58	2.642e-12	484.0
d1j6ua2.pdb	134	1.009e-29	1121.0
d2bnqd1.pdb	113	5.452e-24	1069.0
d3ty4a_.pdb	356	3.405e-76	3057.0
d3cjib_.pdb	238	2.478e-48	2059.0
d1q9ua_.pdb	128	5.927e-29	1040.0
d2d0ob1.pdb	108	4.74e-26	960.0
d1fc3a_.pdb	119	1.206e-18	857.0
d1lw7a1.pdb	163	3.188e-37	1365.0
d2dida1.pdb	40	1.662e-08	330.0
d2e9xc1.pdb	105	4.992e-17	732.0
d2hq9a1.pdb	134	8.023e-27	1164.0
d1i6ua_.pdb	129	2.927e-27	1107.0
d1rowa_.pdb	107	5.776e-20	982.0
d2ayja1.pdb	56	4.929e-12	429.0
d2c81a_.pdb	408	4.937e-96	3710.0
d1ynba1.pdb	167	6.93e-26	1255.0
d1h1na_.pdb	305	7.54e-72	2757.0
d1cida2.pdb	72	1.819e-13	628.0
d1ixma_.pdb	168	2.282e-35	1358.0
d1wh7a_.pdb	80	2.427e-13	503.0
d1xqra1.pdb	264	4.655e-35	1963.0
d1hdha_.pdb	525	0.0	4690.0
d1gska3.pdb	154	4.921e-33	1486.0
d1yvra2.pdb	174	2.49e-40	1513.0
d1evya1.pdb	157	1.503e-23	1163.0
d1r2za3.pdb	46	1.619e-09	375.0
d2d0oa2.pdb	241	1.376e-52	2131.0
d1knwa1.pdb	174	2.394e-41	1598.0
d1wgma_.pdb	98	4.312e-20	740.0
d1y6da_.pdb	114	3.088e-18	767.0
d1zara2.pdb	178	8.867e-38	1525.0
d1i7da_.pdb	620	0.0	5512.0
d2aqma_.pdb	154	1.911e-33	1457.0
d3sila_.pdb	379	3.612e-81	3631.0
d1zj8a3.pdb	149	7.611e-34	1287.0
d3n55.1.pdb	111	3.893e-23	1001.0
d2pgfa_.pdb	359	2.537e-66	2969.0
d1bw0a_.pdb	412	4.747e-95	3685.0
d1dtja_.pdb	74	1.148e-15	600.0
d1js8a2.pdb	101	6.258e-20	941.0
d1vkba_.pdb	147	1.339e-30	1336.0
d2quda_.pdb	125	6.145e-23	964.0
d1eq9a_.pdb	222	9.172e-49	2088.0
d1yi9a1.pdb	152	7.73e-31	1400.0
d3dgpb_.pdb	63	1.094e-11	445.0
d1alna2.pdb	144	4.257e-33	1233.0
d1xeoa_.pdb	165	8.166e-35	1383.0
d3bixa_.pdb	555	0.0	5125.0
d1b67a_.pdb	68	4.535e-11	423.0
d1bx7a_.pdb	51	8.326e-11	400.0
d1cb8a1.pdb	310	6.383e-48	2522.0
d2cq0a1.pdb	90	4.475e-21	760.0
d2pcja_.pdb	223	7.156e-50	1934.0
d1ugx.1.pdb	15	1.255	57.0
d1uhra_.pdb	93	2.104e-19	718.0
d1vk3a1.pdb	165	3.493e-38	1386.0
d1smye_.pdb	95	1.366e-16	677.0
d1uiya_.pdb	253	1.191e-52	1992.0
d2vfxa_.pdb	203	2.323e-42	1722.0
d1tf7a1.pdb	242	1.217e-54	2084.0
d1qe0a1.pdb	95	1.734e-20	762.0
d1x4ma1.pdb	81	1.512e-16	634.0
d2doea1.pdb	70	4.657e-11	466.0
d2guda1.pdb	121	2.282e-23	1088.0
d1bjxa_.pdb	110	2.553e-23	862.0
d1kqfb1.pdb	244	2.507e-58	2171.0
d1y4wa1.pdb	164	5.978e-34	1530.0
d1exka_.pdb	79	1.439e-19	700.0
d1fvra_.pdb	299	1.591e-64	2650.0
d2i9wa1.pdb	113	2.12e-22	930.0
d1b3aa_.pdb	67	3.22e-13	526.0
d1sena_.pdb	134	5.232e-32	1174.0
d2btoa1.pdb	242	1.03e-55	2089.0
d1oxwa_.pdb	360	3.349e-71	3043.0
d1hkya_.pdb	86	1.716e-17	698.0
d1k3xa2.pdb	124	3.492e-26	1119.0
d1mqea_.pdb	187	3.085e-42	1667.0
d2fiya1.pdb	285	1.091e-53	2344.0
d1jova_.pdb	269	3.955e-55	2570.0
d2ew0a1.pdb	175	1.377e-39	1572.0
d1ei7a_.pdb	158	4.262e-30	1198.0
d1osya_.pdb	114	1.929e-24	1018.0
d1zsqa1.pdb	125	1.941e-25	1074.0
d2p6ra2.pdb	198	2.516e-31	1542.0
d1kk1a2.pdb	87	9.747e-16	734.0
d1sfea2.pdb	81	4.167e-16	613.0
d1e6ca_.pdb	170	6.061e-35	1375.0
d2frha_.pdb	127	5.554e-24	875.0
d3ezsa_.pdb	374	2.04e-79	3274.0
d3hl8a_.pdb	456	6.195e-84	3931.0
d1ex0a2.pdb	112	2.427e-20	987.0
d1xfja_.pdb	256	1.618e-62	2393.0
d3fdja_.pdb	276	3.225e-64	2412.0
d2c0ga2.pdb	122	2.399e-28	1030.0
d3gaga_.pdb	206	2.476e-42	1650.0
d1lrza3.pdb	170	1.486e-35	1345.0
d2vzsa4.pdb	184	1.84e-41	1703.0
d1nowa1.pdb	349	1.873e-77	3079.0
d1cxya_.pdb	81	1.887e-19	704.0
d1qpxa1.pdb	115	2.365e-23	1092.0
d1zbpa1.pdb	264	6.698e-53	2211.0
d1iq0a3.pdb	96	2.844e-19	721.0
d1of9a_.pdb	77	7.469e-12	532.0
d1pvga2.pdb	239	3.05e-56	2145.0
d3dwba_.pdb	660	0.0	5601.0
d3u9qa_.pdb	257	6.4e-39	1927.0
d1bg1a1.pdb	177	4.311e-24	1158.0
d1yt3a3.pdb	193	5.095e-41	1630.0
d1bifa2.pdb	219	3.61e-51	1907.0
d1u2ma_.pdb	86	1.644e-15	603.0
d1uwva2.pdb	357	4.85e-83	3235.0
d1w9pa1.pdb	333	1.209e-77	2957.0
d1ue1a_.pdb	113	9.329e-22	1006.0
d2jn6a1.pdb	89	3.766e-15	604.0
d2owpa1.pdb	128	4.163e-28	1103.0
d1jzta_.pdb	243	2.803e-56	2053.0
d1oc7a_.pdb	364	8.443e-85	3198.0
d1jaka2.pdb	143	4.833e-35	1330.0
d1vola1.pdb	95	4.481e-15	704.0
d2eyqa5.pdb	211	1.372e-45	1680.0
d1jpma2.pdb	125	2.494e-26	1042.0
d1t4oa_.pdb	81	7.326e-18	693.0
d1x5wa1.pdb	28	5.704e-05	182.0
d1xg0c_.pdb	174	1.425e-24	1246.0
d2yzca1.pdb	131	1.192e-27	1128.0
d1gu7a1.pdb	175	5.69e-38	1572.0
d2fl7a_.pdb	183	3.222e-40	1577.0
d1dv1a3.pdb	204	3.716e-46	1806.0
d1wi8a_.pdb	104	7.012e-22	826.0
d2gi3a1.pdb	451	3.743e-101	3919.0
d1wh1a_.pdb	124	1.119e-22	1006.0
d2o8ra4.pdb	186	9.24e-41	1583.0
d1pfba_.pdb	55	1.643e-10	443.0
d1ufaa2.pdb	404	8.221e-88	3564.0
d1rzxa_.pdb	98	3.138e-19	818.0
d1wh3a_.pdb	87	2.104e-19	721.0
d3oska_.pdb	121	6.451e-27	1182.0
d1mlaa2.pdb	70	3.862e-15	581.0
d1vlya2.pdb	241	6.315e-55	2123.0
d1i8aa_.pdb	189	2.054e-40	1788.0
d1x9la_.pdb	149	1.793e-30	1340.0
d2pywa_.pdb	417	6.433e-69	3533.0
d2jdia1.pdb	131	1.148e-18	893.0
d1ex0a3.pdb	100	9.349e-19	911.0
d1qjla_.pdb	28	0.0006446	163.0
d1qjta_.pdb	99	8.92e-20	766.0
d1qzxa2.pdb	131	1.984e-20	974.0
d1uqta_.pdb	452	5.37e-89	4047.0
d3c96a2.pdb	111	2.135e-23	980.0
d1el0a_.pdb	74	1.432e-16	619.0
d1hnja2.pdb	143	2.428e-32	1175.0
d1uoha_.pdb	223	1.541e-36	1806.0
d2ozka1.pdb	164	4.518e-38	1431.0
d1eara1.pdb	74	6.681e-16	604.0
d1ha8a_.pdb	51	2.323e-13	395.0
d1heka_.pdb	116	8.135e-22	906.0
d2ajta1.pdb	170	7.799e-35	1464.0
d1e3ha6.pdb	96	7.666e-18	730.0
d1lira_.pdb	37	4.596e-08	307.0
d1m15a2.pdb	262	1.481e-60	2310.0
d3df8a_.pdb	109	3.487e-21	776.0
d1i1ga2.pdb	80	2.839e-16	637.0
d1oi6a_.pdb	202	9.798e-43	1832.0
d2f2ea1.pdb	142	1.267e-27	1074.0
d2ob3a_.pdb	330	9.699e-73	2907.0
d3bmva3.pdb	89	6.096e-18	801.0
d1uypa1.pdb	138	2.342e-27	1281.0
d2vv5a1.pdb	67	8.881e-14	564.0
d3dara1.pdb	97	1.124e-22	913.0
d1hf2a2.pdb	89	8.456e-20	723.0
d1q2ha_.pdb	63	2.147e-10	333.0
d1q2la1.pdb	229	4.835e-52	1949.0
d2vy4a1.pdb	35	6.675e-07	252.0
d2vyxa_.pdb	67	5.518e-12	534.0
d1cuka3.pdb	64	7.648e-13	544.0
d1gqia1.pdb	561	0.0	4979.0
d1rlwa_.pdb	126	5.61e-25	1144.0
d2g3wa1.pdb	179	1.422e-41	1584.0
d1kw3b2.pdb	156	8.211e-35	1439.0
d1yo5c1.pdb	88	1.854e-20	716.0
d2bhua2.pdb	72	6.113e-13	606.0
d2ntsp1.pdb	113	4.081e-26	1078.0
d1f32a_.pdb	127	1.092e-28	1091.0
d1ny5a2.pdb	247	8.114e-55	2116.0
d3i11a_.pdb	215	1.945e-49	1927.0
d1sgva2.pdb	205	2.244e-47	1848.0
d1r62a_.pdb	136	2.841e-31	1207.0
d2v2ga_.pdb	220	3.007e-52	1927.0
d1pn0a3.pdb	91	5.67e-19	825.0
d2bnka_.pdb	64	2.888e-10	377.0
d2dpwa1.pdb	231	7.575e-53	1959.0
d1h03p1.pdb	62	7.502e-13	557.0
d1jjcb6.pdb	209	2.924e-52	1887.0
d2chca1.pdb	167	1.159e-35	1469.0
d3lhea_.pdb	124	7.876e-24	1062.0
d1ntva_.pdb	152	4.04e-32	1303.0
d3ui4a_.pdb	101	2.89e-23	883.0
d1ibia1.pdb	28	2.778e-05	216.0
d1icaa_.pdb	40	5.448e-08	308.0
d1ijqa1.pdb	258	4.668e-58	2497.0
d1yf3a1.pdb	259	3.156e-57	2179.0
d1igna1.pdb	86	1.507e-17	670.0
d1nh8a2.pdb	74	2.694e-15	623.0
d1tj1a1.pdb	100	3.8e-16	553.0
d1tvca1.pdb	109	9.511e-22	946.0
d2ho2a1.pdb	33	3.641e-06	288.0
d1gtta2.pdb	208	4.591e-47	1964.0
d1wyub_.pdb	473	3.812e-98	4084.0
d1zxqa2.pdb	86	3.53e-18	837.0
d2zhna_.pdb	145	6.529e-30	1394.0
d1nqka_.pdb	345	6.377e-79	3056.0
d1q35a_.pdb	317	8.999e-69	2802.0
d1jeya2.pdb	212	5.693e-49	1813.0
d2ejaa_.pdb	337	6.346e-72	2911.0
d2bwba_.pdb	46	2.582e-07	297.0
d2bwka_.pdb	117	2.851e-28	1061.0
d1qsda_.pdb	102	5.955e-14	576.0
d1xjha_.pdb	62	9.232e-13	460.0
d2b34a_.pdb	192	5.197e-42	1663.0
d1koba_.pdb	352	9.02e-78	3125.0
d2go7a1.pdb	204	2.486e-41	1626.0
d1r0ma2.pdb	117	5.735e-25	975.0
d1x57a1.pdb	78	4.921e-15	581.0
d1zc6a2.pdb	171	2.696e-35	1416.0
d1dk0a_.pdb	173	1.034e-41	1561.0
d1ovma3.pdb	196	1.156e-44	1676.0
d2nrha1.pdb	75	3.307e-16	596.0
d2q3qa_.pdb	120	1.682e-24	1013.0
d1fp5a1.pdb	103	8.333e-21	905.0
d1spva_.pdb	172	1.085e-35	1460.0
d3bw1a_.pdb	86	2.62e-16	753.0
d1g87a2.pdb	157	2.939e-34	1464.0
d1yrra1.pdb	85	1.57e-19	774.0
d2cyga1.pdb	312	3.124e-73	2766.0
d1pmhx_.pdb	183	2.704e-42	1714.0
d2fbia1.pdb	136	6.128e-24	918.0
d1ogae2.pdb	126	4.127e-28	1186.0
d2b82a_.pdb	211	1.653e-48	1786.0
d1m2ta_.pdb	248	8.84e-58	2184.0
d1wota_.pdb	98	1.189e-20	724.0
d2isya1.pdb	63	2.207e-11	425.0
d2j43a1.pdb	107	3.491e-24	957.0
d3fcda_.pdb	117	3.535e-28	1050.0
d1sj8a2.pdb	125	4.529e-17	815.0
d1wgya_.pdb	104	3.065e-21	832.0
d2gkea2.pdb	144	1.042e-31	1253.0
d2pf5a_.pdb	88	2.074e-19	780.0
d3ec6a_.pdb	129	1.82e-25	1116.0
d1q5ya_.pdb	84	8.095e-20	707.0
d1uw6a_.pdb	208	3.306e-44	1915.0
d3mw6a_.pdb	122	3.644e-22	913.0
d1jxca_.pdb	68	6.748e-15	571.0
d1miwa2.pdb	130	1.328e-28	1109.0
d1vb7a_.pdb	94	5.551e-19	796.0
d1zina1.pdb	182	4.296e-37	1419.0
d1b4ra_.pdb	80	1.605e-15	730.0
d2qapa1.pdb	357	2.292e-72	3158.0
d2ox7a1.pdb	143	6.235e-29	1222.0
d1aym.1.pdb	29	0.0002788	185.0
d1aym1_.pdb	285	1.526e-59	2485.0
d1ujpa_.pdb	243	1.067e-51	2010.0
d1nlwa_.pdb	79	3.34e-12	400.0
d1nt0a2.pdb	108	1.584e-22	1030.0
d1u2xa_.pdb	450	1e-95	3922.0
d2fhfa1.pdb	115	3.337e-22	1011.0
d3ip4c_.pdb	92	2.462e-16	600.0
d1v30a_.pdb	118	4.125e-23	1014.0
d2o0qa1.pdb	113	2.92e-24	967.0
d16vpa_.pdb	311	4.506e-57	2600.0
d1yt3a1.pdb	101	3.323e-17	768.0
d2f6ia1.pdb	182	2.074e-39	1503.0
d1m1ha2.pdb	101	1.792e-22	822.0
d1v4va_.pdb	373	6.434e-74	3218.0
d2a72a_.pdb	133	7.952e-21	890.0
d2g7la1.pdb	68	2.721e-11	477.0
d2p5ma1.pdb	71	5.194e-14	561.0
d1i17a_.pdb	107	8.21e-21	825.0
d1lf6a1.pdb	397	1.316e-76	3482.0
d2wzba_.pdb	405	1.755e-83	3614.0
d1ft9a1.pdb	78	1.852e-16	622.0
d1m8pa3.pdb	183	4.506e-39	1478.0
d2rc3a1.pdb	127	7.772e-30	1063.0
d1aisb2.pdb	95	5.51e-15	702.0
d1h4xa_.pdb	111	9.058e-25	907.0
d1vhqa_.pdb	217	3.095e-50	1891.0
d1btea_.pdb	92	1.498e-20	866.0
d1wwza1.pdb	157	5.679e-36	1369.0
d2voka_.pdb	186	1.43e-41	1792.0
d1oj7a_.pdb	390	1.248e-74	3430.0
d1sg6a_.pdb	377	1.867e-69	3229.0
d1t94a2.pdb	308	3.153e-64	2578.0
d3rnda_.pdb	399	6.787e-89	3495.0
d1a8ya3.pdb	112	4.381e-25	898.0
d1ivha1.pdb	151	7.06e-22	1049.0
d1szha_.pdb	147	8.827e-24	1162.0
d2f23a2.pdb	79	6.599e-16	675.0
d3hkwa_.pdb	561	0.0	5045.0
d1ecfa2.pdb	249	2.564e-58	2326.0
d2iyva_.pdb	179	9.668e-37	1458.0
d1m1ha1.pdb	81	1.267e-16	741.0
d1v74b_.pdb	87	6.135e-14	643.0
d2atra1.pdb	132	6.945e-29	1058.0
d2xmwa_.pdb	67	4.508e-15	571.0
d3tm0a_.pdb	263	5.888e-56	2268.0
d2ar5a_.pdb	117	2.732e-25	967.0
d2j0161.pdb	44	3.115e-08	334.0
d1zjca1.pdb	413	1.962e-98	3672.0
d2c2vs1.pdb	74	2.871e-16	590.0
d2f4ia1.pdb	176	1.989e-35	1388.0
d4a02a_.pdb	166	2.97e-38	1549.0
d1ppjc2.pdb	246	8.861e-39	1936.0
d2hyec3.pdb	273	1.207e-54	2204.0
d1g6ha_.pdb	254	3.44e-58	2260.0
d3o6ca_.pdb	259	8.006e-55	2168.0
d2vbaa1.pdb	253	1.303e-61	2248.0
d1ku1a_.pdb	211	7.945e-35	1713.0
d2je6a2.pdb	84	1.822e-16	657.0
d3loca1.pdb	75	4.368e-11	493.0
d4ubpc2.pdb	390	2.19e-86	3493.0
d2j7ta_.pdb	285	5.897e-57	2380.0
d1pjua2.pdb	56	3.299e-12	486.0
d1qxna_.pdb	137	8.136e-31	1125.0
d2edma1.pdb	161	5.561e-35	1500.0
d1gega_.pdb	255	6.427e-57	2223.0
d3dm8a1.pdb	135	1.907e-30	1203.0
d1joga_.pdb	135	5.601e-20	871.0
d1h8ba_.pdb	73	4.642e-16	577.0
d1iqva_.pdb	166	5.411e-28	1341.0
d2cdqa3.pdb	75	2.892e-14	534.0
d2olra2.pdb	222	1.474e-50	1932.0
d1j1la_.pdb	288	8.461e-57	2691.0
d2hmfa1.pdb	302	9.749e-64	2593.0
d1vcla1.pdb	150	4.963e-31	1396.0
d2oq1a2.pdb	124	7.817e-27	1004.0
d3zzsa_.pdb	65	3.007e-11	536.0
d1dfca4.pdb	111	1.739e-20	971.0
d1wh2a_.pdb	78	1.431e-15	586.0
d2bhma1.pdb	134	1.324e-28	1101.0
d2wtga_.pdb	158	5.093e-24	1212.0
d1npya2.pdb	102	5.25e-24	882.0
d1u6la_.pdb	133	2.528e-30	1169.0
d2fiua1.pdb	95	4.735e-21	804.0
d1elja_.pdb	380	4.979e-88	3345.0
d2j01f1.pdb	207	1.689e-46	1774.0
d1mhm.1.pdb	54	1.335e-09	356.0
d1nd4a_.pdb	255	2.788e-53	2165.0
d1ysja2.pdb	96	1.027e-21	817.0
d2rhwa_.pdb	283	1.386e-64	2505.0
d2dloa2.pdb	33	1.186e-06	248.0
d2dn7a1.pdb	94	5.496e-18	837.0
d3fsda_.pdb	121	9.245e-24	987.0
d1o0wa1.pdb	169	2.855e-25	1227.0
d1xl4a1.pdb	161	3.994e-34	1488.0
d1e2wa1.pdb	187	1.362e-41	1739.0
d1xa1a_.pdb	244	3.606e-55	2148.0
d1brza_.pdb	54	6.669e-11	433.0
d2a6aa2.pdb	90	1.894e-18	701.0
d2hzca_.pdb	87	1.795e-19	732.0
d1b8ta1.pdb	35	5.179e-07	273.0
d1b8za_.pdb	67	1.039e-11	444.0
d1ckma2.pdb	228	5.879e-48	2082.0
d1wx9a1.pdb	73	3.605e-16	609.0
d1y7ta1.pdb	154	5.558e-33	1323.0
d1ewsa_.pdb	32	7.106e-07	283.0
d1g62a_.pdb	224	3.347e-52	2018.0
d1tbxa_.pdb	94	1.393e-17	674.0
d2igia_.pdb	180	1.196e-38	1539.0
d1e0ga_.pdb	48	3.983e-11	390.0
d1g61a_.pdb	225	2.206e-52	1997.0
d1tbge_.pdb	68	1.036e-11	364.0
d1tbua1.pdb	96	1.103e-19	851.0
d1zl0a2.pdb	167	5.654e-39	1404.0
d1m0ua1.pdb	127	7.49e-20	949.0
d1tf5a4.pdb	175	4.93e-38	1477.0
d3lasa_.pdb	166	1.507e-37	1374.0
d1o75a2.pdb	82	4.04e-16	738.0
d1mgpa_.pdb	276	2.974e-64	2388.0
d1hypa_.pdb	75	1.204e-13	559.0
d1kapp2.pdb	246	3.975e-58	2158.0
d1ytda1.pdb	270	7.503e-59	2285.0
d1vcta2.pdb	94	3.118e-21	798.0
d2cpfa1.pdb	85	2.29e-18	681.0
d2fnaa1.pdb	73	7.745e-14	554.0
d2psba1.pdb	290	4.298e-67	2741.0
d1v6ta_.pdb	249	4.46e-63	2168.0
d1zxqa1.pdb	106	8.652e-23	992.0
d1w91a2.pdb	347	2.369e-80	3101.0
d1tq8a_.pdb	127	1.072e-27	1024.0
d2qtva1.pdb	103	1.422e-18	771.0
d3oc7a_.pdb	251	2.49e-52	2083.0
d1tgoa2.pdb	426	2.99e-87	3631.0
d1h30a2.pdb	205	4.219e-41	1839.0
d2cpxa1.pdb	102	2.045e-21	820.0
d3dz1a_.pdb	301	1.541e-57	2493.0
d2r6sa_.pdb	299	6.358e-71	2682.0
d1v5na_.pdb	89	7.795e-18	692.0
d1or7a2.pdb	113	2.346e-17	730.0
d1ttna1.pdb	80	7.457e-18	677.0
d1w6ga1.pdb	417	7.859e-88	3933.0
d1mnta_.pdb	66	3.132e-11	415.0
d1nlxa_.pdb	104	1.245e-14	709.0
d1vq8w1.pdb	154	2.982e-36	1340.0
d2c1wa1.pdb	273	5.949e-59	2362.0
d1mxra_.pdb	339	8.808e-52	2696.0
d2zdra1.pdb	68	1.078e-14	587.0
d3lvjc_.pdb	77	1.041e-17	648.0
d3t30a_.pdb	93	5.035e-18	847.0
d1jx4a2.pdb	240	7.814e-57	1991.0
d2arka1.pdb	184	1.503e-41	1584.0
d1k92a1.pdb	188	1.421e-41	1580.0
d3pl1a_.pdb	185	5.434e-42	1631.0
d1pvna1.pdb	362	2.359e-83	3170.0
d1u5pa1.pdb	110	1.626e-15	663.0
d1y9qa1.pdb	79	1.478e-11	557.0
d2dlqa1.pdb	26	0.0001037	177.0
d2dlqa2.pdb	28	4.919e-05	197.0
d2ct1a1.pdb	28	1.513e-05	215.0
d2dlka1.pdb	30	7.838e-06	212.0
d2dlka2.pdb	36	1.784e-05	204.0
d2e29a1.pdb	85	9.173e-18	682.0
d3bn1a_.pdb	368	1.356e-89	3297.0
d2g17a2.pdb	155	5.924e-38	1425.0
d1j0ga_.pdb	92	7.736e-21	769.0
d1o80a_.pdb	74	1.766e-15	587.0
d1qvca_.pdb	145	5.249e-28	1238.0
d2omza1.pdb	79	8.675e-15	652.0
d1ofda1.pdb	268	1.7e-52	2390.0
d2haya_.pdb	217	2.81e-44	1773.0
d1kk1a3.pdb	193	2.711e-46	1695.0
d2yxda_.pdb	180	3.588e-41	1563.0
d1vk6a2.pdb	131	8.898e-28	1147.0
d2icha1.pdb	320	2.681e-62	3083.0
d1vk4a_.pdb	283	3.291e-65	2586.0
d1l5oa_.pdb	346	2.191e-68	3022.0
d1gmea_.pdb	150	6.795e-29	1193.0
d1t4za_.pdb	105	2.225e-22	819.0
d3no3a_.pdb	238	1.504e-51	2001.0
d2f20a1.pdb	231	1.69e-53	2104.0
d1gs9a_.pdb	144	4.989e-19	859.0
d1muna_.pdb	225	5.884e-41	1857.0
d1xwea_.pdb	151	3.702e-32	1342.0
d3dbya2.pdb	135	7.41e-22	948.0
d1g2oa_.pdb	262	8.862e-61	2345.0
d2gqfa2.pdb	148	2.243e-34	1283.0
d3m5qa_.pdb	357	1.455e-76	3081.0
d1otha2.pdb	170	4.186e-38	1405.0
d1nexb2.pdb	344	3.731e-70	3312.0
d3rqva_.pdb	184	1.047e-52	1692.0
d1ob8a_.pdb	119	1.13e-27	1033.0
d1z2wa1.pdb	182	1.576e-40	1631.0
d1c7wa_.pdb	68	5.656e-13	484.0
d1ebfa1.pdb	168	1.502e-36	1418.0
d1z2la2.pdb	117	9.698e-29	1009.0
d2vrda1.pdb	61	1.775e-12	458.0
d3arcb_.pdb	504	1.413e-93	4211.0
d2q7ra1.pdb	139	4.151e-20	923.0
d1irxa2.pdb	308	3.05e-73	2757.0
d3d85d3.pdb	84	7.361e-16	720.0
d1hu3a_.pdb	204	1.853e-28	1433.0
d1vj7a2.pdb	154	1.707e-33	1206.0
d2iiza_.pdb	306	1.114e-71	2729.0
d1qnta2.pdb	81	1.835e-17	683.0
d1v2ya_.pdb	105	6.774e-24	874.0
d2af7a1.pdb	119	3.488e-16	808.0
d2p84a1.pdb	133	1.115e-27	1199.0
d1elra_.pdb	128	2.987e-18	855.0
d1b3qa1.pdb	62	2.379e-09	333.0
d1go3e2.pdb	78	1.447e-14	651.0
d1mpya1.pdb	145	1.414e-33	1332.0
d1x3ca1.pdb	61	5.434e-11	378.0
d1x7fa1.pdb	117	3.297e-25	1046.0
d2jhfa2.pdb	176	3.496e-38	1474.0
d1kjqa3.pdb	203	3.248e-47	1816.0
d2ehda_.pdb	207	2.042e-46	1759.0
d1syra_.pdb	103	9.659e-24	854.0
d1xrsb1.pdb	160	3.062e-37	1361.0
d1cnva_.pdb	283	3.54e-63	2519.0
d2za4b_.pdb	89	5.468e-19	726.0
d1h5qa_.pdb	260	2.301e-59	2240.0
d2pbea1.pdb	145	2.825e-23	1108.0
d1dqca_.pdb	73	1.006e-17	669.0
d1gdta1.pdb	43	4.049e-07	281.0
d1hk8a_.pdb	561	0.0	4971.0
d1tbaa_.pdb	67	3.902e-13	482.0
d1u3em2.pdb	69	1.345e-14	539.0
d1vk6a3.pdb	97	2.918e-22	838.0
d1wf5a1.pdb	108	1.225e-20	943.0
d2nr5a1.pdb	60	1.828e-08	345.0
d2o03a_.pdb	129	6.829e-27	1001.0
d1ffgb_.pdb	68	3.492e-14	529.0
d1l7da1.pdb	160	3.583e-35	1369.0
d1y6xa1.pdb	87	7.973e-13	561.0
d2d8va1.pdb	54	3.668e-12	446.0
d2etsa1.pdb	110	5.218e-17	747.0
d2q88a_.pdb	257	4.932e-64	2260.0
d1teda_.pdb	368	2.745e-91	3358.0
d1ueka2.pdb	120	3.43e-27	977.0
d2ayxa1.pdb	133	4.093e-26	979.0
d1fo5a_.pdb	85	3.692e-19	701.0
d1j1ta_.pdb	228	3.111e-51	2205.0
d2ebna_.pdb	285	7.794e-68	2618.0
d1x9na2.pdb	148	5.548e-33	1375.0
d2ixna1.pdb	292	1.146e-49	2346.0
d1qkia1.pdb	191	1.345e-44	1646.0
d3d3ra1.pdb	76	6.231e-13	539.0
d1biaa2.pdb	47	3.932e-09	402.0
d2f51a_.pdb	111	1.787e-25	926.0
d1bifa1.pdb	213	3.43e-47	1766.0
d2fvga1.pdb	73	3.241e-15	622.0
d2im8a_.pdb	123	3.275e-17	818.0
d1cyda_.pdb	242	2.158e-53	1994.0
d2fs2a1.pdb	131	4.861e-28	1127.0
d1ep3a_.pdb	311	1.995e-72	2735.0
d1bupa2.pdb	193	2.682e-42	1595.0
d1v32a_.pdb	101	1.069e-20	751.0
d2ar0a1.pdb	485	3.072e-99	4238.0
d1cmba_.pdb	104	3.69e-20	765.0
d1fc6a4.pdb	294	8.947e-69	2631.0
d2nxpa1.pdb	149	1.562e-23	1102.0
d3lg3a_.pdb	419	1.299e-84	3527.0
d1h3da1.pdb	220	2.001e-51	1929.0
d2a14a1.pdb	257	1.286e-58	2326.0
d1vr7a_.pdb	120	1.727e-26	1071.0
d2r4ia1.pdb	122	1.716e-24	1005.0
d1lc0a1.pdb	172	2.16e-35	1342.0
d2dsya1.pdb	80	3.337e-16	608.0
d1vkza2.pdb	85	1.991e-17	647.0
d2b3ga_.pdb	117	6.062e-25	1047.0
d3b6na_.pdb	150	1.43e-38	1365.0
d1s8na_.pdb	190	2.229e-38	1482.0
d3om8a_.pdb	264	1.128e-59	2253.0
d2qalp1.pdb	82	8.243e-17	632.0
d3jv1a_.pdb	182	1.325e-33	1455.0
d1pbwa_.pdb	184	4.441e-29	1434.0
d2gdqa1.pdb	256	7.856e-61	2233.0
d1wera_.pdb	324	3.838e-42	2452.0
d1l5aa2.pdb	250	9.912e-53	2135.0
d1yura1.pdb	98	2.682e-17	675.0
d2c53a_.pdb	228	1.278e-52	1975.0
d1jg1a_.pdb	215	4.16e-50	1902.0
d2hqsa2.pdb	134	1.269e-30	1161.0
d1fk5a_.pdb	93	1.172e-16	697.0
d1jr1a1.pdb	362	6.628e-83	3214.0
d1h30a1.pdb	186	5.974e-38	1732.0
d1y5oa1.pdb	114	1.819e-21	944.0
d3b0fa_.pdb	43	2.236e-06	257.0
d1yq2a2.pdb	93	1.575e-17	807.0
d2i3oa1.pdb	504	0.0	4580.0
d2akja4.pdb	171	3.456e-41	1511.0
d3d9ra1.pdb	132	1.443e-27	1085.0
d1kxpd3.pdb	69	3.293e-11	443.0
d1mlia_.pdb	96	4.768e-21	792.0
d1u08a_.pdb	382	3.52e-82	3408.0
d1uxya2.pdb	142	3.076e-30	1178.0
d2ez1a_.pdb	455	1.171e-101	4019.0
d1alva_.pdb	173	3.331e-31	1330.0
d1nnla_.pdb	205	8.254e-50	1787.0
d3arcu_.pdb	97	1.265e-19	743.0
d3ci0j1.pdb	154	4.011e-30	1347.0
d1ki1b2.pdb	132	4.07e-27	1111.0
d1rq6a_.pdb	62	2.067e-10	411.0
d1te4a_.pdb	111	1.172e-16	810.0
d1yxya1.pdb	230	9.077e-51	1910.0
d1naqa_.pdb	106	2.202e-22	895.0
d1z21a1.pdb	96	7.259e-16	645.0
d2g5da1.pdb	382	7.721e-91	3587.0
d2bz1a1.pdb	173	4.382e-39	1446.0
d1i5za2.pdb	132	1.072e-25	1094.0
d1seza2.pdb	112	6.52e-24	950.0
d2fuja1.pdb	118	3.188e-22	990.0
d3ngha_.pdb	106	1.466e-20	826.0
d1duga1.pdb	140	3.51e-24	1071.0
d1jtva_.pdb	278	1.299e-58	2321.0
d7fd1a_.pdb	106	2.363e-23	859.0
d1djqa3.pdb	233	8.579e-52	1993.0
d2g0wa1.pdb	275	2.452e-58	2388.0
d2fiaa1.pdb	157	3.525e-34	1290.0
d1bd8a_.pdb	156	3.947e-26	1259.0
d1mtyd_.pdb	512	5.707e-83	4295.0
d1iray2.pdb	103	1.325e-21	929.0
d1svba2.pdb	302	1.539e-66	2889.0
d1fcda1.pdb	186	5.836e-44	1643.0
d1utha_.pdb	219	2.531e-52	1951.0
d3ejbb_.pdb	380	2.236e-64	3206.0
d2d5ba1.pdb	152	2.041e-23	1128.0
d2wuha_.pdb	163	1.008e-36	1571.0
d1dnya_.pdb	76	1.462e-14	584.0
d1gvza_.pdb	237	2.862e-52	2239.0
d1y2ka_.pdb	326	2.704e-46	2538.0
d1pixa2.pdb	287	2.602e-65	2448.0
d3pvia_.pdb	156	6.962e-34	1333.0
d1koea_.pdb	172	1.905e-44	1595.0
d1plsa_.pdb	113	2.291e-23	1002.0
d1z8ga2.pdb	110	7.045e-26	962.0
d2jfga3.pdb	204	1.581e-45	1774.0
d1niga_.pdb	146	6.04e-23	1064.0
d1ijqa2.pdb	50	8.347e-12	413.0
d1jmca1.pdb	116	1.599e-22	1016.0
d1uara1.pdb	143	8.388e-34	1244.0
d1zyma1.pdb	123	1.458e-17	813.0
d2z8la1.pdb	88	3.702e-18	786.0
d1edza1.pdb	171	2.036e-38	1460.0
d1tjxa_.pdb	156	2.071e-31	1387.0
d2i6ha1.pdb	179	6.631e-27	1362.0
d1g2na_.pdb	246	3.587e-41	1962.0
d1xhsa_.pdb	113	6.594e-25	1026.0
d3ag3e_.pdb	105	2.037e-16	795.0
d3umha_.pdb	180	3.021e-23	1013.0
d1llmc2.pdb	28	1.336e-05	208.0
d1lm8b_.pdb	106	2.401e-21	872.0
d1rcwa_.pdb	213	9.747e-31	1621.0
d2dg1a_.pdb	321	3.257e-67	3088.0
d1oywa3.pdb	200	3.651e-43	1645.0
d2i9wa3.pdb	25	0.0001559	168.0
d2iida1.pdb	370	5.765e-82	3259.0
d1wx1a_.pdb	330	1.426e-64	2834.0
d2cjla_.pdb	204	1.008e-43	1744.0
d2q37a1.pdb	142	6.58e-23	1055.0
d1ecea_.pdb	358	6.259e-83	3257.0
d2zptx_.pdb	288	3.82e-60	2464.0
d1w5qa_.pdb	320	2.204e-65	2671.0
d1ypzf1.pdb	120	7.763e-26	1141.0
d3nfka_.pdb	92	1.44e-19	824.0
d1dysa_.pdb	345	3.618e-80	3020.0
d2xbta_.pdb	158	9.124e-33	1454.0
d1jl5a_.pdb	353	1.389e-58	2901.0
d1nmoa_.pdb	247	4.458e-60	2227.0
d3ag3i_.pdb	73	1.946e-12	399.0
d3bofa2.pdb	300	1.249e-64	2657.0
d2vm1a_.pdb	110	1.728e-24	902.0
d1h3fa2.pdb	81	3.508e-19	689.0
d1mbaa_.pdb	146	1.742e-20	1021.0
d1ugja_.pdb	141	1.642e-31	1176.0
d2b5ic1.pdb	95	6.374e-19	860.0
d2ozaa_.pdb	332	3.814e-68	2789.0
d1v6ea_.pdb	95	1.353e-20	771.0
d1iqqa_.pdb	200	4.95e-45	1781.0
d1twfk_.pdb	114	5.296e-23	870.0
d2fi0a1.pdb	79	1.266e-14	576.0
d2hwja1.pdb	196	2.069e-44	1625.0
d1kbha_.pdb	47	5.31e-08	265.0
d1kbia1.pdb	407	2.426e-87	3444.0
d1r31a2.pdb	266	2.288e-55	2258.0
d2jama_.pdb	279	1.286e-55	2368.0
d1t77a1.pdb	304	5.369e-61	2605.0
d2ap1a1.pdb	186	1.301e-40	1613.0
d2oz4a3.pdb	84	7.212e-18	763.0
d3db7a_.pdb	127	6.812e-25	1095.0
d1iz0a2.pdb	164	8.551e-35	1346.0
d1wxxa2.pdb	318	8.016e-72	2812.0
d1xm7a_.pdb	186	2.126e-40	1635.0
d1lw7a2.pdb	181	3.705e-39	1502.0
d2wlva_.pdb	144	2.938e-25	1116.0
d1e7la1.pdb	54	2.259e-08	345.0
d1emsa2.pdb	271	1.224e-67	2479.0
d2icta_.pdb	94	8.43e-15	653.0
d1amxa_.pdb	150	7.096e-34	1432.0
d1twua_.pdb	137	4.266e-33	1248.0
d2fgca1.pdb	83	1.626e-17	669.0
d3bvfa_.pdb	172	1.32e-24	1212.0
d1keaa_.pdb	217	5.454e-35	1741.0
d1wspa1.pdb	83	1.137e-16	712.0
d2g0ta1.pdb	336	1.185e-69	2886.0
d1xoca1.pdb	504	0.0	4591.0
d1wfza_.pdb	130	5.998e-27	1044.0
d2hs1a_.pdb	99	7.544e-20	880.0
d1e7la2.pdb	103	3.058e-21	746.0
d1ee6a_.pdb	197	3.236e-37	1703.0
d1k5db_.pdb	146	3.934e-28	1245.0
d1y5ia1.pdb	170	3.983e-39	1546.0
d3bzy.1.pdb	17	0.134	80.0
d3c02a_.pdb	242	9.927e-37	1952.0
d1puee_.pdb	88	2.645e-18	664.0
d1qopb_.pdb	390	8.997e-88	3444.0
d1q1ua_.pdb	138	2.857e-27	1238.0
d1y9za_.pdb	435	5.293e-102	3990.0
d2gc6a1.pdb	114	3.734e-25	911.0
d3lqya_.pdb	187	9.499e-43	1599.0
d1uira_.pdb	309	4.107e-70	2833.0
d1qgna_.pdb	398	1.963e-90	3521.0
d1tiza_.pdb	67	4.138e-12	486.0
d1vj2a_.pdb	114	2.138e-23	1088.0
d2icya2.pdb	372	2.753e-86	3297.0
d2fbea1.pdb	188	1.952e-39	1789.0
d1ixsa_.pdb	50	1.785e-07	304.0
d1jkea_.pdb	145	1.537e-32	1276.0
d1n45a_.pdb	214	1.602e-30	1580.0
d2aeba_.pdb	314	6.104e-66	2760.0
d1zfja4.pdb	126	5.029e-28	1024.0
d2i2t11.pdb	50	7.589e-08	366.0
d2pcsa1.pdb	147	9.601e-30	1258.0
d1kvka2.pdb	169	2.165e-34	1305.0
d1vh0a_.pdb	157	6.073e-33	1233.0
d1a4ia1.pdb	160	1.589e-36	1368.0
d1o9ya_.pdb	71	1.144e-12	525.0
d1ry9a_.pdb	133	1.245e-26	1067.0
d1gpja2.pdb	159	1.035e-33	1314.0
d1ztda1.pdb	124	7.069e-19	922.0
d2q09a1.pdb	101	5.209e-24	905.0
d3fasa_.pdb	260	2.443e-62	2320.0
d1upsa1.pdb	266	5.629e-56	2524.0
d1jx7a_.pdb	117	3.755e-26	968.0
d1vzia2.pdb	37	8.296e-07	282.0
d1wi5a_.pdb	119	3.521e-23	882.0
d2j5ga_.pdb	248	1.643e-52	2102.0
d1lshb_.pdb	174	1.336e-33	1510.0
d1qfja2.pdb	135	1.087e-30	1125.0
d2c78a1.pdb	100	2.985e-19	911.0
d3ipra_.pdb	137	1.17e-27	1084.0
d1s5da_.pdb	218	8.421e-53	1933.0
d2sasa_.pdb	185	4.169e-30	1444.0
d1gcca_.pdb	63	6.505e-13	506.0
d1ivha2.pdb	236	8.641e-52	2047.0
d2cuaa_.pdb	122	6.619e-31	1185.0
d3beua_.pdb	224	2.341e-47	2032.0
d1p6ra_.pdb	82	3.583e-16	608.0
d3lnla_.pdb	307	3.017e-71	2757.0
d2iaza1.pdb	107	8.724e-15	586.0
d2nrka1.pdb	165	1.936e-34	1306.0
d1gvpa_.pdb	87	1.64e-15	733.0
d1nnva_.pdb	107	5.515e-21	876.0
d1v9ja_.pdb	113	8.11e-24	848.0
d2f1fa2.pdb	86	2.448e-18	714.0
d3obca_.pdb	108	1.174e-15	654.0
d1cx4a1.pdb	136	1.741e-29	1189.0
d1q15a2.pdb	204	5.323e-44	1807.0
d1ub7a2.pdb	149	1.641e-33	1242.0
d2ijqa1.pdb	145	3.275e-24	1170.0
d1cs6a4.pdb	89	6.801e-19	854.0
d1oxxk1.pdb	110	8.999e-22	1003.0
d1zcza2.pdb	295	6.801e-67	2664.0
d1fyea_.pdb	220	6.728e-49	1936.0
d2f66c1.pdb	65	6.752e-09	363.0
d2hlja1.pdb	153	7.864e-31	1260.0
d1eyha_.pdb	144	6.18e-23	1118.0
d1sq4a_.pdb	270	1.163e-55	2551.0
d2g50a1.pdb	102	4.334e-23	957.0
d3obqa_.pdb	141	8.045e-29	1185.0
d1odma_.pdb	329	1.217e-79	3014.0
d1bhua_.pdb	102	2.85e-26	930.0
d1ef1c_.pdb	90	2.172e-13	496.0
d1ef8a_.pdb	256	1.339e-56	2152.0
d1wjxa_.pdb	112	2.171e-21	983.0
d2v78a_.pdb	311	3.527e-70	2802.0
d3ph9a_.pdb	133	1.982e-31	1153.0
d1miob_.pdb	457	8.092e-103	3933.0
d1gm5a1.pdb	99	1.308e-17	698.0
d1jsga_.pdb	111	5.751e-22	1017.0
d1uufa1.pdb	178	3.769e-43	1664.0
d2dmba1.pdb	111	8.691e-22	956.0
d1clia2.pdb	175	4.93e-42	1539.0
d1rl4a_.pdb	154	1.433e-31	1280.0
d2cjja1.pdb	63	8.348e-11	443.0
d2hx5a1.pdb	144	1.183e-30	1279.0
d1f5na1.pdb	300	1.261e-39	1888.0
d1rypa_.pdb	243	6.065e-53	2085.0
d1d8ba_.pdb	81	7.046e-12	537.0
d1gtta1.pdb	213	1.243e-47	1982.0
d2basa1.pdb	257	5.527e-56	2139.0
d1nija2.pdb	95	1.967e-21	849.0
d1xgsa1.pdb	77	2.55e-16	584.0
d2bgca2.pdb	131	6.082e-25	1079.0
d1aoza2.pdb	209	1.896e-44	1985.0
d1te7a_.pdb	103	3.096e-22	882.0
d1wmha_.pdb	83	1.35e-18	703.0
d2dk8a1.pdb	68	2.386e-14	529.0
d1rlja_.pdb	135	6.42e-30	1125.0
d2qjza1.pdb	120	9.028e-19	871.0
d1ae9a_.pdb	171	3.327e-35	1454.0
d1noxa_.pdb	200	1.15e-41	1633.0
d2cdqa2.pdb	91	2.705e-19	720.0
d2r4qa1.pdb	101	1.329e-22	825.0
d1hcnb_.pdb	110	2.359e-19	884.0
d1q7fa_.pdb	279	8.014e-58	2635.0
d2p8ia_.pdb	117	6.548e-27	1003.0
d1g8fa2.pdb	221	7.149e-52	1900.0
d1wyua1.pdb	437	6.409e-92	3747.0
d2a15a1.pdb	132	1.608e-28	1131.0
d2v3za1.pdb	176	1.617e-41	1508.0
d1j8ua_.pdb	307	5.782e-63	2665.0
d2qlxa_.pdb	108	3.248e-22	858.0
d1cxzb_.pdb	86	3.792e-12	494.0
d1f8fa1.pdb	188	4.611e-43	1691.0
d1qhoa1.pdb	81	2.713e-16	731.0
d1wgpa_.pdb	137	1.174e-28	1172.0
d2zjda_.pdb	121	2.478e-26	969.0
d1i1na_.pdb	224	4.831e-53	2040.0
d2z6ra_.pdb	264	5.538e-61	2300.0
d2adca1.pdb	109	2.834e-24	914.0
d2p19a1.pdb	148	5.318e-27	1211.0
d1lkia_.pdb	172	1.333e-25	1265.0
d1z01a1.pdb	148	8.379e-32	1320.0
d2vbaa2.pdb	151	1.843e-36	1317.0
d1iloa_.pdb	77	3.74e-16	593.0
d1nrjb_.pdb	191	4.671e-43	1590.0
d3daqa_.pdb	292	5.218e-61	2426.0
d1neqa_.pdb	74	6.055e-14	554.0
d1rtwa_.pdb	206	1.103e-27	1408.0
d2nzca1.pdb	80	6.677e-19	670.0
d5ruba1.pdb	311	2.923e-67	2771.0
d3niaa_.pdb	267	1.319e-54	2335.0
d2bpta_.pdb	860	3.968e-97	6489.0
d1bdsa_.pdb	43	1.619e-09	371.0
d1btka_.pdb	160	3.438e-33	1435.0
d1o5za2.pdb	284	4.854e-59	2401.0
d1bora_.pdb	56	1.339e-14	462.0
d1ahsa_.pdb	126	1.053e-26	1182.0
d1n9wa1.pdb	93	5.895e-18	807.0
d1vl6a2.pdb	154	5.2e-32	1202.0
d2ptha_.pdb	193	1.923e-48	1733.0
d1v97a4.pdb	114	8.631e-23	918.0
d1zt2b1.pdb	207	7.711e-35	1614.0
d1i1ra1.pdb	100	4.531e-23	962.0
d1t0ga_.pdb	109	5.44e-25	917.0
d1vcva1.pdb	226	6.122e-44	1891.0
d1ko6.1.pdb	152	4.505e-33	1356.0
d1zhva2.pdb	66	2.169e-13	520.0
d2hkva1.pdb	147	6.326e-24	1072.0
d1e2ka_.pdb	308	2.008e-57	2674.0
d1a7sa_.pdb	221	1.894e-48	2097.0
d1u19a_.pdb	348	3.775e-55	2823.0
d3cina1.pdb	275	7.401e-63	2407.0
d2ig3a_.pdb	127	6.609e-21	960.0
d1aisb1.pdb	98	8.407e-15	720.0
d1j2jb_.pdb	41	5.084e-06	218.0
d1j7qa_.pdb	86	1.352e-18	660.0
d1knya2.pdb	125	5.097e-28	1062.0
d1smyf1.pdb	61	5.094e-10	406.0
d1sxjc1.pdb	95	2.963e-14	666.0
d1wgqa_.pdb	109	3.882e-22	945.0
d2k7wa1.pdb	192	1.271e-28	1325.0
d1ct9a2.pdb	192	2.942e-45	1768.0
d1r2za2.pdb	133	6.656e-28	1202.0
d2f2ha2.pdb	247	7.159e-51	2312.0
d1lkka_.pdb	105	8.853e-23	896.0
d1tjla2.pdb	41	6.051e-07	250.0
d4sgbi_.pdb	51	3.683e-11	445.0
d1bkra_.pdb	108	1.476e-17	854.0
d1lpva_.pdb	52	1.131e-11	378.0
d1lqta1.pdb	215	1.317e-48	1897.0
d2qzga1.pdb	88	1.451e-13	597.0
d1a8da2.pdb	205	1.728e-37	1821.0
d1vq8b1.pdb	337	3.679e-68	3084.0
d1ikpa1.pdb	244	1.464e-56	2333.0
d2fug41.pdb	370	2.78e-66	3197.0
d1ofda2.pdb	793	0.0	7144.0
d3ap9a_.pdb	151	5.378e-31	1445.0
d1nx4a_.pdb	247	2.037e-54	2178.0
d2pyqa1.pdb	113	3.134e-17	829.0
d3dqya_.pdb	106	1.504e-20	962.0
d1dmca_.pdb	31	2.081e-05	198.0
d1dmea_.pdb	28	0.0001007	188.0
d1dmga_.pdb	172	1.804e-37	1411.0
d1tiga_.pdb	88	1.216e-19	733.0
d2cwqa1.pdb	117	2.78e-17	742.0
d2o62a1.pdb	137	1.516e-26	1273.0
d1u94a1.pdb	243	5.339e-56	2055.0
d1nm3a1.pdb	74	3.688e-17	625.0
d1t3ta3.pdb	152	4.899e-31	1237.0
d2ofca_.pdb	141	1.795e-30	1311.0
d1hdmb2.pdb	85	3.504e-17	670.0
d1ixda_.pdb	104	4.737e-20	818.0
d1q4ga2.pdb	42	1.123e-09	361.0
d1q90n_.pdb	31	0.0008435	133.0
d1q90r_.pdb	39	5.566e-06	193.0
d1go3e1.pdb	99	1.076e-20	867.0
d1r4va_.pdb	151	2.869e-25	1099.0
d2bi0a2.pdb	152	1.6e-30	1300.0
d3irua_.pdb	276	1.02e-55	2223.0
d2heyr3.pdb	54	7.558e-11	443.0
d2j5wa4.pdb	179	1.961e-39	1659.0
d1j2ga1.pdb	152	4.636e-33	1296.0
d1tf7a2.pdb	242	2.514e-55	2113.0
d1jeyb2.pdb	226	1.514e-51	1931.0
d2hzqa_.pdb	166	1.451e-32	1473.0
d2g7ja1.pdb	112	1.258e-23	963.0
d3sfpa_.pdb	231	3.631e-55	2105.0
d1tv8a_.pdb	327	1.696e-73	2818.0
d1on3a2.pdb	264	1.582e-59	2257.0
d3gada_.pdb	115	2.343e-27	988.0
d1jala2.pdb	85	2.536e-18	691.0
d1oyga_.pdb	440	7.789e-98	4135.0
d1kxpd1.pdb	179	6.221e-28	1340.0
d1wb9a4.pdb	115	8.609e-26	949.0
d2ibna1.pdb	240	1.354e-41	1938.0
d1jroa4.pdb	167	1.414e-39	1439.0
d1v86a_.pdb	95	1.066e-21	756.0
d1yfua1.pdb	174	2.813e-38	1616.0
d3l51b_.pdb	166	6.815e-37	1371.0
d1isua_.pdb	62	3.07e-14	514.0
d1j0wa_.pdb	99	2.497e-20	898.0
d1t95a2.pdb	76	4.522e-15	584.0
d1vf7a_.pdb	237	1.717e-47	2027.0
d1jmsa1.pdb	95	1.734e-17	725.0
d1nyaa_.pdb	176	3.958e-29	1368.0
d2brja1.pdb	174	7.756e-34	1577.0
d1e1oa1.pdb	143	1.029e-31	1226.0
d1rqpa2.pdb	185	2.441e-45	1656.0
d2d5ra1.pdb	252	6.456e-57	2208.0
d1lwha1.pdb	50	3.305e-08	387.0
d1po5a_.pdb	465	6.792e-83	3813.0
d1a04a1.pdb	67	3.876e-11	460.0
d1ds9a_.pdb	198	1.464e-39	1717.0
d1srya1.pdb	110	9.637e-15	635.0
d1uj6a2.pdb	74	6.812e-15	617.0
d1jz8a2.pdb	105	5.214e-19	883.0
d1viza_.pdb	225	1.621e-50	1981.0
d1q25a3.pdb	152	3.65e-36	1440.0
d2bbkh_.pdb	355	1.152e-70	3445.0
d1nkia_.pdb	134	1.943e-29	1092.0
d2eyqa3.pdb	233	6.781e-46	1844.0
d1r3jc_.pdb	103	8.332e-16	688.0
d1wf6a_.pdb	132	8.413e-29	1053.0
d2f1ka2.pdb	165	5.047e-38	1441.0
d1hdma1.pdb	103	2.787e-20	944.0
d1nlfa_.pdb	254	6.903e-56	2178.0
d1bola_.pdb	222	2.65e-51	2020.0
d1qrj.1.pdb	15	0.7812	62.0
d1qrjb1.pdb	84	2.115e-14	586.0
d1sgva1.pdb	57	1.775e-12	469.0
d1ve9a2.pdb	93	3.922e-18	815.0
d2fug91.pdb	154	1.515e-37	1367.0
d2q80a1.pdb	285	3.379e-40	2151.0
d1pfsa_.pdb	78	1.314e-13	629.0
d1zy9a2.pdb	348	2.4e-81	3187.0
d2i0za2.pdb	165	6.438e-38	1430.0
d1fc6a3.pdb	92	1.141e-17	781.0
d1jyka_.pdb	229	5.882e-55	2035.0
d2ciwa2.pdb	179	4.157e-37	1363.0
d2w5aa_.pdb	267	2.47e-55	2269.0
d1x62a1.pdb	31	1.862e-06	241.0
d1x6da1.pdb	107	5.346e-22	906.0
d2e9xd1.pdb	139	2.651e-21	956.0
d3dnja_.pdb	80	7.606e-18	643.0
d1guqa2.pdb	171	7.096e-37	1387.0
d2j01p1.pdb	146	1.592e-30	1121.0
d2zoya1.pdb	74	1.22e-11	487.0
d3a6ra_.pdb	122	1.234e-25	1111.0
d1rhfa1.pdb	91	4.083e-19	841.0
d1wb1a2.pdb	79	7.605e-15	666.0
d2dtxa_.pdb	255	1.53e-56	2184.0
d1yfqa_.pdb	342	3.762e-68	3180.0
d1jhda2.pdb	223	1.287e-51	1911.0
d3ldza_.pdb	140	2.213e-21	1053.0
d1l9na3.pdb	99	2.897e-19	900.0
d3g0ma_.pdb	138	6.133e-26	1139.0
d1m56d_.pdb	42	2.406e-06	206.0
d1m5q1_.pdb	127	5.507e-25	1071.0
d1w27a_.pdb	690	0.0	5694.0
d2bmwa2.pdb	162	2.087e-37	1374.0
d1deca_.pdb	39	5.788e-08	313.0
d1dt9a1.pdb	134	2.951e-30	1112.0
d1qq5a_.pdb	245	2.587e-50	2044.0
d1a8oa_.pdb	70	1.677e-12	475.0
d1b3qa2.pdb	132	3.884e-26	1153.0
d1yyva1.pdb	114	3.704e-21	832.0
d2o8ia1.pdb	155	1.331e-25	1082.0
d3fsaa_.pdb	122	7.827e-30	1157.0
d1ftra2.pdb	148	3.616e-32	1212.0
d1qmea2.pdb	58	1.582e-12	481.0
d1txga1.pdb	155	2.072e-22	1141.0
d2dsta1.pdb	122	6.58e-29	1066.0
d3h8ka_.pdb	164	3.437e-36	1363.0
d1h72c1.pdb	163	5.305e-35	1396.0
d1v84a_.pdb	245	6.371e-56	2111.0
d1huxa_.pdb	259	1.325e-55	2250.0
d3qjga_.pdb	171	4.929e-39	1466.0
d1yara_.pdb	221	2.513e-47	1892.0
d1dyna_.pdb	113	1.042e-23	1010.0
d1r6la1.pdb	148	1.27e-33	1266.0
d2bz7a_.pdb	102	4.083e-24	954.0
d2jfra_.pdb	234	3.642e-54	2104.0
d1nj8a2.pdb	62	8.478e-13	493.0
d1qwja_.pdb	228	2.695e-54	2010.0
d3lmea_.pdb	129	1.735e-30	1113.0
d2gnxa2.pdb	120	2.5e-23	914.0
d3ddva1.pdb	121	1.921e-23	1025.0
d1k8ka2.pdb	254	1.5e-55	2135.0
d2vgoa_.pdb	269	1.08e-57	2338.0
d1owxa_.pdb	113	3.11e-23	903.0
d1w6na_.pdb	134	3.46e-27	1266.0
d2zc0a_.pdb	405	1.126e-84	3519.0
d1jcfa1.pdb	140	2.955e-31	1168.0
d2fj8a1.pdb	59	2.024e-12	522.0
d2jioa1.pdb	123	3.308e-29	1089.0
d1f1ua1.pdb	146	7.327e-34	1300.0
d1twff_.pdb	84	2.423e-17	645.0
d1x40a1.pdb	78	5.312e-14	559.0
d1ye8a1.pdb	172	9.654e-37	1395.0
d3ugsa_.pdb	205	2.062e-43	1656.0
d1wgna_.pdb	63	3.496e-09	377.0
d1wmza_.pdb	140	2.741e-31	1251.0
d2o8ra3.pdb	184	4.004e-41	1538.0
d1mn3a_.pdb	54	2.769e-08	302.0
d1mp8a_.pdb	252	2.388e-51	2162.0
d1pjca1.pdb	168	9.511e-35	1426.0
d2f2ba_.pdb	245	4.907e-37	1909.0
d1io1a_.pdb	395	4.542e-76	3294.0
d1b9wa2.pdb	44	7.197e-10	367.0
d1brwa3.pdb	103	9.893e-21	818.0
d1l3la1.pdb	65	5.007e-11	436.0
d1mkca_.pdb	43	2.286e-08	334.0
d1nu4a_.pdb	91	3.69e-22	771.0
d1srza_.pdb	68	1.613e-14	612.0
d1vyia_.pdb	111	2.254e-21	881.0
d1ursa_.pdb	366	2.603e-77	3233.0
d1i5na_.pdb	128	6.677e-19	866.0
d1uvqb2.pdb	92	1.799e-18	749.0
d1xgka_.pdb	325	2.659e-75	2888.0
d1uptb_.pdb	58	1.449e-08	328.0
d1ur1a_.pdb	346	4.084e-74	3059.0
d1zava1.pdb	177	1.831e-32	1303.0
d1eexa_.pdb	551	1.65e-103	4794.0
d1seia_.pdb	130	7.963e-26	1103.0
d2a6qa1.pdb	83	2.465e-15	556.0
d2rhca_.pdb	257	2.162e-56	2169.0
d2b78a1.pdb	68	8.805e-15	577.0
d2echa_.pdb	49	1.057e-12	415.0
d2euca1.pdb	108	1.532e-18	790.0
d2o3ga1.pdb	76	1.827e-16	623.0
d3eb2a_.pdb	288	4.103e-58	2445.0
d2w0ia_.pdb	135	7.071e-32	1176.0
d1jb0d_.pdb	138	4.434e-30	1169.0
d1ud0a_.pdb	84	3.342e-12	476.0
d1vq3a_.pdb	86	1.283e-16	646.0
d1g8qa_.pdb	90	6.892e-15	622.0
d1ihma_.pdb	492	0.0	4736.0
d3lhra_.pdb	92	7.495e-15	589.0
d1cxqa_.pdb	143	5.167e-31	1205.0
d1u6gc_.pdb	1146	0.0	8628.0
d1rzhh1.pdb	213	7.47e-47	1821.0
d2dtge2.pdb	116	1.541e-23	1050.0
d3c8ga1.pdb	165	5.927e-24	1146.0
d1dx5i3.pdb	40	2.878e-08	332.0
d1e32a1.pdb	86	3.101e-20	784.0
d1xa6a2.pdb	141	6.904e-32	1200.0
d2hj1a1.pdb	77	2.01e-13	495.0
d2quyd_.pdb	330	6.306e-73	3053.0
d1x6ha2.pdb	36	9.638e-07	249.0
d1y4wa2.pdb	353	2.342e-72	3373.0
d1kgcd1.pdb	112	3.042e-23	1058.0
d1u5pa2.pdb	101	1.075e-14	630.0
d1x8qa_.pdb	184	4.034e-38	1627.0
d3u26a_.pdb	230	1.072e-51	1922.0
d2bdta1.pdb	172	3.539e-36	1369.0
d1umka1.pdb	124	1.414e-23	1093.0
d2ieaa2.pdb	402	2.759e-77	3480.0
d2apja1.pdb	244	8.425e-56	2126.0
d1rkia1.pdb	98	7.889e-21	861.0
d1wb1a4.pdb	159	2.476e-36	1340.0
d1f7da_.pdb	118	1.744e-21	988.0
d1pi1a_.pdb	185	2.866e-30	1438.0
d2a5yb1.pdb	118	5.901e-24	938.0
d2pnwa1.pdb	354	3.578e-81	3201.0
d1c9fa_.pdb	87	2.92e-20	773.0
d3gfsa_.pdb	167	2.44e-35	1344.0
d1riea_.pdb	127	4.227e-28	1159.0
d1xhba2.pdb	316	5.222e-74	2867.0
d1h72c2.pdb	133	5.288e-28	1050.0
d1r7ma2.pdb	105	9.495e-23	878.0
d2fcfa1.pdb	82	2.454e-16	707.0
d2opla1.pdb	181	9.542e-39	1447.0
d1i4da_.pdb	188	8.222e-25	1138.0
d1rt8a_.pdb	467	4.183e-71	3824.0
d1i4ja_.pdb	110	1.792e-24	892.0
d1hfes_.pdb	88	3.446e-16	556.0
d1hfia_.pdb	62	3.639e-12	552.0
d1iufa1.pdb	78	1.368e-16	609.0
d1kv7a3.pdb	158	1.009e-34	1473.0
d1wu9a1.pdb	59	8.488e-09	296.0
d1wuis_.pdb	267	5.88e-65	2347.0
d1j48a_.pdb	109	1.365e-21	983.0
d1rhsa2.pdb	144	2.674e-34	1230.0
d2ecca1.pdb	76	1.551e-12	490.0
d2fufa_.pdb	126	3.743e-25	1030.0
d1p4ea1.pdb	125	8.308e-26	948.0
d1w6xa_.pdb	56	9.507e-11	477.0
d2b8ea1.pdb	127	3.013e-27	1025.0
d1d2na_.pdb	246	6.584e-51	2011.0
d2hnka_.pdb	229	1.696e-48	1916.0
d1v97a6.pdb	223	8.577e-51	1890.0
d3claa_.pdb	213	3.231e-49	1903.0
d1q6za2.pdb	180	2e-40	1535.0
d2hboa1.pdb	142	9.801e-30	1268.0
d1ckaa_.pdb	57	1.671e-10	487.0
d1v4pa_.pdb	151	3.428e-34	1323.0
d3fuca_.pdb	274	5.272e-64	2438.0
d2bjia_.pdb	274	1.385e-59	2378.0
d1ig4a_.pdb	75	2.255e-17	668.0
d1mioa_.pdb	525	0.0	4642.0
d1qzga_.pdb	170	6.32e-39	1552.0
d2fhza1.pdb	83	9.496e-18	658.0
d3c9ua2.pdb	163	5.262e-39	1423.0
d1jw2a_.pdb	72	2.877e-12	496.0
d1lf6a2.pdb	277	3.061e-58	2520.0
d1v5oa_.pdb	102	4.029e-22	836.0
d2ahob1.pdb	91	2.601e-12	568.0
d2c2aa2.pdb	151	2.862e-35	1326.0
d1aoaa2.pdb	116	1.483e-20	901.0
d1jl1a_.pdb	152	9.676e-35	1312.0
d2ctfa1.pdb	90	2.923e-18	662.0
d2vria_.pdb	173	9.956e-42	1492.0
d1lsta_.pdb	238	1.539e-55	2075.0
d2z10a_.pdb	188	7.355e-43	1646.0
d1pbja3.pdb	120	1.12e-25	941.0
d2ajaa1.pdb	342	1.144e-47	2696.0
d1by2a_.pdb	112	6.106e-27	1020.0
d1t0tv_.pdb	243	1.746e-52	2041.0
d2qs8a2.pdb	310	4.764e-67	2651.0
d2r7da1.pdb	58	2.712e-11	495.0
d1a79a2.pdb	74	3.267e-17	627.0
d1ezia_.pdb	216	1.461e-49	1839.0
d1yuja_.pdb	54	1.546e-10	390.0
d1zc3b_.pdb	109	6.023e-21	933.0
d3b60a2.pdb	319	2.217e-39	2135.0
d1kcma_.pdb	256	5.004e-56	2214.0
d2jf2a_.pdb	264	3.509e-48	2335.0
d1a79a1.pdb	97	1.882e-23	796.0
d1jeta_.pdb	517	0.0	4791.0
d1p7hl1.pdb	103	5.083e-21	972.0
d2avna1.pdb	246	1.77e-56	2095.0
d1lucb_.pdb	320	2.592e-69	2733.0
d1o8ba2.pdb	72	9.374e-15	578.0
d1sv0c_.pdb	82	4.138e-16	648.0
d1v0ea2.pdb	150	1.914e-28	1081.0
d2ah2a1.pdb	225	2.776e-47	2093.0
d1hf8a1.pdb	132	7.737e-20	896.0
d1o9aa1.pdb	44	2.527e-09	392.0
d1q40b_.pdb	186	4.025e-41	1573.0
d2c9wa1.pdb	50	1.928e-08	332.0
d2enda_.pdb	137	9.482e-26	1058.0
d2ot2a1.pdb	90	7.589e-20	787.0
d3q20a_.pdb	114	8.032e-16	670.0
d1gm5a3.pdb	259	1.131e-55	2084.0
d2f2ab2.pdb	290	1.799e-67	2656.0
d1p0ha_.pdb	290	5.551e-66	2547.0
d3cina2.pdb	107	5.189e-24	919.0
d1h6ga2.pdb	124	3.856e-17	821.0
d1tifa_.pdb	76	2.697e-15	584.0
d1vcfa1.pdb	299	1.72e-67	2584.0
d1ucda_.pdb	190	2.814e-45	1728.0
d2ftsa3.pdb	155	3.69e-36	1354.0
d1fjna_.pdb	39	7.754e-09	317.0
d1g1pa_.pdb	32	6.376e-07	245.0
d1g3nc1.pdb	132	2.311e-20	954.0
d1a1ia1.pdb	29	1.101e-05	195.0
d1a9na_.pdb	162	1.05e-33	1435.0
d1khva_.pdb	493	5.458e-102	4365.0
d1g7oa1.pdb	140	2.311e-21	1052.0
d1nn4a_.pdb	159	2.05e-35	1368.0
d2j97a_.pdb	98	1.68e-18	846.0
d1f44a1.pdb	110	1.565e-17	772.0
d1laba_.pdb	80	1.426e-16	682.0
d1qlwa_.pdb	318	7.972e-74	2775.0
d1e58a_.pdb	247	2.593e-59	2182.0
d3fz4a_.pdb	119	2.168e-27	986.0
d1h6ua2.pdb	227	1.031e-44	1976.0
d1ufia_.pdb	48	4.996e-07	268.0
d1ufma_.pdb	84	1.304e-15	603.0
d1vr5a1.pdb	535	0.0	4860.0
d1v0wa2.pdb	240	1.999e-55	2169.0
d1f06a2.pdb	150	7.714e-35	1311.0
d1wb1a1.pdb	92	6.156e-18	820.0
d2cx1a2.pdb	90	1.142e-18	779.0
d2q07a3.pdb	66	9.876e-13	490.0
d1qwza_.pdb	235	1.354e-54	2041.0
d2fqma1.pdb	65	6.924e-11	440.0
d2iwra_.pdb	176	6.421e-41	1513.0
d1s9ca2.pdb	122	1.412e-26	1065.0
d1xuva_.pdb	163	1.542e-31	1369.0
d1b35b_.pdb	255	7.747e-53	2178.0
d1zoqc_.pdb	47	4.704e-07	244.0
d1zoxa_.pdb	110	1.576e-24	1070.0
d3ktza_.pdb	251	3.941e-60	2243.0
d1n7za_.pdb	328	1.598e-73	3019.0
d1iowa1.pdb	96	2.986e-21	772.0
d1r6ja_.pdb	82	1.114e-16	667.0
d1y0ya3.pdb	255	4.975e-61	2333.0
d1gsoa2.pdb	105	1.466e-22	858.0
d1sknp_.pdb	74	1.467e-11	456.0
d1u0ja_.pdb	261	4.289e-58	2258.0
d3n1fc_.pdb	94	2.005e-19	911.0
d1n0ea_.pdb	141	1.983e-30	1212.0
d1wiha_.pdb	84	1.251e-17	680.0
d2bgca1.pdb	100	1.313e-19	767.0
d2dyrb1.pdb	137	3.274e-29	1276.0
d3o7ma_.pdb	166	1.031e-36	1454.0
d1pjha_.pdb	259	4.432e-55	2233.0
d3grsa1.pdb	221	1.058e-49	1882.0
d1rqpa1.pdb	106	1.203e-23	958.0
d1yrra2.pdb	296	1.583e-64	2597.0
d1o0wa2.pdb	69	1.854e-14	550.0
d1svba1.pdb	93	2.625e-18	850.0
d2cx7a_.pdb	129	7.365e-28	1102.0
d2xwpa_.pdb	257	7.076e-58	2185.0
d2k5qa1.pdb	96	8.988e-18	784.0
d1bm8a_.pdb	99	5.531e-20	832.0
d1jrob1.pdb	122	2.541e-26	996.0
d1qyia_.pdb	380	1.268e-65	3233.0
d1mixa2.pdb	92	1.047e-17	787.0
d1vr9a3.pdb	121	1.192e-28	1039.0
d2a0ma1.pdb	298	9.801e-67	2654.0
d1vfga1.pdb	215	3.51e-30	1542.0
d2hppp_.pdb	79	1.607e-18	675.0
d2i7va_.pdb	433	1.747e-101	4067.0
d2pu9b_.pdb	74	9.203e-16	657.0
d3mjoa_.pdb	296	6.469e-40	2194.0
d1tdqa1.pdb	93	9.912e-18	842.0
d2e2ra_.pdb	227	1.554e-34	1707.0
d1et9a1.pdb	86	1.288e-18	731.0
d1tf5a2.pdb	210	2.223e-29	1389.0
d2gu3a1.pdb	63	1.856e-11	506.0
d2p4oa1.pdb	302	6.453e-60	2800.0
d1sppb_.pdb	112	1.844e-27	1091.0
d1xwya1.pdb	260	3.967e-56	2241.0
d2fo1e1.pdb	277	1.995e-47	2260.0
d3proc1.pdb	80	2.022e-16	600.0
d1c8ua2.pdb	171	3.946e-35	1502.0
d1q7ha2.pdb	66	1.75e-13	549.0
d1ts9a_.pdb	98	7.392e-19	788.0
d2c6ua_.pdb	122	1.288e-26	1112.0
d2p65a_.pdb	185	2.961e-41	1541.0
d1n2aa2.pdb	80	8.428e-18	660.0
d1tlja_.pdb	189	1.496e-39	1579.0
d3bkra_.pdb	119	1.817e-25	937.0
d2bo4a1.pdb	380	4.226e-77	3318.0
d1wiea_.pdb	96	4.606e-20	794.0
d2bcqa3.pdb	190	1.075e-44	1667.0
d1o59a1.pdb	179	1.352e-37	1593.0
d2a0ua1.pdb	374	1.443e-77	3204.0
d1uj8a1.pdb	64	1.127e-11	493.0
d1wzla3.pdb	382	4.686e-84	3367.0
d1wwma1.pdb	180	5.707e-27	1346.0
d2qjga_.pdb	272	1.364e-60	2397.0
d2hr3a1.pdb	139	1.321e-24	913.0
d1jr3d1.pdb	127	4.256e-18	816.0
d1owla1.pdb	271	5.635e-40	2182.0
d2ihta1.pdb	177	6.91e-40	1444.0
d1o75a3.pdb	191	6.942e-40	1725.0
d2fbla1.pdb	144	1.145e-29	1290.0
d1ccwb_.pdb	483	1.178e-95	4241.0
d1u09a_.pdb	476	4.668e-100	4276.0
d1nfga2.pdb	330	5.387e-76	2876.0
d1qsaa1.pdb	450	6.112e-56	3284.0
d1gz8a_.pdb	291	1.428e-62	2503.0
d2i71a1.pdb	368	1.605e-77	3185.0
d1bf6a_.pdb	291	8.52e-65	2504.0
d2p5ka1.pdb	63	1.582e-11	430.0
d3c07a1.pdb	75	3.829e-12	463.0
d3ddja2.pdb	132	4.569e-30	1093.0
d1f20a2.pdb	165	2.61e-38	1415.0
d1xfsa_.pdb	154	4.351e-33	1377.0
d3kv1a_.pdb	253	4.016e-58	2183.0
d2f9ia_.pdb	309	1.538e-62	2570.0
d1uyra1.pdb	333	9.287e-75	2923.0
d1txka2.pdb	370	1.646e-79	3545.0
d1h32a1.pdb	150	1.601e-34	1244.0
d1oxxk2.pdb	242	3.487e-58	2147.0
d3ffha_.pdb	354	3.338e-78	2987.0
d2nuha_.pdb	104	4.673e-22	886.0
d1ee8a2.pdb	121	2.4e-26	1081.0
d1ok3a2.pdb	64	2.137e-13	556.0
d1q06a_.pdb	122	3.859e-22	817.0
d1s3ea2.pdb	112	1.42e-25	955.0
d2arca_.pdb	161	8.275e-37	1489.0
d1vhwa_.pdb	237	4.527e-56	2134.0
d1nz0a_.pdb	109	1.755e-23	854.0
d1vf6c_.pdb	51	5.5e-08	312.0
d1vk1a_.pdb	232	1.493e-50	1993.0
d3uyoa_.pdb	114	4.347e-25	939.0
d1ls1a2.pdb	201	1.497e-43	1639.0
d3c9fa2.pdb	322	3.24e-77	2953.0
d2cc6a_.pdb	64	1.382e-11	501.0
d2fyxa1.pdb	130	1.434e-27	1067.0
d1efdn_.pdb	262	9.638e-62	2381.0
d1tgsi_.pdb	56	2.157e-12	460.0
d1u02a_.pdb	229	5.675e-53	1975.0
d1hkqa_.pdb	125	6.773e-27	992.0
d1pa4a_.pdb	96	9.32e-22	768.0
d1rrea_.pdb	182	8.612e-45	1659.0
d2x1wa_.pdb	98	1.197e-16	786.0
d1lara2.pdb	249	2.156e-58	2235.0
d2nwia1.pdb	160	1.963e-29	1265.0
d1mnna_.pdb	290	7.058e-64	2726.0
d2yvta1.pdb	257	1.376e-57	2216.0
d4a3na_.pdb	64	1.574e-10	399.0
d1cd9b1.pdb	107	5.859e-22	1015.0
d1nuia2.pdb	50	6.701e-11	421.0
d1p0za_.pdb	131	3.064e-28	1089.0
d1yu5x_.pdb	67	9.251e-14	524.0
d1zlja_.pdb	69	2.471e-10	444.0
d2hy5a1.pdb	130	2.101e-29	1107.0
d1hc7a1.pdb	127	5.944e-28	1025.0
d1ugoa_.pdb	99	8.26e-15	688.0
d1ylka_.pdb	163	3.661e-36	1357.0
d2ia1a1.pdb	165	1.993e-33	1313.0
d1j6oa_.pdb	260	3.933e-54	2157.0
d3h0oa_.pdb	240	7.429e-50	2272.0
d1t6la2.pdb	123	6.613e-25	1084.0
d2nlza1.pdb	533	0.0	4899.0
d2nn6g2.pdb	68	4.354e-16	628.0
d2wura_.pdb	226	4.8e-50	2217.0
d1ss6a_.pdb	102	1.649e-22	819.0
d1we8a_.pdb	104	1.638e-20	784.0
d2grea1.pdb	94	9.52e-18	800.0
d1l5xa_.pdb	276	7.347e-63	2445.0
d1dr9a1.pdb	105	1.114e-22	960.0
d1n12a_.pdb	138	7.27e-27	1219.0
d1yt3a2.pdb	81	4.108e-14	582.0
d2apoa1.pdb	85	1.368e-20	744.0
d2fk8a1.pdb	280	7.613e-61	2455.0
d1w6ka2.pdb	279	2.717e-44	2277.0
d1am9a_.pdb	80	1.295e-11	413.0
d1bgka_.pdb	37	1.615e-07	296.0
d1djaa_.pdb	258	2.171e-55	2208.0
d1el6a_.pdb	208	6.051e-41	1763.0
d1ynfa1.pdb	429	7.519e-97	3796.0
d1kp6a_.pdb	79	3.112e-18	678.0
d1pu1a_.pdb	91	2.47e-17	660.0
d1w0pa2.pdb	197	8.555e-41	1865.0
d3oeqa_.pdb	121	1.149e-21	908.0
d1eaic_.pdb	61	1.404e-12	500.0
d1fvia1.pdb	80	1.95e-15	697.0
d1p8kz1.pdb	125	5.954e-26	994.0
d1z3ix2.pdb	298	8.599e-66	2576.0
d5ruba2.pdb	125	4.404e-30	1090.0
d1jrma_.pdb	104	9.606e-24	911.0
d1sqia1.pdb	149	1.088e-30	1262.0
d2djaa1.pdb	71	1.879e-13	502.0
d2faza1.pdb	76	1.883e-17	659.0
d2nlra_.pdb	222	1.967e-46	2118.0
d1r0ua_.pdb	142	1.005e-25	1264.0
d2h6fb1.pdb	401	3.83e-76	3436.0
d1r4xa1.pdb	163	4.059e-31	1451.0
d2p39a_.pdb	142	8.023e-30	1321.0
d2guja1.pdb	133	6.65e-25	1125.0
d1fs0g_.pdb	219	4.176e-42	1742.0
d2dsna_.pdb	387	6.566e-94	3541.0
d1qkka_.pdb	139	7.887e-28	1042.0
d2f5ka1.pdb	83	5.272e-15	649.0
d2q66a3.pdb	172	1.441e-40	1483.0
d1i4ua_.pdb	181	1.164e-35	1601.0
d2gl5a2.pdb	122	1.516e-26	1030.0
d1a3qa2.pdb	184	3.738e-40	1652.0
d1shyb2.pdb	49	8.588e-10	368.0
d1ogyb_.pdb	126	1.112e-26	971.0
d1qfxa_.pdb	441	1.298e-94	3958.0
d1nr0a1.pdb	311	2.444e-65	2958.0
d3dkud_.pdb	148	1.17e-35	1375.0
d1hbnb2.pdb	187	1.725e-41	1519.0
d1vl1a_.pdb	218	1.518e-48	1914.0
d1i7qb_.pdb	192	4.882e-46	1729.0
d1we9a_.pdb	64	2.228e-13	498.0
d1xpha1.pdb	130	6.601e-28	1163.0
d2fd5a1.pdb	76	1.798e-11	507.0
d2vkva1.pdb	62	2.812e-09	397.0
d2vmha_.pdb	147	8.898e-30	1343.0
d1o7fa2.pdb	155	1.62e-34	1367.0
d1y0za_.pdb	321	1.598e-77	2908.0
d1pn5a1.pdb	93	1.63e-16	679.0
d1ro2a_.pdb	210	4.494e-50	1854.0
d2fmla1.pdb	57	3.693e-11	415.0
d2idaa1.pdb	102	9.052e-23	894.0
d2paja2.pdb	282	1.02e-63	2477.0
d1zyba2.pdb	147	7.385e-30	1233.0
d2oqoa1.pdb	181	1.721e-28	1412.0
d1ep3b1.pdb	101	1.063e-19	893.0
d1t3ta6.pdb	168	1.757e-37	1459.0
d2obpa1.pdb	81	2.701e-15	577.0
d3hcga_.pdb	145	4.008e-32	1277.0
d1hxmb1.pdb	123	7.453e-26	1157.0
d1yeya2.pdb	133	6.031e-27	1110.0
d2pg3a1.pdb	221	3.463e-48	1858.0
d1wm3a_.pdb	72	1.413e-16	621.0
d2clya1.pdb	105	1.147e-13	410.0
d3pmta_.pdb	55	2.106e-10	463.0
d1guta_.pdb	67	5.733e-11	507.0
d1ne6a2.pdb	132	5.154e-31	1174.0
d1xtea_.pdb	116	2.375e-23	939.0
d2gvia2.pdb	33	1.347e-06	262.0
d2i1qa1.pdb	60	2.82e-11	445.0
d2o0ma1.pdb	247	2.034e-54	2095.0
d1urha1.pdb	147	1.043e-34	1276.0
d2io8a3.pdb	297	1.572e-69	2662.0
d1oc0b_.pdb	37	1.831e-08	286.0
d2g6ta1.pdb	305	8.535e-65	2621.0
d1u5ha_.pdb	223	4.372e-48	1895.0
d1f53a_.pdb	84	2.692e-19	807.0
d1jkna_.pdb	165	2.793e-40	1511.0
d1wcua_.pdb	149	2.293e-32	1423.0
d3d2la_.pdb	238	1.139e-56	2187.0
d2cqma1.pdb	109	5.865e-22	875.0
d3e29a_.pdb	134	3.504e-35	1162.0
d1luza_.pdb	85	1.02e-18	743.0
d1si2a_.pdb	120	3.083e-27	1053.0
d1tv5a1.pdb	371	2.619e-82	3267.0
d1vkha_.pdb	261	5.462e-56	2219.0
d1pota_.pdb	322	8.458e-74	2859.0
d1a8pa1.pdb	99	8.224e-19	873.0
d1o6la_.pdb	317	3.539e-66	2734.0
d2outa1.pdb	38	2.768e-06	235.0
d2outa2.pdb	67	6.195e-13	521.0
d3c6ba_.pdb	291	7.179e-67	2645.0
d2giya1.pdb	177	2.521e-41	1657.0
d1ifqa_.pdb	127	3.049e-25	1005.0
d3dhoa_.pdb	203	1.576e-44	1819.0
d1duvg2.pdb	183	2.856e-43	1565.0
d1wnaa_.pdb	127	1.497e-29	1109.0
d2nqra2.pdb	171	9.216e-37	1482.0
d1cmxa_.pdb	214	2.976e-49	1844.0
d1vhka2.pdb	163	3.413e-36	1415.0
d1ataa_.pdb	62	1.166e-13	507.0
d1cfra_.pdb	283	4.377e-57	2344.0
d2dy8a1.pdb	69	5.627e-14	558.0
d3b57a1.pdb	178	6.161e-26	1265.0
d1x6za_.pdb	119	1.064e-27	1015.0
d2ifga1.pdb	92	1.077e-16	787.0
d1d5ta1.pdb	336	2.628e-75	3010.0
d3dxsx_.pdb	74	1.117e-16	613.0
d1c20a_.pdb	128	2.102e-23	901.0
d1exta2.pdb	44	6.526e-09	347.0
d1gl0i_.pdb	32	3.154e-06	252.0
d1gvna_.pdb	87	3.691e-13	560.0
d1npya1.pdb	167	3.028e-36	1393.0
d2gf3a1.pdb	281	2.666e-65	2562.0
d1uyra2.pdb	365	2.129e-79	3106.0
d1olza2.pdb	474	8.996e-96	4554.0
d1lfba_.pdb	77	7.06e-13	568.0
d1omwa1.pdb	157	2.868e-24	1146.0
d1wgoa_.pdb	123	4.072e-22	1001.0
d3bypa1.pdb	82	9.378e-17	608.0
d1cf2o2.pdb	165	1.223e-40	1502.0
d1qr4a2.pdb	88	5.541e-15	713.0
d1z1sa1.pdb	129	1.178e-27	1133.0
d3blha1.pdb	292	8.289e-63	2565.0
d3ft1a_.pdb	100	2.751e-19	904.0
d1i24a_.pdb	392	7.464e-89	3516.0
d1qksa2.pdb	432	1.55e-95	4209.0
d1f89a_.pdb	271	8.607e-65	2451.0
d2o1ma_.pdb	232	4.356e-53	1971.0
d1qwoa_.pdb	435	5.785e-88	3899.0
d1nsza_.pdb	340	2.179e-74	3191.0
d2qalf1.pdb	100	9.76e-22	859.0
d1fs1b1.pdb	55	1.245e-08	325.0
d1gnwa2.pdb	84	9.452e-19	710.0
d1udxa1.pdb	156	2.367e-32	1472.0
d2ccya_.pdb	127	1.917e-19	906.0
d2qa9e_.pdb	185	5.52e-37	1720.0
d1k8rb_.pdb	82	2.513e-17	656.0
d1otra_.pdb	49	1.05e-06	267.0
d1otsa_.pdb	444	4.133e-65	3501.0
d1eema1.pdb	139	1.818e-20	960.0
d1idpa_.pdb	147	8.761e-31	1281.0
d1wdkc1.pdb	262	4.728e-59	2264.0
d1dbha1.pdb	207	9.399e-29	1525.0
d1gl4b_.pdb	89	6.648e-18	813.0
d1np7a2.pdb	204	6.43e-47	1722.0
d2v0na3.pdb	161	6.881e-38	1370.0
d1iiea_.pdb	75	2.694e-13	515.0
d1ijba_.pdb	202	1.55e-47	1791.0
d2onsa1.pdb	311	4.415e-77	2803.0
d1yuaa1.pdb	65	1.766e-13	513.0
d2ahme1.pdb	155	5.839e-30	1182.0
d2plna_.pdb	118	1.196e-23	878.0
d1lghb_.pdb	43	1.175e-06	209.0
d3pvka_.pdb	330	2.087e-75	3170.0
d1zlhb1.pdb	37	7.124e-08	299.0
d2acva_.pdb	461	4.658e-96	4061.0
d2nq3a1.pdb	131	7.15e-26	1226.0
d1k0da2.pdb	92	8.49e-21	784.0
d1r45a_.pdb	201	1.54e-48	1744.0
d2ghpa1.pdb	74	1.502e-15	612.0
d2yana_.pdb	105	3.303e-22	831.0
d1bunb_.pdb	61	4.795e-14	532.0
d1ct5a_.pdb	228	1.325e-47	1886.0
d1b63a1.pdb	115	1.439e-28	1064.0
d1ixra1.pdb	73	7.255e-14	544.0
d1kopa_.pdb	223	2.041e-53	2134.0
d2d40a1.pdb	289	2.183e-64	2782.0
d1jh6a_.pdb	181	1.733e-38	1553.0
d2dlba1.pdb	70	6.402e-12	421.0
d2ix0a3.pdb	87	4.917e-17	762.0
d3dkca_.pdb	312	4.237e-65	2735.0
d1ijya_.pdb	122	1.66e-27	1017.0
d1rmga_.pdb	422	1.076e-73	3730.0
d1tlha_.pdb	89	3.724e-14	617.0
d1v58a2.pdb	60	7.789e-11	476.0
d1x5ha1.pdb	119	8.076e-23	1036.0
d3a40x_.pdb	255	2.924e-37	1974.0
d1u1ia2.pdb	105	1.816e-25	934.0
d2gmga1.pdb	105	2.91e-22	823.0
d3d10a_.pdb	92	7.563e-17	641.0
d3m7va1.pdb	282	2.145e-59	2503.0
d1v97a2.pdb	90	3.02e-21	797.0
d1wht.1.pdb	256	2.599e-58	2262.0
d1waaa_.pdb	92	1.671e-20	901.0
d2i9aa1.pdb	40	1.013e-08	326.0
d2ivxa2.pdb	113	1.26e-18	820.0
d3ctla_.pdb	219	1.074e-47	1850.0
d1lupa_.pdb	31	5.613e-06	239.0
d1ooya1.pdb	221	4.521e-53	2038.0
d2g0da_.pdb	404	3.252e-66	3290.0
d1pjza_.pdb	201	1.713e-50	1863.0
d2xw6a_.pdb	130	3.043e-30	1098.0
d1nsca_.pdb	390	5.575e-78	3846.0
d1olza3.pdb	56	1.707e-12	461.0
d1ozja_.pdb	126	5.076e-28	1058.0
d1t1ea2.pdb	179	5.108e-36	1512.0
d2j8ma_.pdb	171	1.743e-38	1470.0
d1lfwa2.pdb	196	5.973e-47	1837.0
d1za0a1.pdb	242	2.165e-35	1828.0
d1ca1a2.pdb	121	3.82e-23	1063.0
d1t0aa_.pdb	158	5.594e-40	1418.0
d2c60a1.pdb	80	6.852e-15	613.0
d2pk0a_.pdb	247	8.779e-53	2114.0
d1eucb2.pdb	246	2.83e-57	2167.0
d2bu3a1.pdb	199	7.714e-47	1720.0
d3f4wa_.pdb	211	3.768e-42	1755.0
d2h3ma_.pdb	94	7.202e-20	816.0
d3aaab_.pdb	250	8.836e-46	1976.0
d1shux_.pdb	181	7.44e-40	1565.0
d1ekea_.pdb	222	4.147e-46	1828.0
d1yp2a2.pdb	293	3.77e-72	2658.0
d3proc2.pdb	70	2.92e-15	554.0
d1fyhb1.pdb	98	3.351e-20	898.0
d1nyna_.pdb	111	2.363e-22	874.0
d1uura1.pdb	118	5.761e-16	730.0
d2f8la1.pdb	323	3.561e-66	2741.0
d1zy9a1.pdb	177	5.939e-35	1538.0
d4ubpa_.pdb	100	1.304e-20	788.0
d1iega_.pdb	207	3.184e-50	1834.0
d1uuna_.pdb	184	2.567e-37	1720.0
d2x7ka_.pdb	164	8.009e-37	1539.0
d1pbya3.pdb	78	6.362e-15	679.0
d1ylla1.pdb	190	3.567e-39	1831.0
d2oqea2.pdb	98	2.958e-20	824.0
d1df0a2.pdb	142	4.156e-29	1290.0
d1rypi_.pdb	222	9.124e-47	1880.0
d3cb0a_.pdb	166	4.922e-35	1500.0
d1qypa_.pdb	57	2.879e-11	484.0
d1twfh_.pdb	133	1.177e-26	1195.0
d2ivda1.pdb	341	7.055e-73	2910.0
d1v5ra1.pdb	85	1.95e-17	691.0
d1e8ca1.pdb	101	3.124e-23	860.0
d1om2a_.pdb	95	9.032e-15	607.0
d1qexa_.pdb	288	4.203e-60	2582.0
d1alya_.pdb	146	2.248e-28	1322.0
d1piea1.pdb	205	1.263e-45	1733.0
d3ilza_.pdb	267	1.077e-44	2098.0
d1wpwa_.pdb	336	4.863e-73	2908.0
d1z9ha2.pdb	113	7.17e-25	942.0
d3ejna1.pdb	450	2.564e-79	3791.0
d1whna_.pdb	128	1.229e-26	999.0
d2j7qa1.pdb	232	9.606e-52	2011.0
d1uk8a_.pdb	271	3.508e-61	2368.0
d1ji0a_.pdb	240	1.479e-55	2073.0
d2vw8a_.pdb	299	2.899e-69	2633.0
d1ujta_.pdb	120	1.144e-23	1048.0
d2jg5a_.pdb	306	1.593e-68	2725.0
d2btia_.pdb	58	4.16e-09	355.0
d2g39a2.pdb	274	1.677e-63	2407.0
d1nf1a_.pdb	260	8.683e-36	1982.0
d2i9ca1.pdb	121	4.756e-17	802.0
d2bv4a_.pdb	113	9.706e-23	1045.0
d3sbta_.pdb	253	1.416e-53	2167.0
d3coqa1.pdb	41	7.081e-07	271.0
d3cr3a1.pdb	192	1.034e-27	1417.0
d1u94a2.pdb	60	2.796e-11	428.0
d1vq8t1.pdb	119	2.885e-26	975.0
d2cnqa_.pdb	301	2.632e-64	2656.0
d1lrha_.pdb	160	3.617e-34	1498.0
d1ywfa1.pdb	241	5.423e-46	2003.0
d1k32a2.pdb	281	8.509e-56	2643.0
d1ofda3.pdb	430	5.797e-91	3883.0
d1iwga7.pdb	199	5.031e-27	1403.0
d1ujsa_.pdb	88	1.068e-16	669.0
d1vdka_.pdb	458	6.028e-70	3721.0
d1t9ha1.pdb	67	3.052e-13	547.0
d1wwha1.pdb	81	4.453e-19	682.0
d2g7la2.pdb	133	1.712e-19	909.0
d2y0ta_.pdb	52	7.576e-08	336.0
d3mv4m_.pdb	238	2.151e-55	2227.0
d1b9oa_.pdb	123	1.121e-27	1027.0
d2fzcb1.pdb	99	3.465e-21	843.0
d3n74d_.pdb	227	2.025e-50	1917.0
d2fe5a1.pdb	92	1.113e-17	791.0
d2tpta3.pdb	105	1e-22	846.0
d1djqa1.pdb	340	3.746e-71	3049.0
d1dnva_.pdb	415	3.081e-89	3795.0
d2b59b1.pdb	60	6.29e-12	436.0
d2cr9a1.pdb	126	1.468e-22	992.0
d3pa3a_.pdb	259	2.717e-56	2247.0
d1ufoa_.pdb	238	3.587e-56	2114.0
d2vb1a1.pdb	129	2.165e-27	1089.0
d3ijwa_.pdb	265	2.875e-63	2352.0
d1wj0a_.pdb	58	1.23e-12	473.0
d1wyxa_.pdb	68	8.221e-14	596.0
d2c07a1.pdb	246	2.485e-52	2096.0
d1uf9a_.pdb	191	1.874e-37	1405.0
d2hthb1.pdb	129	4.229e-24	1079.0
d1biha3.pdb	97	1.681e-21	931.0
d1i8xa_.pdb	30	3.174e-05	217.0
d1j5pa4.pdb	132	1.673e-28	1069.0
d1vq8a2.pdb	90	1.248e-16	709.0
d1zh8a2.pdb	144	9.551e-33	1258.0
d3mmha_.pdb	167	6.221e-37	1437.0
d1r7la_.pdb	103	5.816e-22	867.0
d1yc5a1.pdb	234	3.031e-54	2019.0
d1mwpa_.pdb	96	1.048e-19	859.0
d1v2aa1.pdb	125	8.735e-19	854.0
d1z05a1.pdb	71	2.161e-14	537.0
d2di0a1.pdb	63	3.233e-11	450.0
d2fh5b1.pdb	188	4.052e-42	1578.0
d1s5pa_.pdb	225	1.875e-54	1978.0
d2o8sa1.pdb	220	4.168e-31	1678.0
d1j3aa_.pdb	129	5.708e-27	1066.0
d1u34a_.pdb	119	3.718e-24	957.0
d1wvqa_.pdb	163	5.171e-36	1395.0
d1b6aa2.pdb	281	2.026e-65	2574.0
d1u58a2.pdb	124	1.564e-23	1021.0
d2dewx1.pdb	165	1.836e-35	1520.0
d1cb8a2.pdb	100	1.793e-18	857.0
d1r8o.1.pdb	96	4.382e-19	811.0
d2fxua1.pdb	133	3.401e-30	1134.0
d3eeqa1.pdb	115	1.058e-25	938.0
d1d0na3.pdb	121	3.017e-27	1034.0
d1nkra2.pdb	99	1.533e-20	932.0
d1vlba4.pdb	597	0.0	5628.0
d1tola2.pdb	91	1.206e-19	745.0
d1zroa1.pdb	273	7.03e-41	2145.0
d1kwga3.pdb	197	2.671e-46	1759.0
d2ajta2.pdb	328	9.74e-68	2778.0
d1zata1.pdb	126	3.198e-28	1161.0
d1tjgh1.pdb	132	1.478e-28	1260.0
d2r6gf1.pdb	246	5.83e-49	2040.0
d1qxya_.pdb	249	5.334e-55	2168.0
d3lo3a_.pdb	94	9.998e-21	786.0
d1k38a_.pdb	239	4.529e-53	2162.0
d2gnpa1.pdb	262	4.821e-60	2250.0
d1umua_.pdb	105	1.292e-19	866.0
d2ayxa2.pdb	117	6.611e-25	981.0
d3dc7a1.pdb	207	1.71e-48	1775.0
d1w3ba_.pdb	388	7.49e-49	2806.0
d1v4ea_.pdb	280	1.459e-39	2104.0
d1akha_.pdb	49	3.112e-07	293.0
d1aopa2.pdb	80	1.648e-17	650.0
d1je5a_.pdb	181	4.25e-39	1609.0
d1w8aa_.pdb	189	5.32e-40	1705.0
d2d0oa3.pdb	203	2.197e-47	1783.0
d1mtza_.pdb	290	1.09e-67	2592.0
d1edmb_.pdb	39	1.181e-08	339.0
d1evsa_.pdb	163	2.004e-24	1176.0
d1qfma1.pdb	430	1.343e-82	3955.0
d2dlqa4.pdb	27	0.0002559	162.0
d2dy1a2.pdb	267	6.488e-60	2335.0
d1rxwa2.pdb	204	4.142e-46	1707.0
d2w0ba_.pdb	440	1.729e-76	3804.0
d2naca1.pdb	188	1.304e-41	1593.0
d1k5na1.pdb	95	6.947e-19	869.0
d1t56a2.pdb	120	1.716e-17	816.0
d1y71a1.pdb	109	2.609e-21	883.0
d2ps1a_.pdb	224	9.134e-51	1907.0
d1ugna1.pdb	96	6.574e-22	873.0
d1w07a1.pdb	186	1.995e-27	1362.0
d2v1qa_.pdb	60	1.088e-11	523.0
d1aoza3.pdb	214	2.374e-49	2040.0
d1rtta_.pdb	174	2.501e-39	1459.0
d3e7aa_.pdb	293	6.734e-71	2675.0
d1zkda1.pdb	357	1.824e-83	3194.0
d1zrra1.pdb	179	3.176e-37	1574.0
d1avo.1.pdb	60	1.056e-09	326.0
d1avqa_.pdb	228	1.214e-48	1923.0
d1t4aa_.pdb	80	2.684e-18	612.0
d1zina2.pdb	35	9.519e-07	290.0
d2a4ca_.pdb	99	1.401e-20	889.0
d2p2ea1.pdb	118	1.776e-27	1056.0
d3q62a_.pdb	170	7.201e-41	1587.0
d1kg1a_.pdb	60	8.128e-14	516.0
d1n8yc4.pdb	120	7.892e-30	1060.0
d1q0qa2.pdb	151	5.381e-31	1250.0
d2piga_.pdb	310	4.703e-57	2674.0
d1dmha_.pdb	309	1.366e-70	2724.0
d2cosa1.pdb	41	2.954e-06	243.0
d1zwza1.pdb	125	8.118e-29	1013.0
d3hdva_.pdb	120	2.31e-24	901.0
d1qasa1.pdb	94	1.068e-17	703.0
d1rqja_.pdb	299	1.459e-44	2340.0
d3m9ja_.pdb	105	3.77e-24	877.0
d1p65a_.pdb	57	2.15e-10	385.0
d1ryka_.pdb	69	2.32e-10	476.0
d1u0ma2.pdb	148	1.103e-34	1316.0
d2i7xa1.pdb	499	0.0	4513.0
d3nera_.pdb	90	9.658e-20	719.0
d1cwva2.pdb	96	3.021e-19	862.0
d1l8qa1.pdb	108	2.587e-15	733.0
d1qe3a_.pdb	467	0.0	4295.0
d1tyeb2.pdb	248	2.627e-58	2202.0
d1js1x1.pdb	163	3.678e-33	1335.0
d2cj4a_.pdb	147	3.009e-22	1112.0
d3hvva_.pdb	167	6.857e-39	1460.0
d1nrza_.pdb	163	5.88e-37	1392.0
d2gx8a1.pdb	359	8.538e-79	3200.0
d2uubq1.pdb	100	1.037e-17	792.0
d1gs5a_.pdb	258	3.06e-57	2245.0
d1al3a_.pdb	237	1.339e-56	2089.0
d1wkca_.pdb	168	3.644e-41	1468.0
d2j59m1.pdb	113	1.285e-22	934.0
d1a3ca_.pdb	166	1.559e-38	1467.0
d1xg7a_.pdb	245	2.006e-37	1926.0
d3l9sa_.pdb	185	3.637e-35	1533.0
d1v38a_.pdb	78	1.97e-14	588.0
d1y6za_.pdb	242	2.146e-53	2086.0
d1acoa1.pdb	226	5.417e-52	2026.0
d1vhya1.pdb	71	4.594e-16	649.0
d2dewx2.pdb	93	2.136e-21	859.0
d3be7a1.pdb	95	3.54e-21	831.0
d1atga_.pdb	231	6.36e-56	2007.0
d1vbwa_.pdb	68	4.984e-15	579.0
d1w98b1.pdb	130	3.642e-22	1014.0
d2ch4w1.pdb	139	1.632e-28	1202.0
d2q43a2.pdb	102	6.933e-23	886.0
d1gz6a_.pdb	301	2.61e-67	2575.0
d1a17a_.pdb	159	1.414e-20	984.0
d2jdii_.pdb	25	0.001605	131.0
d2jdqd_.pdb	63	4.717e-13	489.0
d2rh2a_.pdb	57	4.987e-11	495.0
d3r9va_.pdb	198	4.331e-36	1449.0
d1uvqa1.pdb	99	2.295e-19	900.0
d2od4a1.pdb	100	2.79e-20	796.0
d1ax8a_.pdb	130	2.196e-20	933.0
d1n9ra_.pdb	68	3.332e-13	602.0
d1sr9a1.pdb	46	3.389e-08	293.0
d1sr9a2.pdb	310	2.279e-67	2653.0
d3pk0a_.pdb	260	1.138e-58	2281.0
d2i4ra1.pdb	76	5.381e-16	587.0
d3c8da2.pdb	241	8.758e-56	2155.0
d2cs0a1.pdb	106	1.729e-22	894.0
d2p5ia1.pdb	262	3.057e-60	2276.0
d1uhga_.pdb	383	1.24e-89	3480.0
d1fp2a2.pdb	244	2.106e-55	2048.0
d2epja_.pdb	420	7.39e-90	3709.0
d2rera1.pdb	155	6.712e-33	1365.0
d1k4us_.pdb	62	1.236e-12	507.0
d1gdha1.pdb	191	9.186e-43	1630.0
d1z72a_.pdb	216	8.418e-31	1623.0
d1bhia_.pdb	38	1.279e-07	285.0
d1bupa1.pdb	185	2.022e-41	1632.0
d1wgva_.pdb	124	2.848e-23	1044.0
d2pstx_.pdb	61	8.336e-12	472.0
d2zs0d_.pdb	145	2.426e-21	1079.0
d1ii5a_.pdb	221	8.869e-54	1977.0
d1zx3a1.pdb	86	4.393e-14	530.0
d2bnxa1.pdb	337	2.658e-44	2433.0
d2e2aa_.pdb	104	7.396e-15	656.0
d2pu3a_.pdb	207	7.944e-43	1782.0
d1ej8a_.pdb	140	1.034e-28	1279.0
d1t9fa_.pdb	178	2.566e-35	1661.0
d2masa_.pdb	313	5.671e-70	2739.0
d2rnrb1.pdb	108	5.05e-22	944.0
d1f2la_.pdb	64	1.525e-12	510.0
d1j0aa_.pdb	325	1.737e-71	2780.0
d1qnra_.pdb	344	6.48e-79	3169.0
d1kgsa2.pdb	122	3.999e-23	893.0
d1u7za_.pdb	216	1.95e-46	1921.0
d1fcdc1.pdb	80	1.794e-15	623.0
d1gvfa_.pdb	273	2.504e-59	2355.0
d1jx6a_.pdb	338	3.153e-77	2951.0
d1lqva_.pdb	172	7.091e-36	1500.0
d1ygya1.pdb	184	1.344e-38	1467.0
d1a9xa1.pdb	153	3.259e-26	1157.0
d1im8a_.pdb	225	6.715e-49	1898.0
d2hmta_.pdb	139	2.035e-29	1089.0
d1knxa2.pdb	171	5.936e-37	1439.0
d2gaxa1.pdb	135	4.01e-30	1093.0
d1alla_.pdb	160	2.333e-22	1108.0
d1m98a2.pdb	142	1.802e-33	1294.0
d1x1ia2.pdb	118	9.682e-25	1026.0
d2vl6a_.pdb	259	9.743e-55	2212.0
d1nyta1.pdb	170	9.869e-37	1407.0
d2nn6e2.pdb	94	1.672e-19	759.0
d3iaca_.pdb	469	1.17e-86	4008.0
d1dkga1.pdb	59	4.906e-13	512.0
d1eiwa_.pdb	111	4.477e-24	882.0
d1tzfa_.pdb	251	5.109e-59	2215.0
d1chua1.pdb	111	7.455e-20	767.0
d1hlva2.pdb	65	2.433e-10	421.0
d1k04a_.pdb	142	1.07e-21	866.0
d1p4wa_.pdb	87	7.171e-14	614.0
d1so9a_.pdb	131	2.006e-29	1201.0
d2a6ta2.pdb	139	2.217e-32	1220.0
d2q0zx2.pdb	114	4.933e-21	1022.0
d1gmla_.pdb	154	1.46e-35	1349.0
d1tubb1.pdb	243	3.374e-54	2077.0
d1wixa_.pdb	164	3.066e-27	1312.0
d3a4ra_.pdb	79	5.741e-18	676.0
d3si7a_.pdb	265	3.61e-61	2340.0
d2cara1.pdb	194	8.911e-46	1705.0
d1ezga_.pdb	82	4.479e-16	673.0
d1fdra1.pdb	96	1.742e-18	842.0
d1qyna_.pdb	134	7.583e-27	1105.0
d2b5id2.pdb	63	4.995e-11	489.0
d2ebfx1.pdb	300	5.053e-50	2400.0
d1ny711.pdb	189	5.963e-38	1730.0
d3c0ua_.pdb	177	1.895e-41	1582.0
d1qqra_.pdb	138	7.595e-30	1219.0
d1yzva_.pdb	195	1.685e-43	1732.0
d1k32a1.pdb	91	8.197e-18	779.0
d1ppja1.pdb	232	1.248e-50	2004.0
d2rspa_.pdb	115	5.644e-23	1022.0
d1ho8a_.pdb	447	7.611e-58	3298.0
d2f22a1.pdb	141	5.051e-25	1061.0
d3nx6a_.pdb	75	2.192e-15	674.0
d1f39a_.pdb	101	2.028e-19	882.0
d2vdfa_.pdb	225	2.143e-43	1891.0
d1kska3.pdb	59	3.448e-13	476.0
d1m3ya2.pdb	216	2.878e-47	1954.0
d2ap1a2.pdb	117	6.011e-26	970.0
d3a02a_.pdb	51	2.426e-08	320.0
d3bvua2.pdb	522	0.0	4987.0
d2p5zx2.pdb	177	1.454e-38	1602.0
d1l9la_.pdb	74	6.3e-12	517.0
d1n7da7.pdb	50	3.493e-13	383.0
d1n7ha_.pdb	331	2.592e-73	2925.0
d1q4ta_.pdb	142	3.907e-30	1251.0
d2gufa_.pdb	551	0.0	4814.0
d1s7ka_.pdb	158	1.133e-38	1404.0
d2hyda2.pdb	323	2.795e-41	2238.0
d1ii2a2.pdb	199	1.913e-45	1713.0
d2akoa1.pdb	241	1.1e-49	2057.0
d1n4wa2.pdb	132	1.714e-29	1170.0
d1vzia1.pdb	88	2.135e-17	808.0
d2e9xc2.pdb	78	1.619e-15	606.0
d2fupa1.pdb	128	4.029e-18	845.0
d2hgaa1.pdb	103	1.278e-19	829.0
d2w6ka1.pdb	139	4.791e-32	1165.0
d1iyjb5.pdb	138	5.086e-31	1195.0
d1s05a_.pdb	129	1.195e-20	952.0
d2g8la1.pdb	284	1.839e-55	2299.0
d1regx_.pdb	122	5.93e-27	990.0
d1vl5a_.pdb	231	2.034e-54	2037.0
d1g5ha2.pdb	278	2.67e-62	2441.0
d2fn9a_.pdb	280	7.87e-60	2393.0
d2y8ga_.pdb	122	1.555e-23	1051.0
d3ctaa1.pdb	85	1.671e-16	611.0
d1e6ba1.pdb	114	4.632e-21	900.0
d1kqfa1.pdb	165	3.226e-40	1504.0
d1uhta_.pdb	118	2.485e-24	1075.0
d2i10a2.pdb	110	1.412e-16	764.0
d3e9ua_.pdb	162	1.89e-33	1458.0
d1odka_.pdb	228	2.349e-54	2045.0
d1aqta2.pdb	85	5.028e-18	817.0
d1l3pa_.pdb	102	4.836e-14	693.0
d1ojja_.pdb	398	2.581e-94	3894.0
d1qmya_.pdb	156	3.141e-36	1351.0
d1xvxa_.pdb	311	4.37e-70	2809.0
d1d0da_.pdb	60	2.695e-13	506.0
d1r4pa_.pdb	281	1.604e-65	2477.0
d2c3fa1.pdb	322	4.83e-59	2196.0
d2itba1.pdb	199	9.424e-31	1424.0
d1g8ma2.pdb	393	2.713e-91	3505.0
d2hzaa1.pdb	48	4.69e-08	261.0
d2odci1.pdb	46	1.22e-07	296.0
d2plwa_.pdb	182	4.324e-42	1570.0
d1xmka1.pdb	73	9.403e-15	551.0
d2gmya1.pdb	147	4.329e-22	1097.0
d3k69a_.pdb	151	5.098e-28	1096.0
d1fhoa_.pdb	119	1.824e-22	1011.0
d1p32a_.pdb	182	1.069e-34	1458.0
d2ixda_.pdb	232	2.223e-52	1965.0
d1vq8r1.pdb	150	4.442e-35	1305.0
d2zoya2.pdb	101	2.131e-16	726.0
d3hmsa_.pdb	91	5.126e-20	786.0
d1kq6a_.pdb	140	1.217e-28	1151.0
d1vhua_.pdb	192	3.967e-39	1573.0
d1f00i2.pdb	89	2.883e-17	818.0
d1n26a1.pdb	93	3.986e-18	801.0
d1tdha3.pdb	44	2.352e-08	333.0
d1uura3.pdb	131	2.568e-28	1095.0
d2g7ga2.pdb	132	2.26e-19	868.0
d2p4pa1.pdb	82	2.99e-16	618.0
d3fpqa_.pdb	271	2.506e-56	2270.0
d1g2ra_.pdb	94	6.582e-19	728.0
d1uila_.pdb	113	7.872e-23	909.0
d2clyb1.pdb	120	1.713e-19	676.0
d2ek1a_.pdb	79	4.758e-18	645.0
d2tpsa_.pdb	226	1.009e-47	1893.0
d1y8xb1.pdb	92	1.046e-19	773.0
d2fvka1.pdb	156	1.382e-35	1331.0
d3c0da1.pdb	108	1.769e-20	941.0
d1ek8a_.pdb	185	1.68e-34	1404.0
d1wdja_.pdb	186	1.922e-42	1616.0
d3afma_.pdb	258	4.418e-58	2243.0
d2hfqa1.pdb	85	2.213e-16	670.0
d1kxua1.pdb	151	4.145e-23	1123.0
d1wxqa1.pdb	273	7.458e-58	2291.0
d1lv3a_.pdb	65	2.275e-15	535.0
d1meoa_.pdb	202	8.503e-47	1751.0
d2q4gw_.pdb	460	1.218e-95	4026.0
d2csua3.pdb	163	1.393e-33	1328.0
d1lp9e1.pdb	115	1.113e-23	1072.0
d1wcwa_.pdb	254	1.233e-54	2157.0
d1r7aa1.pdb	70	8.906e-12	570.0
d1urua_.pdb	217	6.155e-30	1352.0
d2okqa1.pdb	117	4.843e-25	988.0
d1dusa_.pdb	194	8.658e-45	1699.0
d2b5ib2.pdb	104	2.493e-19	906.0
d3bpse1.pdb	40	1.159e-08	337.0
d3bsua_.pdb	48	8.957e-10	396.0
d3iqca_.pdb	119	5.404e-18	833.0
d1jbia_.pdb	100	3.561e-24	922.0
d1mkma1.pdb	75	5.474e-14	527.0
d1qz1a3.pdb	98	2.398e-20	902.0
d2fo1d1.pdb	63	3.098e-10	317.0
d1uuza_.pdb	129	1.538e-26	1101.0
d2iiia_.pdb	120	9.085e-27	1054.0
d1jiwi_.pdb	105	7.371e-22	961.0
d1se9a_.pdb	101	2.335e-22	836.0
d1w66a1.pdb	216	7.355e-51	1925.0
d3pvja_.pdb	275	6.876e-64	2466.0
d1x6aa1.pdb	34	2.716e-06	259.0
d1ykwa2.pdb	131	1.818e-29	1180.0
d2o39c2.pdb	64	2.058e-13	587.0
d2ux6a_.pdb	122	2.959e-29	1114.0
d2c8sa1.pdb	149	3.96e-28	1229.0
d2i9ia1.pdb	221	3.276e-52	1964.0
d1mqva_.pdb	123	2.151e-20	845.0
d1ud9a1.pdb	119	6.235e-22	995.0
d2imla1.pdb	189	1.596e-38	1614.0
d1qrva_.pdb	73	3.17e-12	482.0
d1uerc2.pdb	87	4.033e-18	708.0
d2azea1.pdb	148	4.498e-27	1055.0
d2x7cb_.pdb	334	6.488e-80	3007.0
d2paja1.pdb	139	1.86e-30	1168.0
d1omwa3.pdb	344	1.54e-70	2921.0
d1bl0a1.pdb	54	4.638e-10	391.0
d1c4ea_.pdb	35	7.106e-07	261.0
d1cfba2.pdb	105	2.324e-21	988.0
d1qf6a4.pdb	291	2.936e-67	2627.0
d1eg3a3.pdb	38	2.087e-07	309.0
d1feca1.pdb	240	2.595e-54	2030.0
d1ya0a1.pdb	458	1.683e-61	3565.0
d1uoka2.pdb	479	0.0	4354.0
d1twia2.pdb	264	3.218e-56	2233.0
d3ijta_.pdb	140	1.505e-28	1222.0
d1s2wa_.pdb	258	2.457e-52	2079.0
d1l3ka2.pdb	79	5.144e-18	685.0
d1squa_.pdb	152	1.867e-35	1338.0
d2v5fa_.pdb	97	9.874e-15	643.0
d1dkza2.pdb	118	3.715e-24	1054.0
d1moxc_.pdb	49	2.634e-10	405.0
d1nvpb_.pdb	43	6.859e-06	223.0
d1o1ya_.pdb	230	3.856e-52	1944.0
d3dxea_.pdb	124	1.688e-25	1067.0
d2cg7a1.pdb	43	2.855e-08	365.0
d2gl5a1.pdb	278	9.63e-66	2477.0
d1wj7a1.pdb	91	9.475e-15	591.0
d2a25a_.pdb	146	8.497e-33	1355.0
d2qq4a_.pdb	138	1.474e-29	1185.0
d1k28a2.pdb	217	5.024e-32	1276.0
d1s3la_.pdb	165	1.919e-38	1460.0
d3iwla_.pdb	66	1.389e-14	551.0
d1gyta1.pdb	178	1.967e-41	1540.0
d2cvea1.pdb	123	4.469e-27	1081.0
d1hm9a2.pdb	250	7.143e-60	2198.0
d2o34a1.pdb	248	1.799e-52	2125.0
d1k18a_.pdb	31	1.673e-05	188.0
d1k1aa_.pdb	228	7.368e-37	1852.0
d1x93a1.pdb	43	2.126e-06	244.0
d1x9fd_.pdb	140	9.903e-22	1063.0
d2plga1.pdb	152	5.425e-31	1238.0
d1o5oa_.pdb	210	8.854e-49	1858.0
d3jxsa_.pdb	166	1.328e-37	1584.0
d1nzna_.pdb	122	1.186e-17	814.0
d1iura_.pdb	88	3.376e-14	603.0
d1o22a_.pdb	149	2.508e-32	1205.0
d1vjva_.pdb	367	1.803e-83	3176.0
d1jqna_.pdb	874	0.0	7357.0
d2z1na_.pdb	237	3.768e-52	2001.0
d1z67a1.pdb	127	3.942e-20	916.0
d2f5va2.pdb	198	7.926e-41	1724.0
d1krha2.pdb	133	7.391e-29	1117.0
d2d1pb1.pdb	119	2.708e-26	977.0
d3vhva_.pdb	255	9.792e-41	1933.0
d1yu0a1.pdb	166	1.868e-34	1496.0
d3bgea1.pdb	163	9.935e-29	1231.0
d1g3nc2.pdb	101	1.038e-16	748.0
d1n9la_.pdb	109	1.067e-22	978.0
d1wz3a1.pdb	84	2.45e-14	544.0
d2alaa2.pdb	292	1.347e-62	2816.0
d1fnfa1.pdb	94	3.808e-18	854.0
d1pbga_.pdb	454	1.485e-100	4097.0
d1xmaa_.pdb	101	2.672e-18	706.0
d2dlxa1.pdb	147	3.903e-32	1179.0
d1ugla_.pdb	50	4.172e-11	410.0
d1um8a_.pdb	327	9.035e-62	2593.0
d1in4a1.pdb	75	2.562e-15	557.0
d1n10a1.pdb	95	1.526e-18	861.0
d1utaa_.pdb	77	3.844e-16	648.0
d2imha1.pdb	225	1.772e-52	1989.0
d1j24a_.pdb	133	1.475e-29	1074.0
d1vyba_.pdb	236	5.091e-54	2121.0
d1ecsa_.pdb	120	6.967e-29	1081.0
d1o82a_.pdb	70	4.121e-10	446.0
d1kfta_.pdb	56	6.304e-10	418.0
d1l1la_.pdb	717	0.0	6445.0
d3a38a_.pdb	83	1.82e-19	702.0
d3bwud_.pdb	121	3.378e-26	1024.0
d1hcna_.pdb	85	1.757e-16	745.0
d1k36a_.pdb	46	1.244e-09	390.0
d1kmda_.pdb	117	1.62e-23	913.0
d1qmha2.pdb	239	6.3e-58	2200.0
d2pyya_.pdb	212	1.031e-50	1855.0
d1m1xa3.pdb	190	5.177e-48	1776.0
d1a0ia2.pdb	231	5.668e-54	2105.0
d1r30a_.pdb	312	5.495e-71	2769.0
d1twfa_.pdb	1419	0.0	12471.0
d1mvfd_.pdb	44	5.809e-08	320.0
d1nxia_.pdb	132	3.074e-24	981.0
d1xvpb_.pdb	246	4.607e-37	1892.0
d1fmja_.pdb	342	4.133e-70	2946.0
d2yzha_.pdb	170	3.281e-39	1521.0
d1okga3.pdb	72	1.535e-14	598.0
d1s0aa_.pdb	428	3.626e-97	3812.0
d1x51a1.pdb	142	5.206e-30	1234.0
d2vxti_.pdb	156	1.826e-30	1420.0
d1ig6a_.pdb	107	2.256e-20	779.0
d1iuha_.pdb	183	5.016e-38	1619.0
d2cwza1.pdb	138	3.766e-31	1155.0
d3m5ra_.pdb	126	1.314e-27	1105.0
d1olma1.pdb	75	9.342e-12	493.0
d1p28a_.pdb	119	4.205e-19	931.0
d1vm6a3.pdb	128	1.405e-28	1061.0
d3ck2a1.pdb	173	3.407e-42	1600.0
d1n0ua1.pdb	138	1.366e-30	1252.0
d1w5sa1.pdb	103	1.04e-18	774.0
d2fhqa1.pdb	135	8.024e-30	1182.0
d1foea2.pdb	162	6.331e-31	1333.0
d1q8ia1.pdb	376	1.388e-82	3402.0
d1scfa_.pdb	119	6.449e-21	828.0
d1x4xa1.pdb	93	4.171e-18	842.0
d2odfa1.pdb	252	8.157e-58	2150.0
d1usga_.pdb	345	1.214e-76	2998.0
d1v97a1.pdb	73	2.428e-13	556.0
d3hvma_.pdb	330	2.892e-79	3043.0
d1urja_.pdb	1028	0.0	9208.0
d1gkra1.pdb	126	4.176e-28	1106.0
d1mj5a_.pdb	297	2.034e-68	2688.0
d1gria1.pdb	50	8.883e-10	431.0
d1j1ia_.pdb	258	4.123e-59	2295.0
d3sxua_.pdb	146	9.611e-33	1255.0
d1q3ia_.pdb	192	1.066e-43	1757.0
d2i5ea1.pdb	208	1.58e-48	1789.0
d1l9na1.pdb	140	3.103e-29	1276.0
d1q5da_.pdb	401	1.033e-63	3314.0
d1k28a3.pdb	216	3.517e-39	1755.0
d1woqa1.pdb	129	3.884e-29	1097.0
d2ppxa1.pdb	62	3.055e-10	403.0
d2pq6a1.pdb	443	2.773e-91	3833.0
d3mmca3.pdb	185	2.114e-43	1545.0
d1itxa1.pdb	347	9.8e-79	3032.0
d1gvda_.pdb	52	2.435e-09	371.0
d1h54a2.pdb	267	7.172e-56	2456.0
d2asba2.pdb	79	1.141e-17	639.0
d1g3qa_.pdb	237	6.997e-50	1987.0
d2ic2a1.pdb	101	1.877e-19	897.0
d3mvka_.pdb	140	5.025e-33	1194.0
d1p6xa_.pdb	333	1.087e-67	2895.0
d1iyjb2.pdb	30	6.301e-05	206.0
d1iyjb4.pdb	111	5.643e-24	1006.0
d1t46a_.pdb	297	5.406e-60	2576.0
d1ckta_.pdb	71	5.001e-12	433.0
d1dl5a2.pdb	104	5.767e-22	888.0
d1mv8a2.pdb	202	2.408e-45	1775.0
d2fcwa1.pdb	105	5.304e-15	619.0
d2oyza1.pdb	93	1.49e-18	866.0
d1f9va_.pdb	313	2.252e-76	2855.0
d3b77a1.pdb	188	3.093e-36	1529.0
d1mpga2.pdb	99	1.059e-20	809.0
d1rrma_.pdb	385	1.102e-72	3299.0
d1p4xa1.pdb	125	5.75e-23	858.0
d1vr6a_.pdb	343	3.16e-77	3031.0
d2j7ja1.pdb	28	5.052e-05	193.0
d2j7ja3.pdb	28	0.0002469	172.0
d1hfua3.pdb	200	5.472e-46	1839.0
d1xjva1.pdb	140	1.116e-28	1227.0
d2yzia1.pdb	132	1.588e-28	1047.0
d1eoka_.pdb	282	6.454e-63	2509.0
d3bjaa_.pdb	139	2.519e-25	943.0
d1exta1.pdb	59	2.268e-14	531.0
d1fj2a_.pdb	229	4.87e-51	2022.0
d2i4aa_.pdb	107	7.052e-25	920.0
d3mala_.pdb	181	1.985e-34	1639.0
d1sr4c_.pdb	154	1.737e-31	1322.0
d5eaua1.pdb	200	7.029e-29	1481.0
d1nw9b_.pdb	238	1.284e-56	2091.0
d2j5wa1.pdb	192	5.013e-43	1765.0
d1jaya_.pdb	212	6.598e-50	1866.0
d2vxfa1.pdb	80	9.028e-16	670.0
d1bg1a3.pdb	128	1.597e-28	1061.0
d1hcia4.pdb	114	4.739e-17	745.0
d1pl3a_.pdb	186	5.402e-39	1705.0
d2pn2a1.pdb	132	4.938e-28	1093.0
d1faqa_.pdb	52	1.112e-11	446.0
d3e11a1.pdb	113	6.685e-24	888.0
d1fyxa_.pdb	149	3.124e-32	1174.0
d1tiba_.pdb	269	4.57e-63	2419.0
d2rj2a_.pdb	185	2.153e-40	1706.0
d1m3ua_.pdb	262	2.584e-58	2249.0
d1bg6a2.pdb	184	7.427e-43	1636.0
d1vjza_.pdb	325	1.946e-70	2857.0
d1nu9c2.pdb	136	3.337e-23	1002.0
d1vl7a_.pdb	135	2.062e-27	1203.0
d2qifa_.pdb	69	2.653e-14	557.0
d2ix0a4.pdb	385	4.923e-82	3289.0
d1zk8a1.pdb	72	3.046e-12	470.0
d2bw0a1.pdb	104	1.297e-24	934.0
d2gz1a1.pdb	154	6.723e-35	1368.0
d1g2913.pdb	61	3.022e-12	494.0
d1kbva1.pdb	151	5.616e-33	1413.0
d1urfa_.pdb	81	2.002e-11	488.0
d1xhca1.pdb	167	1.257e-39	1490.0
d3k6ra_.pdb	262	4.62e-64	2328.0
d2cq2a1.pdb	101	2.101e-23	858.0
d3kwoa_.pdb	149	1.472e-21	1008.0
d1k4ma_.pdb	213	8.502e-46	1775.0
d2zfya_.pdb	226	1.12e-41	1843.0
d1nr0a2.pdb	299	2.5e-59	2803.0
d3l6ba_.pdb	322	3.918e-73	2805.0
d3orha_.pdb	230	6.835e-55	2088.0
d1xrta1.pdb	112	3.827e-24	1006.0
d2f5ya1.pdb	77	1.651e-15	688.0
d2re9a_.pdb	164	6.44e-33	1457.0
d1ij5a_.pdb	305	9.363e-50	2300.0
d1hxra_.pdb	107	2.899e-22	1022.0
d1qbea_.pdb	123	5.151e-23	1010.0
d2at2a2.pdb	151	2.551e-33	1226.0
d3cx5i_.pdb	57	7.689e-09	323.0
d3cx8b_.pdb	193	9.509e-29	1444.0
d1klpa_.pdb	115	2.735e-21	841.0
d1n40a_.pdb	394	6.936e-68	3336.0
d1gwea_.pdb	498	9.718e-101	4420.0
d1e0ca1.pdb	135	3.003e-31	1123.0
d1nekb1.pdb	132	1.351e-22	1052.0
d1o0va1.pdb	104	8.438e-21	933.0
d1zunb3.pdb	197	1.562e-41	1634.0
d1kmva_.pdb	185	6.491e-42	1613.0
d2cofa1.pdb	95	9.159e-20	830.0
d3r93a_.pdb	58	1.07e-09	410.0
d1daba_.pdb	539	2.069e-99	4829.0
d2gtlo1.pdb	122	2.635e-23	1122.0
d1g7da_.pdb	106	4.965e-14	635.0
d1jr2a_.pdb	260	1.219e-58	2222.0
d1fyhb2.pdb	103	2.341e-20	946.0
d3qzma_.pdb	124	1.126e-25	1179.0
d1qqga1.pdb	103	1.561e-19	878.0
d1z05a2.pdb	197	1.165e-42	1642.0
d1gkza1.pdb	148	1.416e-21	1026.0
d1oqja_.pdb	90	1.16e-21	778.0
d1piea2.pdb	183	1.926e-35	1454.0
d2hi0a_.pdb	240	8.369e-53	2030.0
d1qfma2.pdb	280	2.417e-69	2567.0
d1psya_.pdb	125	4.507e-27	928.0
d1tyza_.pdb	331	5.996e-75	2952.0
d2dmya1.pdb	84	1.856e-17	680.0
d3blza1.pdb	124	5.033e-27	1079.0
d1hy5a_.pdb	120	4.991e-18	857.0
d1ti6a2.pdb	728	0.0	6688.0
d1w7ca1.pdb	459	8.885e-93	4323.0
d1p3da3.pdb	215	4.59e-48	1881.0
d1h2ia_.pdb	186	2.393e-38	1557.0
d1vf6a_.pdb	58	6.411e-08	303.0
d1vkza3.pdb	220	1.632e-50	1885.0
d3pgua_.pdb	408	1.334e-94	3827.0
d1gy7a_.pdb	121	1.125e-25	1047.0
d1pz7a_.pdb	188	1.536e-39	1782.0
d2imra2.pdb	306	2.217e-69	2737.0
d2d9ra1.pdb	85	1.95e-16	731.0
d3iqua_.pdb	236	2.74e-31	1626.0
d1q90d_.pdb	156	4.988e-25	1009.0
d1u2za_.pdb	379	6.296e-86	3361.0
d1o4ua1.pdb	162	1.372e-34	1316.0
d2ogqa2.pdb	87	4.078e-15	689.0
d1bvoa_.pdb	175	2.546e-39	1628.0
d1uz3a1.pdb	90	6.309e-14	616.0
d1x3ha2.pdb	32	4.041e-06	236.0
d1x4fa1.pdb	99	6.743e-22	807.0
d2fpra1.pdb	155	3.819e-37	1368.0
d1i5pa2.pdb	209	3.85e-46	1937.0
d1zkra2.pdb	70	9.921e-11	449.0
d2a84a_.pdb	277	1.089e-63	2396.0
d2bmwa1.pdb	133	1.56e-25	1176.0
d3n1ca_.pdb	309	9.143e-71	2728.0
d1p9ka_.pdb	79	4.727e-18	656.0
d1stma_.pdb	141	8.801e-30	1333.0
d2i10a1.pdb	69	3.454e-11	472.0
d2nxqa_.pdb	66	1.045e-10	375.0
d2nxya1.pdb	304	1.571e-66	2860.0
d1uf1a_.pdb	128	3.373e-23	985.0
d2fi1a1.pdb	187	1.258e-40	1516.0
d1k92a2.pdb	256	3.403e-54	2134.0
d1zoda_.pdb	431	6.886e-94	3728.0
d2fexa1.pdb	188	2.896e-45	1684.0
d1r9fa_.pdb	121	4.392e-26	1028.0
d2bvca1.pdb	100	7.215e-22	883.0
d2joea1.pdb	130	3.06e-27	1116.0
d1iufa2.pdb	66	3.99e-13	488.0
d1ksqa_.pdb	75	3.977e-18	666.0
d1m1xb4.pdb	31	2.18e-06	242.0
d1m6ia2.pdb	137	6.118e-31	1156.0
d1wc2a1.pdb	180	4.78e-44	1656.0
d2fe7a1.pdb	154	9.614e-33	1213.0
d1auua_.pdb	55	6.74e-11	441.0
d1ttza_.pdb	75	1.761e-16	599.0
d1wgha_.pdb	116	9.772e-26	950.0
d2jnga1.pdb	76	4.983e-16	631.0
d3c2wa3.pdb	113	1.363e-23	954.0
d1efub3.pdb	54	7.276e-08	320.0
d1ez0a_.pdb	504	0.0	4490.0
d1lssa_.pdb	132	7.185e-26	989.0
d2bnma1.pdb	71	4.159e-13	535.0
d2h7za1.pdb	75	3.411e-15	669.0
d2nn5a1.pdb	160	7.856e-34	1409.0
d2esna2.pdb	210	5.531e-49	1852.0
d1gwca1.pdb	138	1.194e-21	1029.0
d1ow0a1.pdb	101	8.469e-21	916.0
d1wuua2.pdb	174	3.55e-34	1393.0
d3ksna_.pdb	177	6.841e-40	1670.0
d1qcrd2.pdb	29	0.0001432	189.0
d1qqea_.pdb	281	4.609e-36	1983.0
d2fzcb2.pdb	53	3.005e-10	446.0
d2nzwa1.pdb	349	4.551e-73	3045.0
d1wija_.pdb	127	4.086e-27	1011.0
d1c8ua1.pdb	114	9.131e-23	985.0
d1sg1x1.pdb	55	4.85e-12	475.0
d1t11a3.pdb	113	1.974e-22	960.0
d1zn6a1.pdb	210	1.728e-49	1968.0
d3f1la_.pdb	245	6.522e-57	2178.0
d2jn4a1.pdb	66	6.646e-13	578.0
d2zdra2.pdb	280	2.403e-61	2415.0
d2hu7a2.pdb	260	2.124e-60	2364.0
d1zu2a1.pdb	145	2.074e-19	992.0
d3m7va2.pdb	119	3.647e-28	1028.0
d1kwfa_.pdb	363	7.341e-70	3210.0
d2wkka_.pdb	150	6.63e-30	1415.0
d1qr0a2.pdb	127	4.946e-28	1010.0
d1x3xa_.pdb	82	9.227e-19	681.0
d1zmra_.pdb	386	1.414e-84	3428.0
d2j0wa3.pdb	64	6.646e-14	510.0
d2xw9a_.pdb	228	6.229e-50	2120.0
d1ov9a_.pdb	45	4.309e-06	199.0
d1ovma1.pdb	161	1.344e-36	1357.0
d2hdoa1.pdb	207	4.524e-43	1655.0
d1vp4a_.pdb	420	1.613e-85	3583.0
d2b0va1.pdb	146	1.906e-29	1258.0
d1auib_.pdb	165	8.23e-30	1286.0
d1jpdx2.pdb	110	1.126e-25	941.0
d1pkpa2.pdb	74	9.466e-15	649.0
d1wzla1.pdb	120	3.468e-24	1096.0
d3cdua_.pdb	468	1.154e-96	4126.0
d2aa4a2.pdb	170	1.704e-37	1412.0
d1e0ta3.pdb	117	1.654e-26	973.0
d1p1ma1.pdb	123	9.57e-27	1031.0
d1ivsa4.pdb	425	3.505e-95	3847.0
d1es5a_.pdb	260	4.711e-55	2269.0
d1xi3a_.pdb	202	1.205e-40	1674.0
d1twfc2.pdb	131	8.757e-28	1161.0
d2cqra1.pdb	60	2.915e-10	399.0
d2ex3b1.pdb	162	2.472e-25	1123.0
d2yzqa2.pdb	100	6.071e-22	829.0
d1cb8a3.pdb	264	1.96e-55	2522.0
d1x4ea1.pdb	72	1.245e-15	592.0
d2aama1.pdb	285	1.703e-63	2460.0
d1wlfa1.pdb	80	7.203e-19	704.0
d2b7ea1.pdb	56	1.038e-09	369.0
d2b7ka_.pdb	155	1.236e-37	1393.0
d1c4qa_.pdb	69	4.89e-15	613.0
d1fxkc_.pdb	133	5.256e-21	804.0
d1ppjh_.pdb	66	2.721e-10	427.0
d1swva_.pdb	257	8.426e-51	2081.0
d1cx1a_.pdb	153	2.141e-31	1414.0
d1sxja2.pdb	249	1.687e-52	2090.0
d1af7a1.pdb	81	5.815e-14	543.0
d1de4c1.pdb	148	7.236e-24	1088.0
d1jeya1.pdb	281	4.347e-55	2301.0
d2ra4a_.pdb	65	1.222e-13	529.0
d3hqxa_.pdb	105	7.141e-21	986.0
d1n8ja_.pdb	186	1.128e-42	1618.0
d2bmfa2.pdb	297	5.973e-66	2636.0
d1cida1.pdb	105	5.497e-21	961.0
d1yarh_.pdb	203	2.942e-44	1759.0
d1eerb2.pdb	104	3.907e-20	927.0
d1nu0a_.pdb	131	8.34e-29	1092.0
d2b2ya2.pdb	94	3.543e-18	717.0
d2fg9a1.pdb	153	8.51e-32	1378.0
d1jmu.1.pdb	33	0.0002438	164.0
d1jmva_.pdb	140	7.528e-30	1149.0
d2daqa1.pdb	97	5.73e-20	774.0
d2qaln1.pdb	96	9.052e-18	679.0
d2vima_.pdb	104	1.658e-23	840.0
d1g4ma2.pdb	185	2.493e-38	1697.0
d1vhoa2.pdb	244	2.408e-56	2156.0
d1k5na2.pdb	181	1.882e-38	1522.0
d1j1ja_.pdb	217	1.394e-30	1565.0
d2ebfx2.pdb	219	1.014e-46	1848.0
d1o5la1.pdb	129	1.158e-23	1017.0
d2bbha1.pdb	223	5.795e-46	1850.0
d1fx2a_.pdb	235	1.142e-50	2027.0
d1wpna_.pdb	187	4.974e-42	1526.0
d1im3d_.pdb	95	3.591e-19	898.0
d1v8ca1.pdb	87	2.587e-19	714.0
d1wmia1.pdb	88	7.404e-20	754.0
d2ghaa_.pdb	374	1.196e-85	3318.0
d2gtlm1.pdb	124	1.69e-24	1165.0
d1i3za_.pdb	103	4.837e-21	869.0
d1r9la_.pdb	309	1.401e-74	2703.0
d2nvma1.pdb	104	1.541e-21	845.0
d1bg6a1.pdb	165	1.906e-27	1323.0
d1knma_.pdb	129	1.946e-27	1152.0
d1u14a_.pdb	169	4.603e-39	1453.0
d2uubk1.pdb	119	2.282e-27	1024.0
d1hc1a3.pdb	244	6.869e-53	2190.0
d2bh1a2.pdb	144	1.148e-34	1278.0
d2bvca2.pdb	374	1.734e-78	3334.0
d2ae8a2.pdb	95	2.161e-20	782.0
d2oqea3.pdb	121	1.046e-27	1028.0
d1bhga1.pdb	103	1.83e-20	942.0
d1oaca2.pdb	95	6.316e-18	772.0
d1v3ea_.pdb	431	2.455e-90	4229.0
d1krha1.pdb	100	3.032e-19	867.0
d2a9ga1.pdb	405	1.502e-93	3659.0
d1llaa1.pdb	99	1.462e-17	789.0
d1qw9a2.pdb	367	9.039e-82	3297.0
d1yd9a1.pdb	188	1.315e-40	1638.0
d1gg4a3.pdb	98	6.82e-22	813.0
d1pxza_.pdb	346	8.823e-63	3182.0
d2ag5a1.pdb	245	1.148e-55	2126.0
d1p35a_.pdb	299	5.919e-65	2758.0
d2qfra2.pdb	312	6.557e-75	2929.0
d2bmxa1.pdb	169	3.121e-40	1490.0
d1bvyf_.pdb	152	4.05e-35	1354.0
d1wfta_.pdb	123	8.251e-23	1030.0
d2qam31.pdb	64	1.188e-12	486.0
d2vzsa3.pdb	103	1.806e-20	945.0
d1k55a_.pdb	245	1.419e-55	2193.0
d2i3da1.pdb	218	1.125e-48	1885.0
d1tvia_.pdb	150	1.049e-29	1148.0
d2nn6i1.pdb	125	3.053e-27	1136.0
d1fftc_.pdb	185	3.43e-28	1346.0
d1qvwa_.pdb	236	1.642e-53	2069.0
d1ccza1.pdb	93	8.722e-21	874.0
d1lj8a4.pdb	286	1.499e-66	2577.0
d1jhna4.pdb	238	1.814e-53	2291.0
d1hdla_.pdb	55	5.219e-09	378.0
d1jbea_.pdb	126	9.045e-26	965.0
d1wwia1.pdb	148	2.267e-23	1049.0
d2oi5a1.pdb	201	3.231e-39	1767.0
d3fw3a_.pdb	249	1.13e-58	2342.0
d1r8ha_.pdb	87	1.876e-18	735.0
d1z94a1.pdb	140	8.773e-31	1277.0
d3tewa_.pdb	701	0.0	6515.0
d3ojga_.pdb	323	2.581e-72	2839.0
d1hcca_.pdb	59	3.193e-13	532.0
d2hg6a1.pdb	106	6.767e-23	896.0
d2z0ta_.pdb	109	1.886e-25	925.0
d1av3a_.pdb	27	4.008e-06	227.0
d1aw9a1.pdb	135	7.666e-24	1000.0
d1goia1.pdb	52	1.144e-10	422.0
d1h4ax1.pdb	85	6.405e-19	813.0
d1peqa1.pdb	162	9.281e-33	1282.0
d1uala_.pdb	243	5.26e-54	2011.0
d1a9xa6.pdb	244	3.779e-52	2101.0
d1wmaa1.pdb	275	1.118e-60	2367.0
d1j8mf1.pdb	84	2.77e-12	534.0
d1o7fa3.pdb	124	2.961e-27	1048.0
d1wqga_.pdb	184	2.952e-34	1367.0
d3zv4a_.pdb	265	1.291e-59	2311.0
d2o9ca2.pdb	127	4.263e-26	1097.0
d1aora1.pdb	395	2.582e-71	3382.0
d2b3ya2.pdb	629	0.0	5705.0
d1bmlc3.pdb	88	1.076e-19	752.0
d1g6za_.pdb	70	1.424e-14	551.0
d1huwa_.pdb	166	1.536e-23	1185.0
d1ys7a1.pdb	103	3.252e-22	839.0
d2fo3a1.pdb	109	3.342e-24	925.0
d2zkmx3.pdb	131	3.261e-26	1139.0
d1ju3a2.pdb	347	4.049e-81	3106.0
d1i9sa_.pdb	189	1.629e-45	1643.0
d1zpsa1.pdb	124	2.903e-27	1107.0
d2jbaa_.pdb	125	5.975e-27	995.0
d1iuja_.pdb	102	9.877e-22	834.0
d1t1va_.pdb	93	1.296e-19	720.0
d2c1xa1.pdb	434	7.097e-92	3766.0
d1x4na1.pdb	79	7.839e-16	616.0
d2joka1.pdb	184	1.481e-26	1326.0
d1h3ga3.pdb	422	1.007e-92	3794.0
d3seba2.pdb	117	1.004e-24	988.0
d1jb0i_.pdb	38	2.033e-06	229.0
d1jb0j_.pdb	41	1.863e-06	225.0
d1jb0k_.pdb	46	1.014e-07	315.0
d1khba2.pdb	250	9.372e-59	2227.0
d2f4wa1.pdb	147	4.728e-32	1215.0
d3md1a_.pdb	83	8.289e-18	719.0
d1eeja1.pdb	156	1.561e-34	1316.0
d1q3ja_.pdb	36	3.256e-08	314.0
d1qhla_.pdb	203	1.042e-39	1655.0
d2gr8a1.pdb	77	2.537e-13	629.0
d2rcqa_.pdb	141	1.094e-26	1246.0
d1ltoa_.pdb	243	3.355e-55	2312.0
d2j32a_.pdb	240	3.928e-56	2125.0
d1rf8a_.pdb	213	5.316e-48	1855.0
d3bqoa1.pdb	199	2.484e-27	1395.0
d1ooya2.pdb	242	1.676e-58	2248.0
d1zq1c1.pdb	56	1.116e-07	344.0
d2asub_.pdb	225	4.327e-47	2080.0
d1e7ua3.pdb	168	6.504e-37	1356.0
d1qnxa_.pdb	209	1.178e-49	1901.0
d2bhua1.pdb	97	1.106e-20	896.0
d2qeea_.pdb	415	4.625e-81	3557.0
d3jw4a_.pdb	123	5.552e-20	742.0
d6rlx.1.pdb	27	0.0005321	149.0
d7a3ha_.pdb	300	1.395e-70	2653.0
d2wnvb_.pdb	131	3.708e-28	1223.0
d2ciwa1.pdb	120	5.338e-28	950.0
d2dwka_.pdb	162	4.697e-26	1183.0
d1a6sa_.pdb	87	4.645e-15	663.0
d1dpba_.pdb	243	6.755e-56	2063.0
d2djsa1.pdb	95	7.037e-19	874.0
d3ge3e_.pdb	102	7.371e-22	877.0
d1h8d.1.pdb	28	0.0001453	174.0
d1h8pa1.pdb	46	2.563e-10	412.0
d1i8ta1.pdb	298	1.287e-66	2552.0
d2es9a1.pdb	97	4.194e-15	714.0
d2b97a_.pdb	70	2.924e-15	603.0
d2cvda1.pdb	124	1.965e-20	950.0
d2ooja1.pdb	131	5.202e-22	1056.0
d1fjja_.pdb	159	3.575e-34	1467.0
d1slqa_.pdb	270	5.509e-52	2458.0
d3d9ya_.pdb	126	3.384e-28	1105.0
d1j09a1.pdb	163	9.922e-25	1212.0
d1tfza1.pdb	159	2.069e-37	1418.0
d2gtta1.pdb	401	3.599e-69	3308.0
d1ryqa_.pdb	64	3.275e-14	525.0
d2bv3a1.pdb	121	8.413e-24	1107.0
d1aqza_.pdb	142	7.922e-32	1310.0
d1kj6a_.pdb	45	8.251e-10	354.0
d1lm4a_.pdb	190	3.543e-41	1638.0
d1wn2a_.pdb	118	1.545e-26	941.0
d2id3a1.pdb	68	1.643e-10	466.0
d2rfba_.pdb	338	1.557e-62	2850.0
d1us7b_.pdb	193	1.46e-28	1317.0
d2g7za_.pdb	275	1.456e-65	2412.0
d2cfua1.pdb	125	7.187e-27	1030.0
d2clyc_.pdb	66	4.509e-11	345.0
d2cmda1.pdb	145	9.094e-32	1197.0
d1hs7a_.pdb	97	5.206e-13	620.0
d1lu0a_.pdb	29	1.087e-05	232.0
d1luca_.pdb	326	8.074e-70	2802.0
d1m1fa_.pdb	107	7.81e-21	893.0
d1v7la_.pdb	162	1.71e-38	1439.0
d2oqea1.pdb	436	1.518e-93	4137.0
d2fkia1.pdb	118	2.01e-23	926.0
d3rqza_.pdb	243	7.322e-59	2212.0
d1orna_.pdb	214	5.822e-34	1696.0
d2cula1.pdb	225	1.616e-54	2041.0
d1lqsl_.pdb	142	2.533e-21	997.0
d1rkua_.pdb	206	4.914e-47	1770.0
d3arcl_.pdb	37	3.768e-05	186.0
d3d85d2.pdb	119	2.262e-24	1096.0
d1knqa_.pdb	171	1.813e-37	1398.0
d2gqba1.pdb	130	1.458e-20	908.0
d2oiwa1.pdb	131	1.782e-26	1118.0
d1eexb_.pdb	178	8.256e-42	1539.0
d1us5a_.pdb	297	1.398e-73	2665.0
d1iyca_.pdb	36	2.179e-07	253.0
d1iyka2.pdb	227	5.988e-53	1995.0
d2bmob1.pdb	194	1.533e-38	1614.0
d3l9va_.pdb	182	1.534e-33	1466.0
d1tvxa_.pdb	64	4.285e-13	519.0
d1wv3a2.pdb	108	4.013e-23	1013.0
d2giab1.pdb	146	1.679e-29	1280.0
d1jz8a4.pdb	293	2.672e-62	2813.0
d2gj6d1.pdb	94	1.698e-18	854.0
d1b0nb_.pdb	31	0.0002788	152.0
d1b0ua_.pdb	258	1.713e-58	2326.0
d2giga_.pdb	249	3.214e-55	2080.0
d1ogae1.pdb	114	1.326e-23	1070.0
d2asfa1.pdb	125	5.674e-26	1109.0
d3govb_.pdb	251	3.445e-52	2356.0
d1w55a1.pdb	205	1.32e-47	1777.0
d3mi01_.pdb	215	5.451e-47	1830.0
d1yjga_.pdb	157	1.609e-22	1050.0
d2o5ha1.pdb	125	2.233e-26	972.0
d2o9ux_.pdb	96	7.421e-18	809.0
d1dq3a1.pdb	168	3.434e-34	1573.0
d2ctda2.pdb	30	3.109e-05	205.0
d2ctla1.pdb	84	1.498e-16	635.0
d2isya2.pdb	76	1.019e-13	551.0
d2ok5a2.pdb	62	3.363e-12	523.0
d3bs5b_.pdb	75	8.869e-14	546.0
d3n90a_.pdb	145	1.831e-30	1327.0
d1ayoa_.pdb	130	6.278e-29	1229.0
d1ok7a3.pdb	122	2.203e-25	1094.0
d1e0ca2.pdb	136	1.187e-31	1152.0
d1pgsa2.pdb	174	2.019e-36	1566.0
d2hsxa1.pdb	115	2.436e-27	997.0
d3or5a_.pdb	145	3.411e-34	1248.0
d1m6ya1.pdb	101	1.155e-16	747.0
d1oywa1.pdb	110	7.246e-22	855.0
d1t8ta_.pdb	268	1.21e-56	2301.0
d1a73a_.pdb	162	1.11e-35	1429.0
d1o4sa_.pdb	375	2.43e-78	3205.0
d1puza_.pdb	82	4.897e-13	584.0
d2pv7a1.pdb	124	3.161e-20	699.0
d2pv7a2.pdb	152	4.269e-35	1293.0
d1n26a3.pdb	104	8.424e-20	932.0
d1ycsb1.pdb	130	5.983e-23	1024.0
d2cmea1.pdb	78	1.153e-14	608.0
d2j3wa_.pdb	142	7.39e-29	1141.0
d1cbfa_.pdb	239	1.519e-54	2084.0
d2gena1.pdb	70	2.591e-11	459.0
d2iima_.pdb	62	2.415e-12	545.0
d2zkmx2.pdb	122	1.036e-26	1132.0
d3bjva_.pdb	156	1.75e-34	1317.0
d1kt7a_.pdb	175	4.04e-35	1586.0
d2erxa1.pdb	168	1.949e-38	1429.0
d1hqva_.pdb	178	4.085e-33	1392.0
d1ufna_.pdb	94	6.419e-21	795.0
d1vm6a2.pdb	86	2.053e-19	731.0
d2g7oa1.pdb	68	1.782e-10	385.0
d2g7sa2.pdb	116	3.176e-20	808.0
d2o3fa1.pdb	83	1.031e-12	592.0
d2v9va2.pdb	73	2.383e-14	523.0
d3beda1.pdb	132	1.454e-23	956.0
d1oeja_.pdb	187	4.056e-41	1661.0
d2dita1.pdb	99	4.59e-23	838.0
d3broa1.pdb	135	6.298e-23	859.0
d1em2a_.pdb	214	4.387e-41	1773.0
d1wh0a_.pdb	134	7.94e-26	1134.0
d2yxma_.pdb	92	3.175e-22	900.0
d1haea_.pdb	63	3.559e-13	494.0
d1ji6a3.pdb	227	4.619e-31	1642.0
d1x38a1.pdb	388	1.97e-79	3442.0
d2h2za_.pdb	306	4.919e-70	2837.0
d1s68a_.pdb	233	2.289e-51	2084.0
d3c7ma_.pdb	195	5.473e-38	1607.0
d1te5a_.pdb	253	3.325e-56	2368.0
d1h6va1.pdb	235	1.084e-52	1978.0
d1yf2a2.pdb	205	1.609e-44	1648.0
d2yyea1.pdb	154	1.734e-35	1364.0
d1m1xa1.pdb	160	2.199e-33	1487.0
d2byca1.pdb	136	9.589e-32	1154.0
d3qz6a_.pdb	259	1.083e-52	2138.0
d1c4ka1.pdb	105	4.213e-22	819.0
d1k7ja_.pdb	206	9.104e-47	1781.0
d2aega1.pdb	243	3.718e-55	2233.0
d1bgva2.pdb	194	6.15e-46	1656.0
d1vffa1.pdb	423	5.947e-95	3792.0
d1w8oa1.pdb	103	2.435e-20	956.0
d2hv2a2.pdb	285	8.562e-64	2525.0
d1tuza_.pdb	118	8.25e-22	868.0
d1wjva2.pdb	31	9.016e-06	243.0
d1x5ka1.pdb	111	1.425e-22	989.0
d2zpua_.pdb	319	8.607e-73	2767.0
d2ybxa_.pdb	322	8.636e-69	2866.0
d1zpwx1.pdb	82	3.227e-16	627.0
d2h26a2.pdb	177	4.589e-37	1494.0
d1fnha2.pdb	90	8.176e-17	811.0
d1prtb1.pdb	110	1.963e-23	953.0
d1xg2b_.pdb	151	7.024e-21	1037.0
d2nn6h2.pdb	48	2.943e-10	392.0
d2ppqa1.pdb	310	8.734e-60	2684.0
d1zvpa1.pdb	66	8.596e-12	472.0
d2qi2a2.pdb	113	1.167e-26	974.0
d1icfi_.pdb	65	1.455e-14	570.0
d1jb7b_.pdb	216	1.905e-48	1786.0
d1ym0a_.pdb	238	7.004e-51	2220.0
d1buca2.pdb	232	4.226e-50	2042.0
d1x9ua_.pdb	105	1.921e-25	975.0
d2huha1.pdb	147	5.718e-29	1260.0
d1fwxa2.pdb	459	7.48e-103	4415.0
d2ja9a2.pdb	85	4.515e-17	661.0
d3mk1a_.pdb	481	0.0	4355.0
d1auia_.pdb	378	6.526e-87	3378.0
d3czha1.pdb	463	1.326e-82	3948.0
d2fv7a1.pdb	308	1.232e-68	2725.0
d2coda1.pdb	102	2.184e-19	860.0
d1bkpa_.pdb	278	1.468e-69	2497.0
d1s3za_.pdb	147	9.08e-32	1178.0
d2l65a1.pdb	155	2.723e-34	1356.0
d1ea9c2.pdb	80	3.68e-15	710.0
d1p5sa_.pdb	159	5.579e-26	1238.0
d1z4ea1.pdb	150	2.041e-31	1215.0
d2gfha1.pdb	243	1.592e-52	2062.0
d1wg7a_.pdb	150	7.998e-30	1264.0
d2z61a_.pdb	369	4.376e-83	3164.0
d2r7ja1.pdb	165	1.335e-36	1353.0
d1olma2.pdb	115	3.336e-23	1065.0
d1xnea_.pdb	113	1.953e-24	933.0
d2cvea2.pdb	67	9.982e-15	558.0
d2yw6a_.pdb	148	5.965e-21	1010.0
d1hv2a_.pdb	99	1.485e-19	778.0
d1mx3a1.pdb	193	4.511e-40	1650.0
d1oqva_.pdb	171	7.391e-40	1454.0
d1wdua_.pdb	217	3.602e-51	1963.0
d1ih7a2.pdb	522	1.27e-103	4528.0
d1m70a1.pdb	92	1.922e-21	721.0
d1osna_.pdb	325	3.373e-60	2752.0
d1gaka_.pdb	137	2.476e-22	1039.0
d1qg3a2.pdb	103	3.758e-20	934.0
d1yvua1.pdb	305	1.354e-61	2603.0
d1pd0a5.pdb	80	2.023e-18	671.0
d1sbqa_.pdb	164	2.396e-38	1426.0
d2oc5a1.pdb	222	4.485e-30	1613.0
d1feua_.pdb	185	1.515e-40	1694.0
d1v4aa2.pdb	277	2.031e-47	2285.0
d1axib1.pdb	85	9.293e-18	803.0
d1je0a_.pdb	226	2.003e-53	2027.0
d1a2oa1.pdb	140	6.92e-28	1057.0
d1v47a1.pdb	132	7.716e-32	1163.0
d2axla1.pdb	144	3.12e-29	1140.0
d2ic7a_.pdb	185	1.596e-37	1684.0
d2z3qb1.pdb	78	1.017e-14	660.0
d1vpda2.pdb	161	1.729e-34	1348.0
d3szya_.pdb	413	3.229e-98	3757.0
d3arce_.pdb	81	1.515e-13	512.0
d3ec9a1.pdb	130	2.361e-28	1116.0
d1kf6a1.pdb	134	3.179e-26	1052.0
d1v97a5.pdb	638	0.0	5976.0
d1xt8a1.pdb	248	7.296e-61	2178.0
d1ft5a_.pdb	211	1.096e-49	1730.0
d1j34a_.pdb	129	3.877e-30	1120.0
d1o8ra_.pdb	94	2.807e-22	723.0
d1w5ra1.pdb	273	7.738e-57	2445.0
d1fsea_.pdb	67	2.597e-11	443.0
d1imta2.pdb	44	2.193e-09	367.0
d1kbia2.pdb	97	4.605e-23	836.0
d1msza_.pdb	62	9.839e-13	481.0
d1rwja_.pdb	81	7.64e-17	623.0
d1sq2n_.pdb	112	5.941e-23	1048.0
d1zd3a1.pdb	225	1.633e-46	1864.0
d1kvna_.pdb	104	1.741e-22	828.0
d1szpa1.pdb	64	1.655e-11	459.0
d2xcza_.pdb	114	2.26e-27	991.0
d1hh1a_.pdb	125	1.388e-24	971.0
d1sdma_.pdb	344	1.425e-81	3067.0
d1o5ua_.pdb	88	5.896e-17	785.0
d1ueba3.pdb	58	3.438e-12	501.0
d1wb9a1.pdb	297	1.348e-50	2287.0
d1hdfa_.pdb	100	1.38e-20	915.0
d1pgl21.pdb	182	3.005e-39	1658.0
d2cy3a_.pdb	118	2.84e-25	909.0
d2fi9a1.pdb	118	3.401e-28	1015.0
d3i5ra_.pdb	81	7.27e-18	726.0
d1efub4.pdb	85	3.287e-17	652.0
d1jw9b_.pdb	240	3.713e-55	2117.0
d3ej9a_.pdb	62	2.734e-13	484.0
d1aoea_.pdb	192	9.477e-44	1667.0
d1trba1.pdb	190	9.891e-46	1700.0
d3aaac_.pdb	117	1.943e-21	924.0
d1cl1a_.pdb	391	9.176e-93	3532.0
d1ihja_.pdb	94	2.396e-18	800.0
d1uynx_.pdb	279	1.053e-51	2311.0
d1xo1a2.pdb	140	3.716e-30	1105.0
d3nula_.pdb	130	5.093e-29	1147.0
d1jhja_.pdb	161	1.885e-33	1461.0
d1zara1.pdb	89	1.796e-17	655.0
d2oola2.pdb	110	1.158e-23	949.0
d3o1ca_.pdb	115	9.729e-24	939.0
d1j8ka_.pdb	94	1.953e-18	862.0
d1twfi1.pdb	49	1.528e-09	383.0
d1vfha1.pdb	145	2.693e-32	1331.0
d2r0ba_.pdb	151	2.058e-35	1291.0
d2iyga_.pdb	109	1.861e-23	907.0
d3ulla_.pdb	106	6.094e-21	962.0
d1nhya1.pdb	144	1.105e-26	1150.0
d1v1oa1.pdb	91	4.37e-19	795.0
d2b5ic2.pdb	96	1.967e-18	845.0
d3ia8a_.pdb	162	5.499e-28	1366.0
d1pe9a_.pdb	361	7.798e-65	3193.0
d2bv3a2.pdb	257	5.127e-59	2213.0
d1uana_.pdb	220	1.26e-49	1888.0
d1hufa_.pdb	123	1.075e-25	965.0
d1xu9a_.pdb	269	2.043e-58	2267.0
d1oa8a_.pdb	128	1.994e-27	1142.0
d1vyxa_.pdb	60	1.264e-13	489.0
d1wi4a1.pdb	96	5.221e-19	819.0
d2g5gx1.pdb	255	7.088e-56	2091.0
d1shyb1.pdb	450	2.796e-92	4305.0
d1on2a1.pdb	61	4.104e-11	422.0
d1pfta_.pdb	50	6.472e-10	379.0
d1q9ja2.pdb	225	8.958e-49	1914.0
d2nt0a2.pdb	354	1.318e-86	3269.0
d2o70a1.pdb	165	3.118e-25	1242.0
d1diva1.pdb	94	3.476e-21	745.0
d1iray1.pdb	101	1.505e-21	907.0
d1t9ba2.pdb	175	1.27e-40	1516.0
d1czya1.pdb	152	1.662e-33	1408.0
d1qzfa1.pdb	178	3.278e-40	1511.0
d2q9va_.pdb	90	6.455e-18	792.0
d1fj7a_.pdb	101	2.25e-21	830.0
d1oj5a_.pdb	105	2.214e-22	940.0
d1yf2a1.pdb	220	2.499e-47	1786.0
d1b9ma1.pdb	122	1.198e-23	907.0
d1fcya_.pdb	236	4.457e-37	1857.0
d1ydxa2.pdb	181	1.521e-38	1415.0
d3a8gb_.pdb	212	9.297e-46	1773.0
d1nupa_.pdb	213	3.32e-48	1811.0
d3osea_.pdb	100	4.003e-21	860.0
d1nzaa_.pdb	103	8.457e-21	860.0
d1vtxa_.pdb	42	4.861e-10	366.0
d1wosa1.pdb	83	3.751e-14	669.0
d2nwaa1.pdb	79	6.729e-16	700.0
d1jjcb3.pdb	113	7.158e-22	961.0
d1pkha_.pdb	182	1.343e-36	1624.0
d2plca_.pdb	274	5.74e-65	2414.0
d1wlfa2.pdb	84	2.273e-17	740.0
d2fnaa2.pdb	278	4.681e-54	2286.0
d1xb4a1.pdb	105	8.782e-24	864.0
d2cg4a2.pdb	86	1.962e-18	692.0
d2j5ya_.pdb	61	1.265e-09	403.0
d2zgya1.pdb	157	6.671e-38	1411.0
d1p5va2.pdb	79	3.053e-17	735.0
d1dpua_.pdb	69	1.616e-14	527.0
d1fi4a2.pdb	203	9.05e-43	1572.0
d1s16a1.pdb	167	5.99e-38	1432.0
d2jmfa1.pdb	33	3.159e-05	254.0
d2ok5a4.pdb	68	5.103e-14	595.0
d2v8qb1.pdb	73	1.583e-12	508.0
d3lmna_.pdb	132	2.468e-27	1060.0
d1itva_.pdb	195	2.539e-42	1847.0
d1thxa_.pdb	108	4.32e-24	881.0
d1r0va2.pdb	91	9.336e-20	735.0
d1vmaa1.pdb	81	6.208e-13	509.0
d1wu7a2.pdb	327	4.539e-68	2820.0
d1s3aa1.pdb	85	1.361e-19	717.0
d1ve9a1.pdb	247	5.579e-58	2231.0
d1fbva4.pdb	79	5.805e-17	597.0
d1h2ea_.pdb	207	8.884e-47	1750.0
d2euta_.pdb	291	6.639e-58	2509.0
d1jd0a_.pdb	260	2.193e-62	2432.0
d2f1na1.pdb	250	6.934e-60	2354.0
d2j4wd1.pdb	34	9.406e-06	258.0
d2jn9a1.pdb	96	2.271e-18	805.0
d1b33n_.pdb	67	2.358e-12	506.0
d1iyka1.pdb	165	2.618e-35	1326.0
d1wb9a2.pdb	223	2.518e-50	1916.0
d3hpea_.pdb	164	3.026e-35	1529.0
d1p9ra_.pdb	378	5.129e-82	3276.0
d1u0bb1.pdb	146	2.692e-24	1071.0
d2bs2a3.pdb	121	1.15e-27	1034.0
d2uubp1.pdb	83	2.074e-17	684.0
d2voaa_.pdb	257	4.418e-62	2369.0
d1nlna_.pdb	203	4.104e-47	1815.0
d2a8ya_.pdb	263	3.913e-60	2398.0
d1q33a_.pdb	292	8.344e-68	2603.0
d2jkrb_.pdb	571	6.583e-67	4213.0
d2nn6a2.pdb	118	1.99e-24	945.0
d3qzba_.pdb	131	2.961e-26	1168.0
d1ofcx1.pdb	52	1.673e-09	375.0
d1qsma_.pdb	150	6.141e-34	1247.0
d2crza1.pdb	97	6.1e-20	914.0
d2bkaa1.pdb	231	1.279e-49	1950.0
d1vkya_.pdb	280	3.047e-66	2563.0
d1a4pa_.pdb	92	7.166e-17	610.0
d1a9xb1.pdb	151	5.712e-36	1384.0
d1n57a_.pdb	279	6.884e-66	2458.0
d1bdfa1.pdb	105	1.316e-19	818.0
d1puca_.pdb	101	9.561e-21	774.0
d1uyja_.pdb	273	1.117e-57	2511.0
d3lkfa_.pdb	292	4.7e-62	2844.0
d1wkoa_.pdb	165	8.905e-36	1514.0
d2z4ua_.pdb	261	2.749e-58	2298.0
d1siqa2.pdb	236	1.054e-51	2085.0
d3d04a_.pdb	152	2.471e-32	1378.0
d1q32a2.pdb	209	1.905e-52	1923.0
d1ywxa1.pdb	102	6.744e-20	788.0
d2pp4a1.pdb	107	4.662e-16	722.0
d3cx5b1.pdb	202	9.597e-44	1722.0
d1ng7a_.pdb	60	9.978e-12	423.0
d1ngra_.pdb	85	8.113e-14	593.0
d1oqpa_.pdb	77	3.557e-13	518.0
d1k28d2.pdb	167	8.39e-37	1453.0
d1wwja_.pdb	99	8.878e-21	774.0
d2hq7a1.pdb	141	7.487e-27	1158.0
d1i71a_.pdb	83	3.464e-20	746.0
d1k1xa3.pdb	310	5.958e-69	2652.0
d1gqia2.pdb	147	1.028e-34	1292.0
d1w6sb_.pdb	72	4.332e-13	463.0
d1wgwa_.pdb	99	6.293e-14	616.0
d2g3aa1.pdb	137	2.51e-27	1120.0
d1g0sa_.pdb	201	1.16e-43	1809.0
d1j7na1.pdb	237	1.507e-41	1901.0
d2f0ca1.pdb	101	5.23e-20	945.0
d3k67a_.pdb	156	1.172e-30	1286.0
d1n3ka_.pdb	130	1.747e-20	882.0
d1nkga1.pdb	87	1.05e-21	817.0
d1u7ba1.pdb	126	1.209e-24	1080.0
d2ov9a1.pdb	203	3.344e-43	1707.0
d1pnb.1.pdb	31	3.404e-05	181.0
d1pnha_.pdb	31	5.947e-06	224.0
d1q40a_.pdb	165	1.647e-37	1476.0
d1j77a_.pdb	199	1.664e-31	1529.0
d1vzya2.pdb	57	3.15e-11	413.0
d2bnga1.pdb	132	2.891e-27	1088.0
d3pmga1.pdb	190	1.607e-44	1651.0
d1pwba1.pdb	121	5.725e-28	1090.0
d1y8aa1.pdb	308	1.824e-55	2554.0
d1tjva_.pdb	449	1.693e-65	3496.0
d1px5a1.pdb	146	1.899e-27	1140.0
d1zyla1.pdb	325	1.062e-63	2749.0
d1v9da_.pdb	308	1.899e-42	2119.0
d2fnja1.pdb	217	1.89e-49	2068.0
d1iv8a2.pdb	653	0.0	5609.0
d1y7ba2.pdb	321	3.556e-65	3064.0
d1j27a_.pdb	98	1.833e-22	832.0
d1u9ca_.pdb	221	5.189e-54	1965.0
d1hc7a3.pdb	74	7.244e-17	642.0
d1l0sa_.pdb	88	2.11e-22	832.0
d1n7ka_.pdb	234	5.724e-47	1961.0
d1azza_.pdb	226	4.906e-50	2093.0
d1u00a1.pdb	112	3.78e-16	649.0
d1v62a_.pdb	117	1.343e-22	953.0
d2hosa_.pdb	56	1.193e-08	336.0
d2k5wa1.pdb	108	3.103e-22	888.0
d3og9a_.pdb	206	1.026e-46	1792.0
d1vjka_.pdb	87	3.662e-20	743.0
d1x75a1.pdb	127	2.69e-21	907.0
d2ctja1.pdb	82	3.243e-16	600.0
d2o8ra2.pdb	184	1.63e-40	1560.0
d1iqpa1.pdb	95	8.441e-15	654.0
d1o20a_.pdb	414	6.826e-87	3534.0
d2f4la1.pdb	275	6.06e-60	2550.0
d1pbya2.pdb	80	8.225e-16	618.0
d1qbaa4.pdb	137	7.185e-33	1206.0
d2a9ia_.pdb	105	4.438e-19	810.0
d2h9fa2.pdb	209	1.574e-44	1768.0
d1io7a_.pdb	366	1.639e-64	3125.0
d2gvha2.pdb	113	2.664e-21	944.0
d3gl9a_.pdb	120	4.773e-25	925.0
d1qmha1.pdb	95	1.939e-21	803.0
d1yk3a1.pdb	198	5.106e-46	1781.0
d2h9fa1.pdb	182	1.576e-43	1626.0
d1agja_.pdb	242	6.28e-56	2232.0
d1x62a2.pdb	35	1.541e-06	258.0
d1x6ha1.pdb	37	4.014e-07	270.0
d1ybha3.pdb	208	2.093e-49	1829.0
d1akoa_.pdb	268	2.291e-65	2445.0
d2a4ha1.pdb	117	3.126e-24	873.0
d2g3ha_.pdb	153	5.708e-22	1079.0
d3fe4a_.pdb	244	1.971e-59	2377.0
d1qtn.1.pdb	152	2.697e-35	1314.0
d2e6fa_.pdb	312	7.734e-73	2777.0
d2ab0a1.pdb	195	8.593e-46	1727.0
d1o4ua2.pdb	103	4.442e-22	833.0
d1vkua_.pdb	85	4.429e-15	564.0
d1vr8a1.pdb	127	5.04e-25	1053.0
d2wqla_.pdb	152	2.837e-31	1297.0
d1o6da_.pdb	147	3.728e-31	1157.0
d2nxoa1.pdb	272	1.466e-60	2418.0
d1ppja2.pdb	209	2.765e-48	1867.0
d2vg0a_.pdb	227	9.122e-48	1920.0
d1byra_.pdb	152	1.785e-35	1370.0
d1sx5a_.pdb	244	2.412e-55	2104.0
d3hoaa_.pdb	509	2.172e-78	4253.0
d2oxga_.pdb	108	3.42e-21	973.0
d1i4wa_.pdb	322	2.451e-76	2871.0
d3l4da_.pdb	448	2.968e-73	3852.0
d2v8qa1.pdb	99	2.813e-21	857.0
d1iq6a_.pdb	132	9.386e-27	1105.0
d1v66a_.pdb	65	1.958e-09	432.0
d1xk4c1.pdb	83	5.892e-15	579.0
d1dosa_.pdb	358	7.516e-78	3071.0
d1ulva4.pdb	272	4.332e-58	2456.0
d3mlaa_.pdb	188	1.779e-42	1585.0
d1vjla_.pdb	143	7.965e-31	1228.0
d2pora_.pdb	301	7.669e-54	2646.0
d1mhna_.pdb	59	1.523e-11	512.0
d1rdua_.pdb	116	3.539e-27	998.0
d2gp4a2.pdb	332	1.699e-64	2798.0
d1ozha1.pdb	178	7.834e-40	1522.0
d2qpza_.pdb	103	9.949e-20	927.0
d1wdea_.pdb	289	5.173e-67	2503.0
d1uhpa_.pdb	107	5.402e-22	921.0
d2b0ja1.pdb	102	8.582e-17	700.0
d2fh5a1.pdb	122	1.267e-24	946.0
d3dsda_.pdb	333	2.69e-67	3024.0
d2dy1a1.pdb	103	2.212e-20	922.0
d3er7a1.pdb	118	7.256e-25	1021.0
d1mpga1.pdb	183	1.309e-34	1475.0
d1ur3m_.pdb	297	2.83e-64	2562.0
d1n0ua2.pdb	323	2.507e-68	2715.0
d1ydla1.pdb	66	1.386e-13	498.0
d2d29a2.pdb	233	1.218e-51	2002.0
d1g4us1.pdb	130	1.217e-19	968.0
d1s6ia_.pdb	182	2.193e-34	1399.0
d1whza_.pdb	70	1.929e-15	579.0
d2ap3a1.pdb	181	2.496e-21	1034.0
d2r0ha_.pdb	160	5.388e-33	1524.0
d1nwza_.pdb	125	3.037e-26	1077.0
d1vl8a_.pdb	251	3.886e-54	2086.0
d1rp3b_.pdb	77	2.955e-10	388.0
d1v5ua_.pdb	117	5.112e-25	1061.0
d2fbha1.pdb	137	2.823e-25	916.0
d3n1fa_.pdb	151	2.549e-36	1333.0
d1he7a_.pdb	107	9.625e-21	926.0
d1u9ya1.pdb	155	8.035e-34	1259.0
d3pl2a_.pdb	310	3.632e-68	2726.0
d2qsba1.pdb	85	7.809e-13	565.0
d1bg1a2.pdb	254	2.518e-56	2218.0
d1wxva1.pdb	81	4.37e-18	694.0
d1z7ua1.pdb	108	2.449e-19	741.0
d1droa_.pdb	122	1.711e-24	1049.0
d1mjul2.pdb	107	3.011e-21	953.0
d1vk8a_.pdb	93	6.396e-19	714.0
d2hqta1.pdb	115	8.705e-19	828.0
d3br8a_.pdb	90	6.293e-22	807.0
d1i2aa_.pdb	212	6.097e-53	1860.0
d2cspa1.pdb	117	1.11e-23	1007.0
d3e6sa_.pdb	159	7.191e-23	1120.0
d1kqha_.pdb	38	1.659e-08	326.0
d1leha1.pdb	230	1.379e-45	1873.0
d1ulva3.pdb	245	3.69e-56	2308.0
d3hyfa_.pdb	143	9.92e-32	1223.0
d1q3qa3.pdb	107	6.425e-21	825.0
d1vb3a1.pdb	428	2.46e-88	3780.0
d2gdqa2.pdb	115	4.638e-24	933.0
d3g9ma_.pdb	78	2.743e-17	629.0
d3qbya_.pdb	93	2.929e-20	815.0
d1eita_.pdb	36	9.506e-08	309.0
d1exea_.pdb	99	1.199e-20	737.0
d1jm1a_.pdb	202	3.865e-48	1863.0
d2zqoa1.pdb	130	2.848e-27	1202.0
d1gk9.1.pdb	208	1.164e-34	1559.0
d1vhna_.pdb	305	2.825e-62	2543.0
d1w23a_.pdb	360	3.813e-82	3176.0
d1sg5a1.pdb	86	1.199e-17	757.0
d1yz1a_.pdb	146	1.008e-30	1256.0
d2wcia_.pdb	113	2.412e-24	924.0
d3tcoa_.pdb	106	9.63e-25	912.0
d1ngna_.pdb	144	5.683e-25	1166.0
d1uapa_.pdb	131	2.104e-27	1146.0
d1dzka_.pdb	148	1.113e-28	1308.0
d1w79a1.pdb	466	0.0	4317.0
d1rtqa_.pdb	291	5.783e-65	2590.0
d1jyoe_.pdb	102	2.011e-18	673.0
d1llaa3.pdb	241	5.998e-54	2269.0
d2heoa_.pdb	59	2.458e-11	418.0
d2io8a2.pdb	183	7.212e-40	1687.0
d1dkra2.pdb	141	2.748e-30	1154.0
d1rypg_.pdb	244	3.536e-55	2177.0
d3ge3c_.pdb	83	8.452e-18	682.0
d3frua1.pdb	91	1.913e-17	788.0
d1jy1a1.pdb	206	6.866e-49	1859.0
d1x3la_.pdb	436	7.838e-99	3827.0
d2vp4a1.pdb	197	1.982e-42	1633.0
d1u6fa1.pdb	139	3.086e-29	1111.0
d1ylqa1.pdb	90	7.322e-20	728.0
d2cs3a1.pdb	80	5.071e-19	663.0
d2dk4a1.pdb	63	2.869e-12	457.0
d2fnua_.pdb	373	1.162e-80	3262.0
d2erwa1.pdb	53	3.853e-13	443.0
d2cg4a1.pdb	63	9.452e-11	426.0
d2iv2x1.pdb	133	5.411e-30	1126.0
d1a9xa5.pdb	275	1.16e-59	2380.0
d2cpza1.pdb	102	5.248e-24	878.0
d2ioja1.pdb	120	5.02e-26	991.0
d1epfa1.pdb	97	2.631e-19	914.0
d1o75a1.pdb	126	1.393e-26	1168.0
d1z7me1.pdb	200	7.901e-47	1727.0
d1f56a_.pdb	91	1.11e-19	838.0
d1nr4a_.pdb	67	2.593e-13	534.0
d1s6ca_.pdb	167	3.907e-29	1247.0
d1xioa_.pdb	217	1.964e-30	1594.0
d2w21a_.pdb	246	3.082e-53	2102.0
d1zzka1.pdb	75	9.801e-17	586.0
d2ixea_.pdb	251	2.57e-59	2242.0
d1t3ka_.pdb	132	1.616e-31	1146.0
d2hgca1.pdb	78	2.315e-16	610.0
d2ljra1.pdb	165	1.467e-27	1276.0
d3o69a_.pdb	176	7.02e-38	1556.0
d1rifa_.pdb	282	3.489e-66	2487.0
d1v6ba_.pdb	118	1.863e-24	993.0
d2cuha1.pdb	102	1.606e-18	844.0
d3dkma_.pdb	79	2.914e-18	718.0
d1cyxa_.pdb	158	8.045e-36	1496.0
d1q1fa_.pdb	148	9.605e-22	1084.0
d2a2pa1.pdb	120	6.603e-27	975.0
d2fhfa3.pdb	131	1.757e-26	1130.0
d1a5ta2.pdb	207	4.882e-46	1731.0
d1vjfa_.pdb	167	5.071e-39	1456.0
d2iw1a_.pdb	370	2.229e-74	3186.0
d3b2ua1.pdb	169	7.815e-34	1502.0
d1h6ha_.pdb	143	3.143e-28	1120.0
d1pgua2.pdb	281	1.853e-61	2650.0
d2pz0a_.pdb	239	3.481e-54	2073.0
d1uwva1.pdb	60	1.39e-12	537.0
d1zgza1.pdb	120	4.211e-22	856.0
d3bjka_.pdb	140	6.898e-29	1231.0
d1ncua_.pdb	98	2.588e-21	945.0
d1v4aa1.pdb	151	5.187e-24	1093.0
d2jaqa_.pdb	189	6.407e-33	1453.0
d2j43a2.pdb	112	3.42e-26	1047.0
d3gj3b_.pdb	27	0.0001559	198.0
d3jxya_.pdb	231	5.554e-36	1810.0
d1nvmb2.pdb	155	9.646e-38	1361.0
d2ftra1.pdb	103	1.431e-21	816.0
d1atia1.pdb	111	1.05e-25	927.0
d1piwa1.pdb	192	1.536e-44	1766.0
d2csba5.pdb	291	6.774e-48	2293.0
d1a6fa_.pdb	113	1.546e-24	923.0
d1ji6a1.pdb	150	4.544e-29	1358.0
d1u3ma_.pdb	117	2.096e-22	890.0
d2b6ca1.pdb	213	4.145e-31	1590.0
d3igsa_.pdb	230	2.798e-48	1957.0
d2g36a_.pdb	322	2.008e-62	2670.0
d1tu7a1.pdb	131	1.199e-20	958.0
d1z0xa2.pdb	148	3.499e-23	938.0
d2fug31.pdb	80	1.562e-16	636.0
d2i6va1.pdb	87	4.331e-17	740.0
d3dmca1.pdb	133	2.315e-28	1111.0
d1l5aa1.pdb	174	1.675e-39	1447.0
d1b9wa1.pdb	45	7.413e-10	392.0
d1e3ha4.pdb	25	6.695e-05	190.0
d1e3ha5.pdb	111	6.754e-21	848.0
d1pkla3.pdb	134	1.554e-30	1119.0
d1zkha1.pdb	86	3.361e-19	743.0
d2dkla1.pdb	72	3.058e-12	459.0
d2fk4a1.pdb	64	1.2e-13	493.0
d2fm9a1.pdb	201	7.221e-29	1457.0
d1c3ca_.pdb	424	4.729e-67	3398.0
d2phna_.pdb	248	5.214e-58	2166.0
d1j99a_.pdb	284	3.845e-63	2432.0
d2cjta1.pdb	118	1.101e-22	1080.0
d3bzka4.pdb	94	1.177e-20	821.0
d1coza_.pdb	126	1.384e-26	1015.0
d1t82a_.pdb	143	4.032e-31	1265.0
d2pbza2.pdb	197	3.714e-43	1706.0
d1ixka_.pdb	305	4.938e-69	2715.0
d1gena_.pdb	200	3.877e-42	1843.0
d1r7ma1.pdb	118	1.54e-25	991.0
d2e64a1.pdb	47	1.459e-08	399.0
d2c71a1.pdb	204	1.472e-48	1796.0
d1qpxa2.pdb	91	1.197e-17	808.0
d1yqfa1.pdb	182	4.078e-34	1434.0
d1bj7a_.pdb	150	4.297e-31	1352.0
d1w07a3.pdb	271	4.237e-60	2329.0
d2zwua_.pdb	405	1.911e-74	3541.0
d1vi0a1.pdb	72	3.182e-12	479.0
d1xuba2.pdb	150	4.552e-33	1289.0
d2xola_.pdb	168	1.343e-25	1245.0
d1iv0a_.pdb	98	1.463e-21	802.0
d1ri5a_.pdb	252	1.502e-59	2240.0
d1enfa1.pdb	100	1.222e-21	879.0
d1ou5a1.pdb	204	2.637e-32	1611.0
d2f2ha4.pdb	338	3.11e-81	3053.0
d2bhga1.pdb	194	1.183e-38	1748.0
d1ig0a2.pdb	221	6.775e-47	1799.0
d2gupa2.pdb	175	2.785e-36	1395.0
d1e25a_.pdb	278	1.176e-58	2345.0
d2fy8a1.pdb	129	9.188e-26	977.0
d1ko7a1.pdb	129	5.504e-28	1065.0
d2wota_.pdb	303	4.9e-65	2662.0
d1vaea_.pdb	111	7.716e-21	929.0
d2dkta1.pdb	74	6.668e-15	596.0
d2g50a2.pdb	282	1.584e-57	2399.0
d2fx0a2.pdb	106	8.566e-16	696.0
d2nyua_.pdb	181	1.451e-42	1575.0
d1oy3d_.pdb	220	1.077e-35	1804.0
d1yhta1.pdb	344	1.151e-74	3000.0
d1zboa1.pdb	197	1.268e-41	1671.0
d1j5ua_.pdb	127	3.275e-26	1009.0
d2daha1.pdb	41	4.235e-06	239.0
d2dara2.pdb	45	5.506e-09	369.0
d2j8ga2.pdb	189	3.194e-42	1572.0
d1q08a_.pdb	94	8.216e-16	560.0
d1qaua_.pdb	112	2.86e-21	959.0
d1xjua_.pdb	156	7.056e-27	1302.0
d3feua_.pdb	183	1.19e-36	1506.0
d1rsoa_.pdb	60	9.451e-09	381.0
d1ug1a_.pdb	92	1.416e-19	751.0
d1x53a1.pdb	132	2.846e-28	1179.0
d1muka_.pdb	1256	0.0	11372.0
d1jjo.1.pdb	40	5.382e-07	222.0
d1jjta_.pdb	220	1.815e-51	1982.0
d2gzxa_.pdb	253	2.3e-52	2110.0
d2ch5a1.pdb	224	5.88e-47	1936.0
d1k3ka_.pdb	146	2.124e-22	1121.0
d1uena_.pdb	125	2.415e-24	1097.0
d2impa_.pdb	477	0.0	4294.0
d2oizd_.pdb	110	1.184e-27	1004.0
d3ff1a_.pdb	444	2.28e-82	3732.0
d1or7a1.pdb	68	7.83e-10	429.0
d1sraa_.pdb	151	6.453e-25	1179.0
d1z06a1.pdb	165	6.233e-38	1426.0
d1jvba1.pdb	177	3.1e-41	1590.0
d1ul1x1.pdb	140	9.886e-25	980.0
d1wida_.pdb	117	9.831e-23	997.0
d2p74a_.pdb	263	3.734e-58	2317.0
d1srka_.pdb	35	2.791e-07	268.0
d1ss3a_.pdb	50	1.344e-08	332.0
d1t70a_.pdb	255	1.428e-58	2388.0
d2b0ja2.pdb	242	3.125e-56	2148.0
d1qs1a1.pdb	205	6.702e-46	1735.0
d2g3ba2.pdb	116	6.922e-17	780.0
d2z5ka_.pdb	840	2.296e-97	6460.0
d1elva1.pdb	237	1.724e-54	2251.0
d1wica_.pdb	152	1.173e-29	1337.0
d3cu3a1.pdb	162	3.5e-34	1314.0
d1q2ya_.pdb	140	5.576e-30	1174.0
d1w36c3.pdb	304	4.654e-64	2613.0
d1g9pa_.pdb	45	3.012e-11	347.0
d2ooda1.pdb	138	1.559e-33	1243.0
d1eq1a_.pdb	166	1.798e-21	1143.0
d1wxaa1.pdb	103	5.459e-23	897.0
d2gc6a2.pdb	293	6.409e-61	2561.0
d2b3ta1.pdb	274	3.452e-60	2389.0
d1u1ja2.pdb	352	2.092e-72	2982.0
d1tzyb_.pdb	92	4.047e-15	581.0
d1w7ja1.pdb	58	5.236e-11	469.0
d2cz4a1.pdb	100	4.027e-22	853.0
d1a8qa_.pdb	274	5.895e-64	2440.0
d1qdlb_.pdb	195	2.079e-47	1770.0
d2z37a_.pdb	244	6.181e-49	2118.0
d1ewqa1.pdb	275	2.462e-44	2087.0
d2a5yb2.pdb	108	1.52e-16	778.0
d2fsqa1.pdb	232	4.249e-50	2009.0
d1m9za_.pdb	105	1.356e-21	962.0
d1usya_.pdb	275	1.571e-58	2337.0
d1ei9a_.pdb	279	1.188e-67	2489.0
d2h8aa1.pdb	121	5.968e-18	866.0
d2ovrb1.pdb	100	2.423e-18	761.0
d1goia2.pdb	356	1.442e-81	3145.0
d1hr6a2.pdb	237	5.414e-51	2059.0
d2b61a1.pdb	357	2.512e-85	3201.0
d2cu5a_.pdb	129	8.504e-30	1126.0
d1dcqa2.pdb	122	7.039e-27	1023.0
d1g2ha_.pdb	61	3.067e-11	453.0
d1h3na1.pdb	128	7.805e-20	931.0
d1q67a_.pdb	146	2.497e-30	1296.0
d2pjua1.pdb	186	6.355e-39	1472.0
d1vmea1.pdb	148	3.586e-30	1178.0
d2jkri_.pdb	142	1.801e-28	1151.0
d1h6ka3.pdb	274	8.131e-38	2003.0
d1wcga1.pdb	462	6.18e-104	4183.0
d2ykza_.pdb	126	1.765e-19	900.0
d1eara2.pdb	68	1.464e-13	528.0
d1l1sa_.pdb	111	1.582e-23	886.0
d1w53a_.pdb	84	1.009e-12	522.0
d1xpja_.pdb	124	1.503e-26	958.0
d2pw9a1.pdb	231	1.937e-54	2139.0
d1l2ma_.pdb	118	9.416e-24	1018.0
d1r1ua_.pdb	94	5.333e-17	634.0
d1w2za1.pdb	441	1.37e-89	4073.0
d1ogya2.pdb	670	0.0	6133.0
d1z3xa1.pdb	85	8.954e-13	579.0
d2e1za1.pdb	189	5.491e-44	1639.0
d1k68a_.pdb	140	2.741e-30	1131.0
d2jg0a_.pdb	507	2.162e-95	4417.0
d1z4ra1.pdb	162	2.907e-37	1433.0
d3vlva_.pdb	490	0.0	4311.0
d2guma1.pdb	576	0.0	5218.0
d1aqca_.pdb	130	3.267e-24	1055.0
d1rgxa_.pdb	89	1.351e-18	721.0
d1w2w.1.pdb	211	3.109e-36	1626.0
d3ljsa_.pdb	313	1.492e-67	2708.0
d2vhja_.pdb	288	7.475e-67	2614.0
d2dgxa1.pdb	73	1.49e-14	552.0
d2piaa1.pdb	103	1.471e-20	918.0
d1ei5a3.pdb	333	5.229e-76	2988.0
d2in5a1.pdb	195	7.243e-39	1756.0
d1ldja1.pdb	90	1.105e-16	599.0
d1ps9a3.pdb	179	6.134e-41	1525.0
d2pbka_.pdb	228	1.548e-52	1985.0
d1l7aa_.pdb	318	5.604e-72	2837.0
d1knwa2.pdb	247	9.605e-53	2123.0
d3heba_.pdb	142	8.402e-30	1179.0
d1umza_.pdb	267	3.045e-57	2501.0
d3n6qa_.pdb	314	4.968e-71	2732.0
d2pofa1.pdb	220	1.501e-52	1941.0
d1np6a_.pdb	158	1.341e-33	1264.0
d2f3la1.pdb	132	3.053e-28	1245.0
d1v37a_.pdb	171	7.346e-41	1505.0
d2i2qa_.pdb	122	6.653e-29	1091.0
d1fc4a_.pdb	401	9.528e-82	3489.0
d1jfib_.pdb	135	1.257e-20	811.0
d1le6a_.pdb	123	1.644e-25	1015.0
d1ryp2_.pdb	233	1.664e-53	1984.0
d3deua1.pdb	132	1.152e-22	846.0
d3ohua_.pdb	125	1.067e-27	1021.0
d1jb0c_.pdb	80	8.099e-19	681.0
d1lm8v_.pdb	150	9.182e-33	1295.0
d1nm2a1.pdb	243	2.511e-48	2035.0
d3brja1.pdb	167	1.404e-25	1144.0
d4aeaa_.pdb	67	2.507e-13	523.0
d1g1ca_.pdb	98	8.126e-25	980.0
d1pkla1.pdb	99	3.078e-22	957.0
d1v1ha1.pdb	74	1.564e-12	522.0
d1ydya1.pdb	328	4.383e-77	2949.0
d1uw0a_.pdb	117	1.879e-24	920.0
d2cpga_.pdb	43	1.148e-06	224.0
d2cs7a1.pdb	55	4.396e-11	434.0
d1p9ha_.pdb	179	4.681e-34	1477.0
d1st6a6.pdb	72	7.408e-11	431.0
d1txga2.pdb	180	6.349e-42	1557.0
d3gdla_.pdb	257	1.607e-57	2222.0
d2ot9a1.pdb	179	1.113e-41	1599.0
d1jmxb_.pdb	339	1.032e-71	3374.0
d2p02a1.pdb	110	4.904e-25	904.0
d1f0ya1.pdb	99	2.938e-19	730.0
d1fnna2.pdb	276	2.296e-58	2366.0
d1a6bb_.pdb	40	1.907e-09	290.0
d2cufa1.pdb	82	1.667e-14	589.0
d2i74a1.pdb	180	2.698e-39	1693.0
d1mtyb_.pdb	384	3.548e-55	3022.0
d2vn6b_.pdb	64	7.499e-12	477.0
d3cu9a_.pdb	314	3.041e-64	3062.0
d1ukka_.pdb	141	1.865e-31	1189.0
d2pd6a_.pdb	233	1.28e-54	2015.0
d2a9da1.pdb	123	1.347e-25	1176.0
d3blxa_.pdb	335	8.235e-75	2944.0
d2x55a_.pdb	274	2.353e-56	2575.0
d1b74a2.pdb	147	1.337e-32	1173.0
d1q0qa3.pdb	149	2.574e-34	1263.0
d1vq8e1.pdb	79	9.305e-16	633.0
d2bz2a1.pdb	79	6.559e-17	661.0
d2y71a_.pdb	138	8.731e-30	1162.0
d1ppjc1.pdb	119	4.207e-18	888.0
d1v8ca2.pdb	78	3.915e-17	675.0
d2go2a_.pdb	163	2.429e-31	1450.0
d1cf7b_.pdb	82	1.243e-15	577.0
d1hv8a2.pdb	155	1.59e-33	1236.0
d3bula2.pdb	156	1.378e-31	1174.0
d1qgra_.pdb	871	0.0	6676.0
d2ebja_.pdb	192	1.028e-45	1722.0
d1gxma_.pdb	324	3.119e-65	2858.0
d2cchb1.pdb	128	1.627e-19	939.0
d3bb6a1.pdb	109	1.746e-21	950.0
d1feca3.pdb	128	9.538e-29	1120.0
d1vh5a_.pdb	138	7.993e-29	1237.0
d2gkpa1.pdb	164	2.407e-36	1436.0
d1djqa2.pdb	156	7.756e-38	1421.0
d3ctaa2.pdb	102	5.811e-21	922.0
d1lmla_.pdb	465	0.0	4318.0
d2vsha_.pdb	223	9.352e-51	1883.0
d1wrua1.pdb	151	1.412e-34	1347.0
d2uubs1.pdb	80	2.589e-17	632.0
d2x0ia2.pdb	152	2.902e-31	1226.0
d1gjja2.pdb	43	3.534e-06	239.0
d1gwua_.pdb	306	9.117e-58	2587.0
d1wyza1.pdb	223	2.654e-52	1941.0
d1mm0a_.pdb	36	2.028e-07	279.0
d1pyo.1.pdb	159	1.96e-36	1358.0
d2j0141.pdb	49	5.519e-09	313.0
d2j0181.pdb	63	2.551e-12	472.0
d2uubj1.pdb	98	5.161e-20	837.0
d1dqga_.pdb	134	3.405e-28	1198.0
d1nn5a_.pdb	204	1.102e-43	1685.0
d1k3xa3.pdb	40	3.321e-08	330.0
d1lb3a_.pdb	167	3.35e-24	1197.0
d1wzla2.pdb	83	1.556e-16	748.0
d2fr1a2.pdb	209	1.328e-48	1803.0
d1z6ma1.pdb	172	5.775e-34	1373.0
d3qwoc_.pdb	53	2.749e-07	315.0
d1b25a1.pdb	401	3.381e-68	3424.0
d2hoqa_.pdb	237	1.775e-48	1900.0
d1wjoa_.pdb	124	7.437e-20	953.0
d2crma1.pdb	107	3.966e-20	955.0
d3k6ca_.pdb	91	2.518e-14	551.0
d1arba_.pdb	263	7.052e-58	2471.0
d1uc8a2.pdb	166	4.088e-34	1342.0
d2qvja_.pdb	421	1.82e-72	3531.0
d1r4ga_.pdb	53	7.182e-08	305.0
d1rsob_.pdb	56	3.083e-08	351.0
d1ti6b1.pdb	79	1.674e-17	723.0
d1zmia_.pdb	29	2.009e-05	239.0
d2apla1.pdb	149	5.295e-23	1058.0
d2joqa1.pdb	86	1.913e-17	680.0
d3tqla_.pdb	225	1.992e-50	1907.0
d2axya1.pdb	71	1.971e-14	545.0
d2ntpa_.pdb	342	2.237e-65	3110.0
d1gkra2.pdb	325	1.552e-74	2773.0
d3c3ma_.pdb	123	9.905e-26	937.0
d1phza1.pdb	97	2.934e-20	795.0
d1xera_.pdb	103	2.958e-24	915.0
d2a1va1.pdb	131	2.796e-27	1094.0
d3k1wa_.pdb	333	2.376e-75	3186.0
d1vega_.pdb	83	1.798e-16	625.0
d1w3ia_.pdb	293	1.126e-60	2520.0
d1ug3a1.pdb	193	3.046e-27	1432.0
d2gysa4.pdb	89	1.676e-17	810.0
d3meza_.pdb	111	5.967e-23	992.0
d3mkbb_.pdb	133	2.626e-19	950.0
d1i0za1.pdb	160	2.114e-34	1270.0
d1vz0a2.pdb	93	4.569e-18	663.0
d2h3la_.pdb	103	7.041e-20	893.0
d3b7ca1.pdb	121	1.249e-25	1030.0
d1fjra_.pdb	188	7.913e-44	1773.0
d1rwra_.pdb	297	5.194e-56	2601.0
d2c7na1.pdb	55	4.365e-08	293.0
d2c7pa_.pdb	327	6.997e-77	2977.0
d1u8sa2.pdb	85	3.761e-18	691.0
d2cbia1.pdb	129	1.362e-18	885.0
d3a04a_.pdb	367	1.413e-68	3076.0
d3n10a_.pdb	176	3.3e-34	1529.0
d1w4ha1.pdb	45	1.528e-09	341.0
d1whva_.pdb	100	2.894e-22	777.0
d2ed6a1.pdb	170	4.598e-37	1491.0
d1gkma_.pdb	507	6.975e-82	4181.0
d3s1wa_.pdb	223	1.621e-45	1766.0
d1zt3a_.pdb	80	1.901e-17	689.0
d2h5na1.pdb	132	6.849e-20	944.0
d1c1ka_.pdb	217	8.561e-34	1647.0
d1qhba_.pdb	595	0.0	5159.0
d1ne2a_.pdb	176	3.886e-42	1578.0
d2pifa1.pdb	252	1.196e-59	2255.0
d1plca_.pdb	99	4.018e-22	904.0
d1u04a1.pdb	301	5.894e-62	2590.0
d1jnda1.pdb	308	3.294e-68	2690.0
d1ccza2.pdb	78	1.696e-14	682.0
d1k9vf_.pdb	200	1.322e-48	1838.0
d2daya1.pdb	115	4.252e-24	939.0
d2k4xa1.pdb	55	7.225e-11	416.0
d2oafa1.pdb	143	5.351e-31	1257.0
d1hc7a2.pdb	263	4.537e-61	2370.0
d2czvc1.pdb	118	1.615e-27	987.0
d3o83a_.pdb	433	2.175e-102	3978.0
d1ipaa1.pdb	158	2.867e-33	1317.0
d2bjqa2.pdb	170	7.772e-35	1607.0
d1h2ka_.pdb	332	3.836e-78	3017.0
d2npta1.pdb	101	1.07e-22	837.0
d1moqa_.pdb	366	5.036e-73	3120.0
d1ps1a_.pdb	304	5.385e-44	2345.0
d3i4fa_.pdb	242	4.019e-54	2045.0
d2dtge1.pdb	102	3.769e-20	937.0
d3bx1c_.pdb	181	9.075e-36	1684.0
d1rypl_.pdb	212	5.538e-46	1841.0
d2otaa1.pdb	62	5.392e-09	294.0
d2ou3a1.pdb	160	1.437e-23	1144.0
d1gpja3.pdb	143	3.409e-29	1137.0
d1sgla_.pdb	206	2.106e-48	1859.0
d1mc2a_.pdb	122	4.694e-25	1019.0
d1peqa2.pdb	512	0.0	4602.0
d1t6ua_.pdb	117	3.817e-17	802.0
d2ahma1.pdb	73	6.549e-11	458.0
d2exfa1.pdb	42	8.498e-09	328.0
d2ey4c1.pdb	73	2.358e-15	660.0
d2owna2.pdb	109	1.648e-20	927.0
d1g8ea_.pdb	98	1.103e-15	647.0
d1ju2a1.pdb	351	3.484e-82	3232.0
d2k57a1.pdb	52	2.086e-09	437.0
d3oexa_.pdb	251	1.315e-56	2137.0
d2qmwa2.pdb	80	2.889e-17	634.0
d1e3ha3.pdb	137	3.451e-30	1171.0
d1nzia1.pdb	114	1.708e-23	1040.0
d1w0pa1.pdb	192	5.627e-41	1859.0
d1dofa_.pdb	385	6.124e-59	3084.0
d2ohwa1.pdb	128	2.278e-29	1054.0
d1f0xa2.pdb	265	3.026e-65	2344.0
d1sxjd1.pdb	91	8.313e-14	610.0
d1wgxa_.pdb	73	4.946e-13	508.0
d2doba_.pdb	82	4.449e-13	546.0
d2h8ea_.pdb	120	1.875e-28	1037.0
d1fxla2.pdb	85	3.484e-20	738.0
d1oi0a_.pdb	108	2.033e-26	1004.0
d1vkea_.pdb	117	3.189e-17	776.0
d2c35a1.pdb	128	3.24e-21	923.0
d2iw5b1.pdb	65	2.612e-10	468.0
d2q4xa_.pdb	215	8.182e-32	1615.0
d1kjna_.pdb	152	3.766e-31	1167.0
d3ckca_.pdb	501	5.186e-95	4384.0
d1llda1.pdb	143	6.02e-32	1218.0
d2jaka1.pdb	327	2.679e-44	2545.0
d1w0ua_.pdb	55	2.832e-10	390.0
d1y0ha_.pdb	101	1.616e-22	845.0
d3bwza_.pdb	171	2.147e-35	1585.0
d1pg4a_.pdb	633	0.0	5992.0
d2if1a_.pdb	126	1.25e-26	1020.0
d1e44b_.pdb	96	5.241e-19	831.0
d1jroa3.pdb	117	1.242e-25	952.0
d1qaza_.pdb	351	7.084e-58	2996.0
d1q1ra1.pdb	185	1.376e-43	1667.0
d2hp4a_.pdb	114	1.021e-21	1011.0
d1ds1a_.pdb	323	1.087e-75	2903.0
d1zvpa2.pdb	62	2.255e-12	450.0
d2do3a1.pdb	62	1.426e-12	515.0
d2odeb_.pdb	131	5.762e-20	956.0
d1cgme_.pdb	160	1.352e-30	1228.0
d1guia_.pdb	155	2.02e-34	1512.0
d1tcaa_.pdb	317	1.136e-73	2819.0
d1jbqa_.pdb	348	2.143e-76	3040.0
d1ji7a_.pdb	77	2.63e-15	579.0
d1k82a2.pdb	128	7.995e-27	1177.0
d1uura2.pdb	212	2.355e-49	1934.0
d1d3ya_.pdb	289	1.659e-64	2464.0
d2flha_.pdb	144	2.145e-30	1262.0
d1ex4a1.pdb	48	2.511e-09	408.0
d1hnja1.pdb	174	2.925e-42	1539.0
d1v0wa1.pdb	256	1.713e-58	2288.0
d1id0a_.pdb	146	9.737e-34	1270.0
d1yx0a1.pdb	151	3.336e-33	1265.0
d1g6sa_.pdb	427	0.0	3995.0
d2coca1.pdb	99	1.549e-19	844.0
d3bora_.pdb	194	3.116e-41	1634.0
d1uwka_.pdb	554	0.0	4998.0
d2hala_.pdb	212	9.023e-45	1963.0
d1mg7a2.pdb	187	6.313e-39	1549.0
d2otma1.pdb	152	4.444e-33	1279.0
d1f60a2.pdb	107	8.407e-22	1007.0
d1uewa_.pdb	114	3.364e-22	894.0
d2byka1.pdb	72	8.79e-12	477.0
d1ulia1.pdb	154	5.072e-33	1383.0
d2f1ra_.pdb	148	2.247e-32	1196.0
d1jhna3.pdb	142	4.84e-30	1105.0
d1kdga2.pdb	181	6.591e-38	1557.0
d2ce0a_.pdb	99	1.035e-20	804.0
d2gboa1.pdb	82	1.413e-12	398.0
d2gbwb_.pdb	170	1.772e-34	1443.0
d1c3ga2.pdb	90	4.389e-20	774.0
d1m1ca_.pdb	651	0.0	6052.0
d1mpxa2.pdb	381	1.73e-89	3405.0
d1omza_.pdb	253	8.334e-61	2283.0
d2wqka_.pdb	248	3.685e-55	2227.0
d1y0jb1.pdb	36	2.037e-07	257.0
d1y81a1.pdb	116	2.7e-25	973.0
d3bq7a_.pdb	68	2.253e-12	509.0
d3heia_.pdb	174	4.966e-38	1656.0
d1o6ya_.pdb	260	1.681e-54	2244.0
d3c8ya1.pdb	365	1.797e-79	3131.0
d2yyea2.pdb	182	5.183e-43	1547.0
d1l0qa2.pdb	301	2.161e-57	2750.0
d1wdda1.pdb	325	2.594e-73	2895.0
d1rq8a_.pdb	96	2.53e-21	767.0
d1xrda1.pdb	52	1.483e-08	313.0
d1xrha_.pdb	343	3.28e-77	3024.0
d1o5za1.pdb	137	7.263e-31	1148.0
d2as0a1.pdb	72	1.049e-14	597.0
d2doda1.pdb	69	8.896e-11	467.0
d2i5nh2.pdb	36	1.789e-06	216.0
d2i5ua1.pdb	74	4.688e-11	499.0
d2o3aa1.pdb	161	9.601e-37	1392.0
d2ozbb1.pdb	239	8.813e-34	1796.0
d1m4la_.pdb	307	1.579e-70	2737.0
d2r8oa1.pdb	195	7.995e-47	1715.0
d1jw3a_.pdb	140	2.703e-32	1228.0
d1z63a1.pdb	230	2.321e-49	1916.0
d1lj8a3.pdb	206	3.775e-32	1650.0
d2bsqe1.pdb	68	3.83e-11	404.0
d2bt6a_.pdb	104	1.35e-23	901.0
d2gyza_.pdb	97	4.108e-18	826.0
d3cx2a_.pdb	107	3.63e-24	1023.0
d3ktoa_.pdb	122	8.063e-25	949.0
d1nrea_.pdb	81	2.007e-12	562.0
d1ojha_.pdb	52	1.825e-07	242.0
d1pfva2.pdb	350	1.255e-79	3129.0
d1nuya_.pdb	328	1.363e-76	2970.0
d3cbza_.pdb	104	2.139e-20	888.0
d1elva2.pdb	66	1.065e-14	617.0
d1hp1a1.pdb	188	1.362e-49	1738.0
d1txoa_.pdb	235	1.348e-48	2004.0
d3o5ta_.pdb	295	7.755e-49	2438.0
d1y7ma1.pdb	116	1.049e-25	1078.0
d2gykb_.pdb	130	2.797e-31	1117.0
d2p3ya1.pdb	461	0.0	4256.0
d2qi9a_.pdb	324	1.07e-42	2376.0
d1g4ma1.pdb	171	3.592e-37	1597.0
d1xq4a_.pdb	123	1.226e-24	1136.0
d2vxxa_.pdb	172	6.198e-26	1258.0
d1o6za2.pdb	161	2.439e-32	1306.0
d1veha_.pdb	92	6.823e-19	699.0
d1z3ea1.pdb	114	9.783e-25	911.0
d2nxyb2.pdb	84	3.855e-16	754.0
d1b0na1.pdb	35	1.571e-05	175.0
d1b0na2.pdb	68	7.732e-10	456.0
d1dvpa1.pdb	145	1.813e-23	1126.0
d1so7a_.pdb	361	3.38e-78	3535.0
d1ahla_.pdb	49	6.356e-12	446.0
d1c7ka_.pdb	132	7.829e-32	1193.0
d1jr8a_.pdb	105	3.35e-18	816.0
d1q2la4.pdb	240	1.757e-53	2094.0
d3grsa2.pdb	125	7.405e-29	1111.0
d1pzra_.pdb	60	7.074e-09	344.0
d1qoja_.pdb	46	7.969e-06	246.0
d1rwsa_.pdb	68	2.592e-15	566.0
d1uara2.pdb	133	3.917e-32	1173.0
d2gnoa1.pdb	98	3.21e-14	669.0
d2wzma_.pdb	274	1.971e-56	2278.0
d2eava_.pdb	164	2.07e-39	1478.0
d1a1xa_.pdb	106	1.434e-20	956.0
d1kxoa_.pdb	165	1.554e-33	1504.0
d2akla2.pdb	38	7.994e-08	296.0
d2cu7a1.pdb	65	9.082e-11	417.0
d2fd6u3.pdb	87	9.015e-18	802.0
d3akea_.pdb	206	1.334e-44	1716.0
d1p80a1.pdb	156	2.906e-36	1340.0
d2qypb_.pdb	81	2.776e-12	536.0
d3b7sa3.pdb	252	8.658e-49	2136.0
d1kkea1.pdb	63	1.167e-11	465.0
d1mbma_.pdb	198	1.272e-39	1806.0
d2fgea4.pdb	257	8.917e-58	2301.0
d1jd5a_.pdb	105	4.655e-23	875.0
d1d2oa1.pdb	90	5.209e-18	777.0
d1k9aa1.pdb	71	1.18e-13	611.0
d1s2oa1.pdb	244	5.71e-57	2153.0
d1ig8a1.pdb	207	6.574e-46	1734.0
d2heka1.pdb	369	2.16e-62	2987.0
d1to2i_.pdb	63	2.648e-13	507.0
d1v9u5_.pdb	39	3.076e-09	285.0
d1va6a_.pdb	507	1.112e-98	4394.0
d1t6sa1.pdb	85	2.448e-16	612.0
d1xy7a_.pdb	120	4.146e-28	1003.0
d2v33a_.pdb	91	5.259e-18	830.0
d1fu3a_.pdb	27	2.247e-05	213.0
d1fuia1.pdb	236	8.293e-56	2172.0
d2au7a_.pdb	175	8.258e-39	1583.0
d3mmcb2.pdb	119	1.514e-24	986.0
d1mv8a3.pdb	136	4.539e-30	1103.0
d1zrua2.pdb	21	0.6387	65.0
d2a7ya1.pdb	80	1.576e-16	680.0
d2edua1.pdb	91	1.805e-16	689.0
d2jnaa1.pdb	96	7.992e-19	722.0
d1ku9a_.pdb	151	3.137e-25	987.0
d1w2ya_.pdb	226	5.834e-34	1769.0
d3sgha_.pdb	484	3.473e-82	4163.0
d2fcta1.pdb	304	6.234e-76	2841.0
d1hska1.pdb	194	4.421e-45	1721.0
d1w1oa2.pdb	206	3.431e-51	1847.0
d2id3a2.pdb	123	7.949e-19	858.0
d2vqca1.pdb	70	5.756e-14	516.0
d3ku3a_.pdb	324	6.664e-72	3024.0
d1z1va1.pdb	70	6.838e-12	533.0
d1f0ya2.pdb	192	1.584e-41	1622.0
d2hyja1.pdb	75	1.622e-12	504.0
d2uubl1.pdb	118	5.266e-24	1005.0
d1cpta_.pdb	412	2.945e-74	3549.0
d2fnba_.pdb	95	1.524e-17	840.0
d3kvta_.pdb	103	3.206e-24	872.0
d3u81a_.pdb	218	1.216e-54	1871.0
d2fh1a1.pdb	121	2.358e-29	1103.0
d1b24a1.pdb	93	3.649e-19	724.0
d1pv9a1.pdb	116	3.866e-26	980.0
d1ay2a_.pdb	158	4.183e-33	1268.0
d1h9db_.pdb	125	2.739e-26	1082.0
d1ukca_.pdb	517	0.0	4805.0
d1tvga_.pdb	136	5.003e-28	1229.0
d2hiya1.pdb	179	1.134e-34	1425.0
d1nkva_.pdb	245	1.964e-54	2158.0
d2vdja_.pdb	268	2.355e-63	2390.0
d1urra_.pdb	97	8.316e-26	866.0
d2dvta1.pdb	325	1.267e-71	2864.0
d2cxya_.pdb	114	7.842e-21	821.0
d2hx1a_.pdb	284	9.847e-63	2430.0
d1vlba1.pdb	113	2.882e-18	902.0
d1xk4a1.pdb	87	2.117e-16	623.0
d2absa1.pdb	340	5.13e-78	3066.0
d2f2ca1.pdb	137	2.035e-24	1023.0
d3heib_.pdb	132	1.358e-32	1216.0
d1m2da_.pdb	101	1.792e-23	868.0
d1r69a_.pdb	63	1.102e-09	449.0
d1sgoa_.pdb	139	1.748e-24	1000.0
d1wila_.pdb	89	5.322e-22	653.0
d1zo0a1.pdb	126	1.968e-25	1074.0
d3etja2.pdb	78	2.217e-17	625.0
d1axib2.pdb	106	8.319e-20	910.0
d1odza_.pdb	379	3.452e-88	3399.0
d1peaa_.pdb	368	4.434e-85	3308.0
d1oh1a_.pdb	109	6.373e-23	936.0
d1zkea1.pdb	79	4.121e-12	480.0
d2doaa1.pdb	91	8.09e-18	695.0
d2huga1.pdb	55	2.776e-12	462.0
d2hyec2.pdb	347	4.86e-48	2616.0
d2qtva5.pdb	75	2.411e-16	608.0
d2z1ea1.pdb	113	1.702e-26	996.0
d1fexa_.pdb	59	1.551e-13	425.0
d1ffya2.pdb	194	4.046e-46	1754.0
d1nmra_.pdb	85	6.943e-13	564.0
d1q45a_.pdb	365	1.942e-88	3294.0
d1r6bx3.pdb	298	6.524e-64	2530.0
d1juha_.pdb	334	9.638e-74	3225.0
d2isba_.pdb	184	6.046e-44	1621.0
d1in4a2.pdb	223	7.234e-47	1837.0
d1pk3a1.pdb	63	2.436e-11	458.0
d1qx2a_.pdb	76	2.064e-14	562.0
d1sfna_.pdb	245	1.832e-49	2364.0
d3c3ka_.pdb	267	9.617e-60	2263.0
d3ci0k3.pdb	106	3.213e-19	819.0
d1hw1a2.pdb	152	6.721e-22	1103.0
d1uuya_.pdb	161	3.275e-35	1370.0
d3snfa_.pdb	104	7.863e-23	915.0
d1gjwa1.pdb	64	7.858e-11	542.0
d1nwaa_.pdb	168	1.436e-39	1545.0
d3kt9a_.pdb	102	5.28e-21	963.0
d1dv1a1.pdb	116	9.144e-25	1007.0
d1p0ya1.pdb	176	2.636e-30	1334.0
d1xnfa_.pdb	259	8.921e-34	1872.0
d1bvp11.pdb	215	4.605e-35	1700.0
d1oz2a2.pdb	108	2.985e-23	950.0
d1yn8a_.pdb	59	6.27e-11	488.0
d2bkfa1.pdb	85	1.577e-18	713.0
d2ok5a3.pdb	61	5.455e-13	573.0
d3e0ia_.pdb	263	2.405e-58	2288.0
d1jcua_.pdb	208	4.571e-48	1821.0
d1vlpa2.pdb	266	2.077e-56	2262.0
d1qs1a2.pdb	197	1.525e-46	1689.0
d2nrha2.pdb	117	2.778e-26	947.0
d3plza_.pdb	231	6.85e-35	1724.0
d1tocr1.pdb	57	2.611e-12	455.0
d1v7pc_.pdb	193	8.877e-44	1674.0
d1h54a1.pdb	485	9.344e-95	4247.0
d1e4ft1.pdb	193	1.618e-42	1684.0
d2dofa1.pdb	72	8.033e-11	457.0
d1s6na_.pdb	115	1.856e-23	1013.0
d2ae2a_.pdb	259	5.671e-55	2267.0
d1we6a_.pdb	111	2.885e-23	894.0
d2eyqa2.pdb	117	3.783e-26	974.0
d2uubc2.pdb	101	2.436e-24	893.0
d1fcda2.pdb	141	1.082e-33	1217.0
d1qgia_.pdb	259	2.879e-45	2149.0
d2k5ga1.pdb	183	6.315e-40	1624.0
d1mswd_.pdb	863	0.0	7366.0
d2wkxa2.pdb	175	1.319e-39	1515.0
d1sc6a2.pdb	132	4.995e-31	1131.0
d2o7ta1.pdb	78	4.984e-12	508.0
d3dlqi_.pdb	131	5.35e-19	932.0
d1hrua_.pdb	186	1.634e-42	1634.0
d1taza_.pdb	322	5.933e-44	2456.0
d3jxpa_.pdb	304	1.178e-72	2840.0
d1x4ka1.pdb	32	1.063e-05	235.0
d1x6oa1.pdb	64	1.668e-12	575.0
d2h12a_.pdb	418	1.841e-63	3376.0
d1qcsa2.pdb	109	1.874e-24	956.0
d2fsua1.pdb	170	4.118e-40	1515.0
d1d4va1.pdb	46	1.074e-10	400.0
d1dlja3.pdb	108	3.839e-21	790.0
d1ogqa_.pdb	313	5.801e-57	2887.0
d2cb5a_.pdb	453	9.7e-97	3970.0
d1wh9a_.pdb	92	2.986e-19	701.0
d2dpka1.pdb	121	1.282e-25	1161.0
d1bgxt2.pdb	173	6.491e-39	1403.0
d1n7oa2.pdb	76	2.76e-14	657.0
d1wbha1.pdb	213	2.27e-45	1843.0
d2hy1a1.pdb	227	3.441e-53	2078.0
d1npea_.pdb	263	4.93e-58	2585.0
d2oq1a1.pdb	130	2.623e-29	1083.0
d1eova2.pdb	353	3.251e-74	3078.0
d3nsza_.pdb	327	9.744e-68	2910.0
d2bwfa_.pdb	77	1.415e-18	702.0
d2gqfa1.pdb	253	1.12e-59	2291.0
d1oaha_.pdb	475	4.504e-91	4094.0
d2ns9a1.pdb	147	6.522e-32	1299.0
d1i1rb_.pdb	167	2.089e-25	1259.0
d2r7da2.pdb	401	9.47e-85	3471.0
d2dtge3.pdb	125	9.961e-24	1107.0
d1ciya1.pdb	148	2.696e-31	1429.0
d1nbja_.pdb	30	1.662e-06	239.0
d1nbwb_.pdb	113	5.111e-27	1005.0
d1vfia1.pdb	92	1.574e-14	660.0
d1xc5a1.pdb	68	2.593e-12	496.0
d1zs3a1.pdb	171	3.936e-24	1183.0
d3epwa_.pdb	326	1.339e-73	2932.0
d2nrqa1.pdb	137	5.941e-30	1161.0
d1q46a1.pdb	87	2.067e-14	600.0
d1rh1a1.pdb	291	4.696e-61	2629.0
d3thia_.pdb	362	1.599e-80	3235.0
d2cq3a1.pdb	93	5.489e-20	755.0
d2uubb1.pdb	234	1.865e-48	1943.0
d1ykha1.pdb	95	2.251e-13	510.0
d2cqva1.pdb	101	6.584e-21	928.0
d3juia_.pdb	174	8.364e-25	1237.0
d1orja_.pdb	126	5.786e-18	802.0
d1vg0a2.pdb	106	1.934e-21	946.0
d2b9ha_.pdb	337	5.381e-67	2924.0
d1lrva_.pdb	233	2.084e-33	1750.0
d1wina_.pdb	143	1.875e-30	1132.0
d2ooda2.pdb	325	2.196e-75	2891.0
d1zi8a_.pdb	233	5.606e-53	2020.0
d1nqja_.pdb	96	2.131e-20	905.0
d1wisa1.pdb	111	4.095e-22	1000.0
d2jdih2.pdb	44	4.572e-09	339.0
d2je6i2.pdb	59	4.613e-13	499.0
d2pr9a1.pdb	254	1.216e-54	2440.0
d1zvfa1.pdb	175	8.735e-37	1593.0
d3obba1.pdb	134	5.615e-21	957.0
d1h2ca_.pdb	124	1.651e-24	1098.0
d1t9ba1.pdb	171	1.566e-39	1487.0
d3bu3a_.pdb	297	3.251e-63	2563.0
d1ug6a_.pdb	426	1.06e-93	3869.0
d2arra_.pdb	358	7.859e-83	3229.0
d1p5vb_.pdb	136	7.345e-27	1237.0
d2a0aa1.pdb	131	1.145e-23	1091.0
d3d0ga_.pdb	597	1.861e-93	4988.0
d3cnla_.pdb	233	4.252e-50	1928.0
d1yt8a4.pdb	130	2.157e-28	1045.0
d3boda_.pdb	178	1.474e-39	1699.0
d1ozza_.pdb	44	1.091e-09	378.0
d1pn0a2.pdb	201	4.64e-49	1799.0
d2coba1.pdb	63	6.781e-11	429.0
d2ftsa1.pdb	83	1.012e-16	744.0
d2vglm1.pdb	141	1.815e-32	1195.0
d1h12a_.pdb	404	7.285e-75	3535.0
d2vnud3.pdb	103	9.29e-21	884.0
d1yb5a2.pdb	174	2.53e-37	1379.0
d1etxa_.pdb	74	1.456e-11	448.0
d1fsua_.pdb	474	0.0	4396.0
d3moza_.pdb	314	1.028e-72	2779.0
d2rfga_.pdb	289	2.389e-57	2399.0
d3kqia_.pdb	71	3.988e-16	598.0
d3s6ma_.pdb	163	8.65e-38	1501.0
d1ojqa_.pdb	212	1.187e-48	1767.0
d1xnga1.pdb	255	4.75e-50	2045.0
d1f6fa_.pdb	183	6.987e-27	1323.0
d2pi0b_.pdb	112	2.37e-26	931.0
d3hh8a_.pdb	280	1.924e-60	2371.0
d2ba0a3.pdb	84	2.14e-16	657.0
d2o39c1.pdb	62	4.857e-12	511.0
d2xhfa_.pdb	156	5.154e-38	1391.0
d1g5ba_.pdb	219	2.572e-49	1954.0
d1xg4a_.pdb	287	1.179e-57	2416.0
d1rhsa1.pdb	149	6.887e-34	1254.0
d2d8da1.pdb	80	4.36e-12	449.0
d2gb3a1.pdb	389	1.983e-79	3326.0
d2ax3a1.pdb	278	1.511e-56	2393.0
d1wd2a_.pdb	60	6.373e-16	492.0
d1wdcb_.pdb	142	3.176e-25	975.0
d1zq1c3.pdb	321	8.367e-71	2911.0
d1pqwa_.pdb	183	1.564e-37	1502.0
d2v9tb_.pdb	210	1.932e-40	1805.0
d1gpra_.pdb	158	1.946e-31	1413.0
d1qu9a_.pdb	127	6.276e-29	1075.0
d2fbna1.pdb	153	1.018e-20	1031.0
d1atia2.pdb	326	9.952e-74	2926.0
d2j5wa3.pdb	200	3.027e-43	1817.0
d1k8kd1.pdb	120	6.758e-25	954.0
d1vnsa_.pdb	574	0.0	5091.0
d1n62c2.pdb	177	2.753e-42	1553.0
d1x3za_.pdb	320	1.187e-65	2685.0
d1elwa_.pdb	117	1.014e-16	821.0
d1ixca1.pdb	84	1.398e-13	511.0
d1lvla1.pdb	220	1.969e-48	1919.0
d2jgba_.pdb	187	4.166e-40	1640.0
d1no1a_.pdb	67	2.338e-11	437.0
d1sfea1.pdb	84	3.017e-15	648.0
d1twfj_.pdb	65	6.795e-12	476.0
d1v5ib1.pdb	72	1.968e-15	586.0
d1z70x_.pdb	276	1.307e-66	2568.0
d2vgla_.pdb	600	1.091e-69	4544.0
d3nira_.pdb	48	1.728e-09	354.0
d3s52a_.pdb	218	1.031e-48	2036.0
d1tj1a2.pdb	349	4.006e-72	2946.0
d1x2ga1.pdb	91	8.258e-19	727.0
d2fug11.pdb	105	2.639e-19	854.0
d1zd0a1.pdb	136	3.499e-26	1074.0
d3abfa_.pdb	64	3.262e-13	484.0
d1chda_.pdb	198	8.371e-45	1810.0
d2b1xa1.pdb	162	2.76e-36	1431.0
d2qqma3.pdb	104	4.007e-22	981.0
d1bwvs_.pdb	138	9.506e-29	1159.0
d1qgva_.pdb	130	1.037e-31	1164.0
d1wpxb1.pdb	204	4.042e-46	1920.0
d3c0na2.pdb	367	1.645e-79	3411.0
d1zuua1.pdb	56	2.363e-10	436.0
d1h4ra1.pdb	111	9.006e-18	852.0
d1qi9a_.pdb	555	0.0	4913.0
d1g4ia_.pdb	123	9.236e-25	1015.0
d1m3ka1.pdb	268	1.261e-59	2240.0
d2gmha2.pdb	99	3.508e-22	896.0
d3cg4a_.pdb	126	6.194e-26	972.0
d1piia2.pdb	254	7.673e-54	2101.0
d1aoha_.pdb	143	3.378e-30	1350.0
d1q3qa2.pdb	153	2.014e-35	1321.0
d2cpya1.pdb	103	3.826e-23	844.0
d3g46a_.pdb	146	1.364e-20	1010.0
d1ls1a1.pdb	88	1.34e-13	579.0
d1r57a_.pdb	102	4.06e-22	806.0
d1whua_.pdb	104	1.068e-16	706.0
d2b67a1.pdb	201	1.347e-40	1660.0
d1ja1a2.pdb	177	2.684e-41	1512.0
d2c4ja1.pdb	133	4.296e-21	994.0
d2xova_.pdb	181	1.958e-31	1427.0
d1eexg_.pdb	137	1.842e-25	1040.0
d1jqga1.pdb	317	1.697e-74	2848.0
